id,weight:float,answer:direction,timeStamp:DateTime,position:vector2,headDirection:vector3,DistanceToWalls:floatList,Score:float,myPartsNodes:vector2List,otherSnakePartsNode:vector2List,levelScore:float,fruitPos:vector2,inTrackToCollide:bool
0,1,left,05/09/2025 18:57:06,0/0,1/0/0,0 0 29 18,10,3/9 2/9 1/9,25/9 26/9 27/9,0,6/9,False
1,1,left,05/09/2025 18:57:06,4/9,1/0/0,4 9 25 9,10,4/9 3/9 2/9,24/9 25/9 26/9,0,6/9,False
2,1,left,05/09/2025 18:57:06,5/9,1/0/0,5 9 24 9,10,5/9 4/9 3/9,23/9 24/9 25/9,0,6/9,False
3,1,left,05/09/2025 18:57:06,6/9,1/0/0,6 9 23 9,10,6/9 5/9,22/9 23/9 24/9,100,1/6,False
4,1,left,05/09/2025 18:57:07,7/9,1/0/0,7 9 22 9,10,7/9 6/9 5/9 4/9,21/9 22/9 23/9,100,1/6,False
5,1,up,05/09/2025 18:57:07,8/9,1/0/0,8 9 21 9,10,8/9 7/9 6/9 5/9,20/9 21/9 22/9,100,1/6,False
6,1,up,05/09/2025 18:57:07,8/8,0/0/1,8 8 21 10,10,8/8 8/9 7/9 6/9,19/9 20/9 21/9,100,1/6,False
7,1,left,05/09/2025 18:57:07,8/7,0/0/1,8 7 21 11,10,8/7 8/8 8/9 7/9,18/9 19/9 20/9,100,1/6,False
8,1,left,05/09/2025 18:57:07,7/7,-1/0/0,7 7 22 11,10,7/7 8/7 8/8 8/9,17/9 18/9 19/9,100,1/6,False
9,1,left,05/09/2025 18:57:08,6/7,-1/0/0,6 7 23 11,10,6/7 7/7 8/7 8/8,16/9 17/9 18/9,100,1/6,False
10,1,left,05/09/2025 18:57:08,5/7,-1/0/0,5 7 24 11,10,5/7 6/7 7/7 8/7,15/9 16/9 17/9,100,1/6,False
11,1,left,05/09/2025 18:57:08,4/7,-1/0/0,4 7 25 11,10,4/7 5/7 6/7 7/7,14/9 15/9 16/9,100,1/6,False
12,1,left,05/09/2025 18:57:08,3/7,-1/0/0,3 7 26 11,10,3/7 4/7 5/7 6/7,13/9 14/9 15/9,100,1/6,False
13,1,up,05/09/2025 18:57:08,2/7,-1/0/0,2 7 27 11,10,2/7 3/7 4/7 5/7,12/9 13/9 14/9,100,1/6,False
14,1,up,05/09/2025 18:57:09,2/6,0/0/1,2 6 27 12,10,2/6 2/7 3/7 4/7,11/9 12/9 13/9,100,1/6,False
15,1,up,05/09/2025 18:57:09,2/5,0/0/1,2 5 27 13,10,2/5 2/6 2/7 3/7,10/9 11/9 12/9,100,1/6,False
16,1,left,05/09/2025 18:57:09,2/4,0/0/1,2 4 27 14,10,2/4 2/5 2/6 2/7,9/9 10/9 11/9,100,1/6,False
17,1,down,05/09/2025 18:57:09,1/4,-1/0/0,1 4 28 14,10,1/4 2/4 2/5 2/6,8/9 9/9 10/9,100,1/6,True
18,1,down,05/09/2025 18:57:09,1/5,0/0/-1,1 5 28 13,10,1/5 1/4 2/4 2/5,7/9 8/9 9/9,100,1/6,False
19,1,down,05/09/2025 18:57:10,1/6,0/0/-1,1 6 28 12,10,1/6 1/5 1/4,6/9 7/9 8/9,200,8/11,False
20,1,down,05/09/2025 18:57:10,1/7,0/0/-1,1 7 28 11,10,1/7 1/6 1/5 1/4 2/4,5/9 6/9 7/9,200,8/11,False
21,1,down,05/09/2025 18:57:10,1/8,0/0/-1,1 8 28 10,10,1/8 1/7 1/6 1/5 1/4,5/10 5/9 6/9,200,8/11,False
22,1,down,05/09/2025 18:57:10,1/9,0/0/-1,1 9 28 9,10,1/9 1/8 1/7 1/6 1/5,5/11 5/10 5/9,200,8/11,False
23,1,down,05/09/2025 18:57:10,1/10,0/0/-1,1 10 28 8,10,1/10 1/9 1/8 1/7 1/6,5/12 5/11 5/10,200,8/11,False
24,1,down,05/09/2025 18:57:11,1/11,0/0/-1,1 11 28 7,10,1/11 1/10 1/9 1/8 1/7,5/13 5/12 5/11,200,8/11,False
25,1,down,05/09/2025 18:57:11,1/12,0/0/-1,1 12 28 6,10,1/12 1/11 1/10 1/9 1/8,5/14 5/13 5/12,200,8/11,False
26,1,down,05/09/2025 18:57:11,1/13,0/0/-1,1 13 28 5,10,1/13 1/12 1/11 1/10 1/9,5/15 5/14 5/13,200,8/11,False
27,1,down,05/09/2025 18:57:11,1/14,0/0/-1,1 14 28 4,10,1/14 1/13 1/12 1/11 1/10,6/15 5/15 5/14,200,8/11,False
28,1,down,05/09/2025 18:57:11,1/15,0/0/-1,1 15 28 3,10,1/15 1/14 1/13 1/12 1/11,7/15 6/15 5/15,200,8/11,False
29,1,down,05/09/2025 18:57:12,1/16,0/0/-1,1 16 28 2,10,1/16 1/15 1/14 1/13 1/12,8/15 7/15 6/15,200,8/11,False
30,1,right,05/09/2025 18:57:12,1/17,0/0/-1,1 17 28 1,10,1/17 1/16 1/15 1/14 1/13,9/15 8/15 7/15,200,8/11,True
31,1,right,05/09/2025 18:57:12,2/17,1/0/0,2 17 27 1,10,2/17 1/17 1/16 1/15 1/14,10/15 9/15 8/15,200,8/11,False
32,1,right,05/09/2025 18:57:12,3/17,1/0/0,3 17 26 1,10,3/17 2/17 1/17 1/16 1/15,11/15 10/15 9/15,200,8/11,False
33,1,right,05/09/2025 18:57:12,4/17,1/0/0,4 17 25 1,10,4/17 3/17 2/17 1/17 1/16,12/15 11/15 10/15,200,8/11,False
34,1,right,05/09/2025 18:57:13,5/17,1/0/0,5 17 24 1,10,5/17 4/17 3/17 2/17 1/17,13/15 12/15 11/15,200,8/11,False
35,1,right,05/09/2025 18:57:13,6/17,1/0/0,6 17 23 1,10,6/17 5/17 4/17 3/17 2/17,14/15 13/15 12/15,200,8/11,False
36,1,right,05/09/2025 18:57:13,7/17,1/0/0,7 17 22 1,10,7/17 6/17 5/17 4/17 3/17,15/15 14/15 13/15,200,8/11,False
37,1,right,05/09/2025 18:57:13,8/17,1/0/0,8 17 21 1,10,8/17 7/17 6/17 5/17 4/17,16/15 15/15 14/15,200,8/11,False
38,1,up,05/09/2025 18:57:13,9/17,1/0/0,9 17 20 1,10,9/17 8/17 7/17 6/17 5/17,17/15 16/15 15/15,200,8/11,False
39,1,up,05/09/2025 18:57:14,9/16,0/0/1,9 16 20 2,10,9/16 9/17 8/17 7/17 6/17,18/15 17/15 16/15,200,8/11,False
40,1,up,05/09/2025 18:57:14,9/15,0/0/1,9 15 20 3,10,9/15 9/16 9/17 8/17 7/17,19/15 18/15 17/15,200,8/11,False
41,1,up,05/09/2025 18:57:14,9/14,0/0/1,9 14 20 4,10,9/14 9/15 9/16 9/17 8/17,20/15 19/15 18/15,200,8/11,False
42,1,up,05/09/2025 18:57:14,9/13,0/0/1,9 13 20 5,10,9/13 9/14 9/15 9/16 9/17,21/15 20/15 19/15,200,8/11,False
43,1,up,05/09/2025 18:57:14,9/12,0/0/1,9 12 20 6,10,9/12 9/13 9/14 9/15 9/16,22/15 21/15 20/15,200,8/11,False
44,1,left,05/09/2025 18:57:15,9/11,0/0/1,9 11 20 7,10,9/11 9/12 9/13 9/14 9/15,23/15 22/15 21/15,200,8/11,False
45,1,left,05/09/2025 18:57:15,8/11,-1/0/0,8 11 21 7,10,8/11 9/11 9/12 9/13,24/15 23/15 22/15,300,20/10,False
46,1,left,05/09/2025 18:57:15,7/11,-1/0/0,7 11 22 7,10,7/11 8/11 9/11 9/12 9/13 9/14,25/15 24/15 23/15,300,20/10,False
47,1,left,05/09/2025 18:57:15,6/11,-1/0/0,6 11 23 7,10,6/11 7/11 8/11 9/11 9/12 9/13,26/15 25/15 24/15,300,20/10,False
48,1,left,05/09/2025 18:57:15,5/11,-1/0/0,5 11 24 7,10,5/11 6/11 7/11 8/11 9/11 9/12,27/15 26/15 25/15,300,20/10,False
49,1,left,05/09/2025 18:57:16,4/11,-1/0/0,4 11 25 7,10,4/11 5/11 6/11 7/11 8/11 9/11,28/15 27/15 26/15,300,20/10,False
50,1,left,05/09/2025 18:59:06,0/0,1/0/0,0 0 29 18,10,3/9 2/9 1/9,25/9 26/9 27/9,0,6/11,False
51,1,left,05/09/2025 18:59:06,4/9,1/0/0,4 9 25 9,10,4/9 3/9 2/9,24/9 25/9 26/9,0,6/11,False
52,1,left,05/09/2025 18:59:07,5/9,1/0/0,5 9 24 9,10,5/9 4/9 3/9,23/9 24/9 25/9,0,6/11,False
53,1,down,05/09/2025 18:59:07,6/9,1/0/0,6 9 23 9,10,6/9 5/9 4/9,22/9 23/9 24/9,0,6/11,False
54,1,down,05/09/2025 18:59:07,6/10,0/0/-1,6 10 23 8,10,6/10 6/9 5/9,21/9 22/9 23/9,0,6/11,False
55,1,down,05/09/2025 18:59:07,6/11,0/0/-1,6 11 23 7,10,6/11 6/10,20/9 21/9 22/9,100,5/11,False
56,1,down,05/09/2025 18:59:07,6/12,0/0/-1,6 12 23 6,10,6/12 6/11 6/10 6/9,19/9 20/9 21/9,100,5/11,False
57,1,down,05/09/2025 18:59:08,6/13,0/0/-1,6 13 23 5,10,6/13 6/12 6/11 6/10,18/9 19/9 20/9,100,5/11,False
58,1,left,05/09/2025 18:59:08,6/14,0/0/-1,6 14 23 4,10,6/14 6/13 6/12 6/11,17/9 18/9 19/9,100,5/11,False
59,1,left,05/09/2025 18:59:08,5/14,-1/0/0,5 14 24 4,10,5/14 6/14 6/13 6/12,16/9 17/9 18/9,100,5/11,False
60,1,up,05/09/2025 18:59:08,4/14,-1/0/0,4 14 25 4,10,4/14 5/14 6/14 6/13,15/9 16/9 17/9,100,5/11,False
61,1,up,05/09/2025 18:59:09,4/13,0/0/1,4 13 25 5,10,4/13 4/14 5/14 6/14,14/9 15/9 16/9,100,5/11,False
62,1,up,05/09/2025 18:59:09,4/12,0/0/1,4 12 25 6,10,4/12 4/13 4/14 5/14,13/9 14/9 15/9,100,5/11,False
63,1,right,05/09/2025 18:59:09,4/11,0/0/1,4 11 25 7,10,4/11 4/12 4/13 4/14,12/9 13/9 14/9,100,5/11,False
64,1,right,05/09/2025 18:59:09,5/11,1/0/0,5 11 24 7,10,5/11 4/11 4/12,11/9 12/9 13/9,200,23/4,False
65,1,right,05/09/2025 18:59:09,6/11,1/0/0,6 11 23 7,10,6/11 5/11 4/11 4/12 4/13,10/9 11/9 12/9,200,23/4,False
66,1,right,05/09/2025 18:59:10,7/11,1/0/0,7 11 22 7,10,7/11 6/11 5/11 4/11 4/12,10/8 10/9 11/9,200,23/4,False
67,1,right,05/09/2025 18:59:10,8/11,1/0/0,8 11 21 7,10,8/11 7/11 6/11 5/11 4/11,10/7 10/8 10/9,200,23/4,False
68,1,right,05/09/2025 18:59:10,9/11,1/0/0,9 11 20 7,10,9/11 8/11 7/11 6/11 5/11,10/6 10/7 10/8,200,23/4,False
69,1,right,05/09/2025 18:59:10,10/11,1/0/0,10 11 19 7,10,10/11 9/11 8/11 7/11 6/11,10/5 10/6 10/7,200,23/4,False
70,1,right,05/09/2025 18:59:10,11/11,1/0/0,11 11 18 7,10,11/11 10/11 9/11 8/11 7/11,10/4 10/5 10/6,200,23/4,False
71,1,right,05/09/2025 18:59:11,12/11,1/0/0,12 11 17 7,10,12/11 11/11 10/11 9/11 8/11,11/4 10/4 10/5,200,23/4,False
72,1,right,05/09/2025 18:59:11,13/11,1/0/0,13 11 16 7,10,13/11 12/11 11/11 10/11 9/11,12/4 11/4 10/4,200,23/4,False
73,1,right,05/09/2025 18:59:11,14/11,1/0/0,14 11 15 7,10,14/11 13/11 12/11 11/11 10/11,13/4 12/4 11/4,200,23/4,False
74,1,right,05/09/2025 18:59:11,15/11,1/0/0,15 11 14 7,10,15/11 14/11 13/11 12/11 11/11,14/4 13/4 12/4,200,23/4,False
75,1,right,05/09/2025 18:59:11,16/11,1/0/0,16 11 13 7,10,16/11 15/11 14/11 13/11 12/11,15/4 14/4 13/4,200,23/4,False
76,1,right,05/09/2025 18:59:12,17/11,1/0/0,17 11 12 7,10,17/11 16/11 15/11 14/11 13/11,16/4 15/4 14/4,200,23/4,False
77,1,right,05/09/2025 18:59:12,18/11,1/0/0,18 11 11 7,10,18/11 17/11 16/11 15/11 14/11,17/4 16/4 15/4,200,23/4,False
78,1,right,05/09/2025 18:59:12,19/11,1/0/0,19 11 10 7,10,19/11 18/11 17/11 16/11 15/11,18/4 17/4 16/4,200,23/4,False
79,1,right,05/09/2025 18:59:12,20/11,1/0/0,20 11 9 7,10,20/11 19/11 18/11 17/11 16/11,19/4 18/4 17/4,200,23/4,False
80,1,right,05/09/2025 18:59:12,21/11,1/0/0,21 11 8 7,10,21/11 20/11 19/11 18/11 17/11,20/4 19/4 18/4,200,23/4,False
81,1,right,05/09/2025 18:59:13,22/11,1/0/0,22 11 7 7,10,22/11 21/11 20/11 19/11 18/11,21/4 20/4 19/4,200,23/4,False
82,1,right,05/09/2025 18:59:13,23/11,1/0/0,23 11 6 7,10,23/11 22/11 21/11 20/11 19/11,22/4 21/4 20/4,200,23/4,False
83,1,right,05/09/2025 18:59:13,24/11,1/0/0,24 11 5 7,10,24/11 23/11 22/11 21/11 20/11,23/4 22/4,200,23/4,False
84,1,up,05/09/2025 18:59:13,25/11,1/0/0,25 11 4 7,10,25/11 24/11 23/11 22/11 21/11,24/4 23/4 22/4 21/4,200,11/14,False
85,1,left,05/09/2025 18:59:13,25/10,0/0/1,25 10 4 8,10,25/10 25/11 24/11 23/11 22/11,25/4 24/4 23/4 22/4,200,11/14,False
86,1,left,05/09/2025 18:59:14,24/10,-1/0/0,24 10 5 8,10,24/10 25/10 25/11 24/11 23/11,26/4 25/4 24/4 23/4,200,11/14,False
87,1,left,05/09/2025 18:59:14,23/10,-1/0/0,23 10 6 8,10,23/10 24/10 25/10 25/11 24/11,27/4 26/4 25/4 24/4,200,11/14,False
88,1,left,05/09/2025 18:59:14,22/10,-1/0/0,22 10 7 8,10,22/10 23/10 24/10 25/10 25/11,27/5 27/4 26/4 25/4,200,11/14,False
89,1,left,05/09/2025 18:59:14,21/10,-1/0/0,21 10 8 8,10,21/10 22/10 23/10 24/10 25/10,27/6 27/5 27/4 26/4,200,11/14,False
90,1,left,05/09/2025 18:59:14,20/10,-1/0/0,20 10 9 8,10,20/10 21/10 22/10 23/10 24/10,27/7 27/6 27/5 27/4,200,11/14,False
91,1,left,05/09/2025 18:59:15,19/10,-1/0/0,19 10 10 8,10,19/10 20/10 21/10 22/10 23/10,27/8 27/7 27/6 27/5,200,11/14,False
92,1,left,05/09/2025 18:59:15,18/10,-1/0/0,18 10 11 8,10,18/10 19/10 20/10 21/10 22/10,27/9 27/8 27/7 27/6,200,11/14,False
93,1,left,05/09/2025 18:59:15,17/10,-1/0/0,17 10 12 8,10,17/10 18/10 19/10 20/10 21/10,27/10 27/9 27/8 27/7,200,11/14,False
94,1,left,05/09/2025 18:59:15,16/10,-1/0/0,16 10 13 8,10,16/10 17/10 18/10 19/10 20/10,27/11 27/10 27/9 27/8,200,11/14,False
95,1,left,05/09/2025 18:59:15,15/10,-1/0/0,15 10 14 8,10,15/10 16/10 17/10 18/10 19/10,27/12 27/11 27/10 27/9,200,11/14,False
96,1,left,05/09/2025 18:59:16,14/10,-1/0/0,14 10 15 8,10,14/10 15/10 16/10 17/10 18/10,27/13 27/12 27/11 27/10,200,11/14,False
97,1,left,05/09/2025 18:59:16,13/10,-1/0/0,13 10 16 8,10,13/10 14/10 15/10 16/10 17/10,27/14 27/13 27/12 27/11,200,11/14,False
98,1,left,05/09/2025 18:59:16,12/10,-1/0/0,12 10 17 8,10,12/10 13/10 14/10 15/10 16/10,26/14 27/14 27/13 27/12,200,11/14,False
99,1,left,05/09/2025 18:59:16,11/10,-1/0/0,11 10 18 8,10,11/10 12/10 13/10 14/10 15/10,25/14 26/14 27/14 27/13,200,11/14,False
100,1,left,05/09/2025 18:59:16,10/10,-1/0/0,10 10 19 8,10,10/10 11/10 12/10 13/10 14/10,24/14 25/14 26/14 27/14,200,11/14,False
101,1,left,05/09/2025 18:59:17,9/10,-1/0/0,9 10 20 8,10,9/10 10/10 11/10 12/10 13/10,23/14 24/14 25/14 26/14,200,11/14,False
102,1,left,05/09/2025 18:59:17,8/10,-1/0/0,8 10 21 8,10,8/10 9/10 10/10 11/10 12/10,22/14 23/14 24/14 25/14,200,11/14,False
103,1,left,05/09/2025 18:59:17,7/10,-1/0/0,7 10 22 8,10,7/10 8/10 9/10 10/10 11/10,21/14 22/14 23/14 24/14,200,11/14,False
104,1,up,05/09/2025 18:59:17,6/10,-1/0/0,6 10 23 8,10,6/10 7/10 8/10 9/10 10/10,20/14 21/14 22/14 23/14,200,11/14,False
105,1,up,05/09/2025 18:59:17,6/9,0/0/1,6 9 23 9,10,6/9 6/10 7/10 8/10 9/10,19/14 20/14 21/14 22/14,200,11/14,False
106,1,right,05/09/2025 18:59:18,6/8,0/0/1,6 8 23 10,10,6/8 6/9 6/10 7/10 8/10,18/14 19/14 20/14 21/14,200,11/14,False
107,1,right,05/09/2025 18:59:18,7/8,1/0/0,7 8 22 10,10,7/8 6/8 6/9 6/10 7/10,17/14 18/14 19/14 20/14,200,11/14,False
108,1,right,05/09/2025 18:59:18,8/8,1/0/0,8 8 21 10,10,8/8 7/8 6/8 6/9 6/10,16/14 17/14 18/14 19/14,200,11/14,False
109,1,right,05/09/2025 18:59:18,9/8,1/0/0,9 8 20 10,10,9/8 8/8 7/8 6/8 6/9,15/14 16/14 17/14 18/14,200,11/14,False
110,1,right,05/09/2025 18:59:18,10/8,1/0/0,10 8 19 10,10,10/8 9/8 8/8 7/8 6/8,14/14 15/14 16/14 17/14,200,11/14,False
111,1,right,05/09/2025 18:59:19,11/8,1/0/0,11 8 18 10,10,11/8 10/8 9/8 8/8 7/8,13/14 14/14 15/14 16/14,200,11/14,False
112,1,right,05/09/2025 18:59:19,12/8,1/0/0,12 8 17 10,10,12/8 11/8 10/8 9/8 8/8,12/14 13/14 14/14 15/14,200,11/14,False
113,1,right,05/09/2025 18:59:19,13/8,1/0/0,13 8 16 10,10,13/8 12/8 11/8 10/8 9/8,11/14 12/14 13/14,200,11/14,False
114,1,right,05/09/2025 18:59:19,14/8,1/0/0,14 8 15 10,10,14/8 13/8 12/8 11/8 10/8,10/14 11/14 12/14 13/14 14/14,200,6/4,False
115,1,right,05/09/2025 18:59:19,15/8,1/0/0,15 8 14 10,10,15/8 14/8 13/8 12/8 11/8,9/14 10/14 11/14 12/14 13/14,200,6/4,False
116,1,right,05/09/2025 18:59:20,16/8,1/0/0,16 8 13 10,10,16/8 15/8 14/8 13/8 12/8,8/14 9/14 10/14 11/14 12/14,200,6/4,False
117,1,right,05/09/2025 18:59:20,17/8,1/0/0,17 8 12 10,10,17/8 16/8 15/8 14/8 13/8,7/14 8/14 9/14 10/14 11/14,200,6/4,False
118,1,right,05/09/2025 18:59:20,18/8,1/0/0,18 8 11 10,10,18/8 17/8 16/8 15/8 14/8,6/14 7/14 8/14 9/14 10/14,200,6/4,False
119,1,right,05/09/2025 18:59:20,19/8,1/0/0,19 8 10 10,10,19/8 18/8 17/8 16/8 15/8,6/13 6/14 7/14 8/14 9/14,200,6/4,False
120,1,right,05/09/2025 18:59:20,20/8,1/0/0,20 8 9 10,10,20/8 19/8 18/8 17/8 16/8,6/12 6/13 6/14 7/14 8/14,200,6/4,False
121,1,right,05/09/2025 18:59:21,21/8,1/0/0,21 8 8 10,10,21/8 20/8 19/8 18/8 17/8,6/11 6/12 6/13 6/14 7/14,200,6/4,False
122,1,right,05/09/2025 18:59:21,22/8,1/0/0,22 8 7 10,10,22/8 21/8 20/8 19/8 18/8,6/10 6/11 6/12 6/13 6/14,200,6/4,False
123,1,right,05/09/2025 18:59:21,23/8,1/0/0,23 8 6 10,10,23/8 22/8 21/8 20/8 19/8,6/9 6/10 6/11 6/12 6/13,200,6/4,False
124,1,right,05/09/2025 18:59:21,24/8,1/0/0,24 8 5 10,10,24/8 23/8 22/8 21/8 20/8,6/8 6/9 6/10 6/11 6/12,200,6/4,False
125,1,up,05/09/2025 18:59:21,25/8,1/0/0,25 8 4 10,10,25/8 24/8 23/8 22/8 21/8,6/7 6/8 6/9 6/10 6/11,200,6/4,False
126,1,up,05/09/2025 18:59:22,25/7,0/0/1,25 7 4 11,10,25/7 25/8 24/8 23/8 22/8,6/6 6/7 6/8 6/9 6/10,200,6/4,False
127,1,left,05/09/2025 18:59:22,25/6,0/0/1,25 6 4 12,10,25/6 25/7 25/8 24/8 23/8,6/5 6/6 6/7 6/8 6/9,200,6/4,False
128,1,left,05/09/2025 18:59:22,24/6,-1/0/0,24 6 5 12,10,24/6 25/6 25/7 25/8 24/8,6/4 6/5 6/6 6/7,200,6/4,False
129,1,left,05/09/2025 18:59:22,23/6,-1/0/0,23 6 6 12,10,23/6 24/6 25/6 25/7 25/8,6/3 6/4 6/5 6/6 6/7 6/8,200,20/2,False
130,1,left,05/09/2025 18:59:22,22/6,-1/0/0,22 6 7 12,10,22/6 23/6 24/6 25/6 25/7,6/2 6/3 6/4 6/5 6/6 6/7,200,20/2,False
131,1,left,05/09/2025 18:59:23,21/6,-1/0/0,21 6 8 12,10,21/6 22/6 23/6 24/6 25/6,7/2 6/2 6/3 6/4 6/5 6/6,200,20/2,False
132,1,left,05/09/2025 18:59:23,20/6,-1/0/0,20 6 9 12,10,20/6 21/6 22/6 23/6 24/6,8/2 7/2 6/2 6/3 6/4 6/5,200,20/2,False
133,1,left,05/09/2025 18:59:23,19/6,-1/0/0,19 6 10 12,10,19/6 20/6 21/6 22/6 23/6,9/2 8/2 7/2 6/2 6/3 6/4,200,20/2,False
134,1,left,05/09/2025 18:59:23,18/6,-1/0/0,18 6 11 12,10,18/6 19/6 20/6 21/6 22/6,10/2 9/2 8/2 7/2 6/2 6/3,200,20/2,False
135,1,left,05/09/2025 18:59:23,17/6,-1/0/0,17 6 12 12,10,17/6 18/6 19/6 20/6 21/6,11/2 10/2 9/2 8/2 7/2 6/2,200,20/2,False
136,1,left,05/09/2025 18:59:24,16/6,-1/0/0,16 6 13 12,10,16/6 17/6 18/6 19/6 20/6,12/2 11/2 10/2 9/2 8/2 7/2,200,20/2,False
137,1,left,05/09/2025 18:59:24,15/6,-1/0/0,15 6 14 12,10,15/6 16/6 17/6 18/6 19/6,13/2 12/2 11/2 10/2 9/2 8/2,200,20/2,False
138,1,left,05/09/2025 18:59:24,14/6,-1/0/0,14 6 15 12,10,14/6 15/6 16/6 17/6 18/6,14/2 13/2 12/2 11/2 10/2 9/2,200,20/2,False
139,1,left,05/09/2025 18:59:24,13/6,-1/0/0,13 6 16 12,10,13/6 14/6 15/6 16/6 17/6,15/2 14/2 13/2 12/2 11/2 10/2,200,20/2,False
140,1,left,05/09/2025 18:59:24,12/6,-1/0/0,12 6 17 12,10,12/6 13/6 14/6 15/6 16/6,16/2 15/2 14/2 13/2 12/2 11/2,200,20/2,False
141,1,left,05/09/2025 18:59:25,11/6,-1/0/0,11 6 18 12,10,11/6 12/6 13/6 14/6 15/6,17/2 16/2 15/2 14/2 13/2 12/2,200,20/2,False
142,1,left,05/09/2025 18:59:25,10/6,-1/0/0,10 6 19 12,10,10/6 11/6 12/6 13/6 14/6,18/2 17/2 16/2 15/2 14/2 13/2,200,20/2,False
143,1,left,05/09/2025 18:59:25,9/6,-1/0/0,9 6 20 12,10,9/6 10/6 11/6 12/6 13/6,19/2 18/2 17/2 16/2 15/2 14/2,200,20/2,False
144,1,left,05/09/2025 18:59:25,8/6,-1/0/0,8 6 21 12,10,8/6 9/6 10/6 11/6 12/6,20/2 19/2 18/2 17/2 16/2,200,20/2,False
145,1,left,05/09/2025 18:59:25,7/6,-1/0/0,7 6 22 12,10,7/6 8/6 9/6 10/6 11/6,21/2 20/2 19/2 18/2 17/2 16/2 15/2,200,12/2,False
146,1,down,05/09/2025 18:59:26,6/6,-1/0/0,6 6 23 12,10,6/6 7/6 8/6 9/6 10/6,22/2 21/2 20/2 19/2 18/2 17/2 16/2,200,12/2,False
147,1,down,05/09/2025 18:59:26,6/7,0/0/-1,6 7 23 11,10,6/7 6/6 7/6 8/6 9/6,23/2 22/2 21/2 20/2 19/2 18/2 17/2,200,12/2,False
148,1,down,05/09/2025 18:59:26,6/8,0/0/-1,6 8 23 10,10,6/8 6/7 6/6 7/6 8/6,23/3 23/2 22/2 21/2 20/2 19/2 18/2,200,12/2,False
149,1,down,05/09/2025 18:59:26,6/9,0/0/-1,6 9 23 9,10,6/9 6/8 6/7 6/6 7/6,23/4 23/3 23/2 22/2 21/2 20/2 19/2,200,12/2,False
150,1,down,05/09/2025 18:59:26,6/10,0/0/-1,6 10 23 8,10,6/10 6/9 6/8 6/7 6/6,22/4 23/4 23/3 23/2 22/2 21/2 20/2,200,12/2,False
151,1,down,05/09/2025 18:59:27,6/11,0/0/-1,6 11 23 7,10,6/11 6/10 6/9 6/8 6/7,21/4 22/4 23/4 23/3 23/2 22/2 21/2,200,12/2,False
152,1,right,05/09/2025 18:59:27,6/12,0/0/-1,6 12 23 6,10,6/12 6/11 6/10 6/9 6/8,20/4 21/4 22/4 23/4 23/3 23/2 22/2,200,12/2,False
153,1,right,05/09/2025 18:59:27,7/12,1/0/0,7 12 22 6,10,7/12 6/12 6/11 6/10 6/9,19/4 20/4 21/4 22/4 23/4 23/3 23/2,200,12/2,False
154,1,right,05/09/2025 18:59:27,8/12,1/0/0,8 12 21 6,10,8/12 7/12 6/12 6/11 6/10,18/4 19/4 20/4 21/4 22/4 23/4 23/3,200,12/2,False
155,1,right,05/09/2025 18:59:27,9/12,1/0/0,9 12 20 6,10,9/12 8/12 7/12 6/12 6/11,17/4 18/4 19/4 20/4 21/4 22/4 23/4,200,12/2,False
156,1,right,05/09/2025 18:59:28,10/12,1/0/0,10 12 19 6,10,10/12 9/12 8/12 7/12 6/12,16/4 17/4 18/4 19/4 20/4 21/4 22/4,200,12/2,False
157,1,right,05/09/2025 18:59:28,11/12,1/0/0,11 12 18 6,10,11/12 10/12 9/12 8/12 7/12,16/3 16/4 17/4 18/4 19/4 20/4 21/4,200,12/2,False
158,1,right,05/09/2025 18:59:28,12/12,1/0/0,12 12 17 6,10,12/12 11/12 10/12 9/12 8/12,16/2 16/3 16/4 17/4 18/4 19/4 20/4,200,12/2,False
159,1,right,05/09/2025 18:59:28,13/12,1/0/0,13 12 16 6,10,13/12 12/12 11/12 10/12 9/12,15/2 16/2 16/3 16/4 17/4 18/4 19/4,200,12/2,False
160,1,right,05/09/2025 18:59:28,14/12,1/0/0,14 12 15 6,10,14/12 13/12 12/12 11/12 10/12,14/2 15/2 16/2 16/3 16/4 17/4 18/4,200,12/2,False
161,1,right,05/09/2025 18:59:29,15/12,1/0/0,15 12 14 6,10,15/12 14/12 13/12 12/12 11/12,13/2 14/2 15/2 16/2 16/3 16/4 17/4,200,12/2,False
162,1,right,05/09/2025 18:59:29,16/12,1/0/0,16 12 13 6,10,16/12 15/12 14/12 13/12 12/12,12/2 13/2 14/2 15/2 16/2 16/3,200,12/2,False
163,1,right,05/09/2025 18:59:29,17/12,1/0/0,17 12 12 6,10,17/12 16/12 15/12 14/12 13/12,11/2 12/2 13/2 14/2 15/2 16/2 16/3 16/4,200,7/6,False
164,1,right,05/09/2025 18:59:29,18/12,1/0/0,18 12 11 6,10,18/12 17/12 16/12 15/12 14/12,10/2 11/2 12/2 13/2 14/2 15/2 16/2 16/3,200,7/6,False
165,1,right,05/09/2025 18:59:29,19/12,1/0/0,19 12 10 6,10,19/12 18/12 17/12 16/12 15/12,9/2 10/2 11/2 12/2 13/2 14/2 15/2 16/2,200,7/6,False
166,1,right,05/09/2025 18:59:30,20/12,1/0/0,20 12 9 6,10,20/12 19/12 18/12 17/12 16/12,8/2 9/2 10/2 11/2 12/2 13/2 14/2 15/2,200,7/6,False
167,1,right,05/09/2025 18:59:30,21/12,1/0/0,21 12 8 6,10,21/12 20/12 19/12 18/12 17/12,7/2 8/2 9/2 10/2 11/2 12/2 13/2 14/2,200,7/6,False
168,1,up,05/09/2025 18:59:30,22/12,1/0/0,22 12 7 6,10,22/12 21/12 20/12 19/12 18/12,6/2 7/2 8/2 9/2 10/2 11/2 12/2 13/2,200,7/6,False
169,1,up,05/09/2025 18:59:30,22/11,0/0/1,22 11 7 7,10,22/11 22/12 21/12 20/12 19/12,6/3 6/2 7/2 8/2 9/2 10/2 11/2 12/2,200,7/6,False
170,1,up,05/09/2025 18:59:30,22/10,0/0/1,22 10 7 8,10,22/10 22/11 22/12 21/12 20/12,6/4 6/3 6/2 7/2 8/2 9/2 10/2 11/2,200,7/6,False
171,1,up,05/09/2025 18:59:31,22/9,0/0/1,22 9 7 9,10,22/9 22/10 22/11 22/12 21/12,6/5 6/4 6/3 6/2 7/2 8/2 9/2 10/2,200,7/6,False
172,1,up,05/09/2025 18:59:31,22/8,0/0/1,22 8 7 10,10,22/8 22/9 22/10 22/11 22/12,6/6 6/5 6/4 6/3 6/2 7/2 8/2 9/2,200,7/6,False
173,1,up,05/09/2025 18:59:31,22/7,0/0/1,22 7 7 11,10,22/7 22/8 22/9 22/10 22/11,7/6 6/6 6/5 6/4 6/3 6/2 7/2,200,7/6,False
174,1,up,05/09/2025 18:59:31,22/6,0/0/1,22 6 7 12,10,22/6 22/7 22/8 22/9 22/10,8/6 7/6 6/6 6/5 6/4 6/3 6/2 7/2 8/2,200,22/3,False
175,1,up,05/09/2025 18:59:31,22/5,0/0/1,22 5 7 13,10,22/5 22/6 22/7 22/8 22/9,9/6 8/6 7/6 6/6 6/5 6/4 6/3 6/2 7/2,200,22/3,False
176,1,up,05/09/2025 18:59:32,22/4,0/0/1,22 4 7 14,10,22/4 22/5 22/6 22/7 22/8,10/6 9/6 8/6 7/6 6/6 6/5 6/4 6/3 6/2,200,22/3,False
177,1,left,05/09/2025 18:59:32,22/3,0/0/1,22 3 7 15,10,22/3 22/4 22/5 22/6,11/6 10/6 9/6 8/6 7/6 6/6 6/5 6/4 6/3,300,7/9,False
178,1,left,05/09/2025 18:59:32,21/3,-1/0/0,21 3 8 15,10,21/3 22/3 22/4 22/5 22/6 22/7,12/6 11/6 10/6 9/6 8/6 7/6 6/6 6/5 6/4,300,7/9,False
179,1,left,05/09/2025 18:59:32,20/3,-1/0/0,20 3 9 15,10,20/3 21/3 22/3 22/4 22/5 22/6,13/6 12/6 11/6 10/6 9/6 8/6 7/6 6/6 6/5,300,7/9,False
180,1,left,05/09/2025 18:59:32,19/3,-1/0/0,19 3 10 15,10,19/3 20/3 21/3 22/3 22/4 22/5,14/6 13/6 12/6 11/6 10/6 9/6 8/6 7/6 6/6,300,7/9,False
181,1,left,05/09/2025 18:59:33,18/3,-1/0/0,18 3 11 15,10,18/3 19/3 20/3 21/3 22/3 22/4,15/6 14/6 13/6 12/6 11/6 10/6 9/6 8/6 7/6,300,7/9,False
182,1,left,05/09/2025 18:59:33,17/3,-1/0/0,17 3 12 15,10,17/3 18/3 19/3 20/3 21/3 22/3,16/6 15/6 14/6 13/6 12/6 11/6 10/6 9/6 8/6,300,7/9,False
183,1,left,05/09/2025 18:59:33,16/3,-1/0/0,16 3 13 15,10,16/3 17/3 18/3 19/3 20/3 21/3,17/6 16/6 15/6 14/6 13/6 12/6 11/6 10/6 9/6,300,7/9,False
184,1,left,05/09/2025 18:59:33,15/3,-1/0/0,15 3 14 15,10,15/3 16/3 17/3 18/3 19/3 20/3,18/6 17/6 16/6 15/6 14/6 13/6 12/6 11/6 10/6,300,7/9,False
185,1,left,05/09/2025 18:59:33,14/3,-1/0/0,14 3 15 15,10,14/3 15/3 16/3 17/3 18/3 19/3,19/6 18/6 17/6 16/6 15/6 14/6 13/6 12/6 11/6,300,7/9,False
186,1,left,05/09/2025 18:59:34,13/3,-1/0/0,13 3 16 15,10,13/3 14/3 15/3 16/3 17/3 18/3,20/6 19/6 18/6 17/6 16/6 15/6 14/6 13/6 12/6,300,7/9,False
187,1,left,05/09/2025 18:59:34,12/3,-1/0/0,12 3 17 15,10,12/3 13/3 14/3 15/3 16/3 17/3,21/6 20/6 19/6 18/6 17/6 16/6 15/6 14/6 13/6,300,7/9,False
188,1,left,05/09/2025 18:59:34,11/3,-1/0/0,11 3 18 15,10,11/3 12/3 13/3 14/3 15/3 16/3,22/6 21/6 20/6 19/6 18/6 17/6 16/6 15/6 14/6,300,7/9,False
189,1,left,05/09/2025 18:59:34,10/3,-1/0/0,10 3 19 15,10,10/3 11/3 12/3 13/3 14/3 15/3,22/5 22/6 21/6 20/6 19/6 18/6 17/6 16/6 15/6,300,7/9,False
190,1,left,05/09/2025 18:59:34,9/3,-1/0/0,9 3 20 15,10,9/3 10/3 11/3 12/3 13/3 14/3,22/4 22/5 22/6 21/6 20/6 19/6 18/6 17/6 16/6,300,7/9,False
191,1,left,05/09/2025 18:59:35,8/3,-1/0/0,8 3 21 15,10,8/3 9/3 10/3 11/3 12/3 13/3,22/3 22/4 22/5 22/6 21/6 20/6 19/6 18/6 17/6,300,7/9,False
192,1,left,05/09/2025 18:59:35,7/3,-1/0/0,7 3 22 15,10,7/3 8/3 9/3 10/3 11/3 12/3,21/3 22/3 22/4 22/5 22/6 21/6 20/6 19/6 18/6,300,7/9,False
193,1,down,05/09/2025 18:59:35,6/3,-1/0/0,6 3 23 15,10,6/3 7/3 8/3 9/3 10/3 11/3,20/3 21/3 22/3 22/4 22/5 22/6 21/6 20/6 19/6,300,7/9,False
194,1,down,05/09/2025 18:59:35,6/4,0/0/-1,6 4 23 14,10,6/4 6/3 7/3 8/3 9/3 10/3,19/3 20/3 21/3 22/3 22/4 22/5 22/6 21/6 20/6,300,7/9,False
195,1,down,05/09/2025 18:59:35,6/5,0/0/-1,6 5 23 13,10,6/5 6/4 6/3 7/3 8/3 9/3,18/3 19/3 20/3 21/3 22/3 22/4 22/5 22/6 21/6,300,7/9,False
196,1,down,05/09/2025 18:59:36,6/6,0/0/-1,6 6 23 12,10,6/6 6/5 6/4 6/3 7/3 8/3,17/3 18/3 19/3 20/3 21/3 22/3 22/4 22/5 22/6,300,7/9,False
197,1,down,05/09/2025 18:59:36,6/7,0/0/-1,6 7 23 11,10,6/7 6/6 6/5 6/4 6/3 7/3,16/3 17/3 18/3 19/3 20/3 21/3 22/3 22/4 22/5,300,7/9,False
198,1,down,05/09/2025 18:59:36,6/8,0/0/-1,6 8 23 10,10,6/8 6/7 6/6 6/5 6/4 6/3,15/3 16/3 17/3 18/3 19/3 20/3 21/3 22/3 22/4,300,7/9,False
199,1,right,05/09/2025 18:59:36,6/9,0/0/-1,6 9 23 9,10,6/9 6/8 6/7 6/6 6/5 6/4,14/3 15/3 16/3 17/3 18/3 19/3 20/3 21/3 22/3,300,7/9,False
200,1,right,05/09/2025 18:59:36,7/9,1/0/0,7 9 22 9,10,7/9 6/9 6/8 6/7 6/6,13/3 14/3 15/3 16/3 17/3 18/3 19/3 20/3 21/3,400,1/3,False
201,1,right,05/09/2025 18:59:37,8/9,1/0/0,8 9 21 9,10,8/9 7/9 6/9 6/8 6/7 6/6 6/5,12/3 13/3 14/3 15/3 16/3 17/3 18/3 19/3 20/3,400,1/3,False
202,1,up,05/09/2025 18:59:37,9/9,1/0/0,9 9 20 9,10,9/9 8/9 7/9 6/9 6/8 6/7 6/6,11/3 12/3 13/3 14/3 15/3 16/3 17/3 18/3 19/3,400,1/3,False
203,1,up,05/09/2025 18:59:37,9/8,0/0/1,9 8 20 10,10,9/8 9/9 8/9 7/9 6/9 6/8 6/7,10/3 11/3 12/3 13/3 14/3 15/3 16/3 17/3 18/3,400,1/3,False
204,1,up,05/09/2025 18:59:37,9/7,0/0/1,9 7 20 11,10,9/7 9/8 9/9 8/9 7/9 6/9 6/8,9/3 10/3 11/3 12/3 13/3 14/3 15/3 16/3 17/3,400,1/3,False
205,1,up,05/09/2025 18:59:37,9/6,0/0/1,9 6 20 12,10,9/6 9/7 9/8 9/9 8/9 7/9 6/9,9/2 9/3 10/3 11/3 12/3 13/3 14/3 15/3 16/3,400,1/3,False
206,1,up,05/09/2025 18:59:38,9/5,0/0/1,9 5 20 13,10,9/5 9/6 9/7 9/8 9/9 8/9 7/9,10/2 9/2 9/3 10/3 11/3 12/3 13/3 14/3 15/3,400,1/3,False
207,1,left,05/09/2025 18:59:38,9/4,0/0/1,9 4 20 14,10,9/4 9/5 9/6 9/7 9/8 9/9 8/9,11/2 10/2 9/2 9/3 10/3 11/3 12/3 13/3 14/3,400,1/3,True
208,1,left,05/09/2025 18:59:38,8/4,-1/0/0,8 4 21 14,10,8/4 9/4 9/5 9/6 9/7 9/8 9/9,12/2 11/2 10/2 9/2 9/3 10/3 11/3 12/3 13/3,400,1/3,False
209,1,left,05/09/2025 18:59:38,7/4,-1/0/0,7 4 22 14,10,7/4 8/4 9/4 9/5 9/6 9/7 9/8,13/2 12/2 11/2 10/2 9/2 9/3 10/3 11/3 12/3,400,1/3,False
210,1,left,05/09/2025 18:59:38,6/4,-1/0/0,6 4 23 14,10,6/4 7/4 8/4 9/4 9/5 9/6 9/7,14/2 13/2 12/2 11/2 10/2 9/2 9/3 10/3 11/3,400,1/3,False
211,1,left,05/09/2025 18:59:39,5/4,-1/0/0,5 4 24 14,10,5/4 6/4 7/4 8/4 9/4 9/5 9/6,15/2 14/2 13/2 12/2 11/2 10/2 9/2 9/3 10/3,400,1/3,False
212,1,left,05/09/2025 18:59:39,4/4,-1/0/0,4 4 25 14,10,4/4 5/4 6/4 7/4 8/4 9/4 9/5,16/2 15/2 14/2 13/2 12/2 11/2 10/2 9/2 9/3,400,1/3,False
213,1,left,05/09/2025 18:59:39,3/4,-1/0/0,3 4 26 14,10,3/4 4/4 5/4 6/4 7/4 8/4 9/4,17/2 16/2 15/2 14/2 13/2 12/2 11/2 10/2 9/2,400,1/3,False
214,1,left,05/09/2025 18:59:39,2/4,-1/0/0,2 4 27 14,10,2/4 3/4 4/4 5/4 6/4 7/4 8/4,18/2 17/2 16/2 15/2 14/2 13/2 12/2 11/2 10/2,400,1/3,False
215,1,up,05/09/2025 18:59:39,1/4,-1/0/0,1 4 28 14,10,1/4 2/4 3/4 4/4 5/4 6/4 7/4,19/2 18/2 17/2 16/2 15/2 14/2 13/2 12/2 11/2,400,1/3,True
216,1,up,05/09/2025 18:59:40,1/3,0/0/1,1 3 28 15,10,1/3 1/4 2/4 3/4 4/4 5/4,20/2 19/2 18/2 17/2 16/2 15/2 14/2 13/2 12/2,500,24/4,False
217,1,right,05/09/2025 18:59:40,1/2,0/0/1,1 2 28 16,10,1/2 1/3 1/4 2/4 3/4 4/4 5/4 6/4,21/2 20/2 19/2 18/2 17/2 16/2 15/2 14/2 13/2,500,24/4,False
218,1,right,05/09/2025 18:59:40,2/2,1/0/0,2 2 27 16,10,2/2 1/2 1/3 1/4 2/4 3/4 4/4 5/4,22/2 21/2 20/2 19/2 18/2 17/2 16/2 15/2 14/2,500,24/4,False
219,1,right,05/09/2025 18:59:40,3/2,1/0/0,3 2 26 16,10,3/2 2/2 1/2 1/3 1/4 2/4 3/4 4/4,23/2 22/2 21/2 20/2 19/2 18/2 17/2 16/2 15/2,500,24/4,False
220,1,right,05/09/2025 18:59:40,4/2,1/0/0,4 2 25 16,10,4/2 3/2 2/2 1/2 1/3 1/4 2/4 3/4,24/2 23/2 22/2 21/2 20/2 19/2 18/2 17/2 16/2,500,24/4,False
221,1,right,05/09/2025 18:59:41,5/2,1/0/0,5 2 24 16,10,5/2 4/2 3/2 2/2 1/2 1/3 1/4 2/4,25/2 24/2 23/2 22/2 21/2 20/2 19/2 18/2 17/2,500,24/4,False
222,1,right,05/09/2025 18:59:41,6/2,1/0/0,6 2 23 16,10,6/2 5/2 4/2 3/2 2/2 1/2 1/3 1/4,26/2 25/2 24/2 23/2 22/2 21/2 20/2 19/2 18/2,500,24/4,False
223,1,right,05/09/2025 18:59:41,7/2,1/0/0,7 2 22 16,10,7/2 6/2 5/2 4/2 3/2 2/2 1/2 1/3,26/3 26/2 25/2 24/2 23/2 22/2 21/2 20/2 19/2,500,24/4,False
224,1,right,05/09/2025 18:59:41,8/2,1/0/0,8 2 21 16,10,8/2 7/2 6/2 5/2 4/2 3/2 2/2 1/2,26/4 26/3 26/2 25/2 24/2 23/2 22/2 21/2 20/2,500,24/4,False
225,1,right,05/09/2025 18:59:41,9/2,1/0/0,9 2 20 16,10,9/2 8/2 7/2 6/2 5/2 4/2 3/2 2/2,26/5 26/4 26/3 26/2 25/2 24/2 23/2 22/2 21/2,500,24/4,False
226,1,right,05/09/2025 18:59:42,10/2,1/0/0,10 2 19 16,10,10/2 9/2 8/2 7/2 6/2 5/2 4/2 3/2,26/6 26/5 26/4 26/3 26/2 25/2 24/2 23/2 22/2,500,24/4,False
227,1,right,05/09/2025 18:59:42,11/2,1/0/0,11 2 18 16,10,11/2 10/2 9/2 8/2 7/2 6/2 5/2 4/2,26/7 26/6 26/5 26/4 26/3 26/2 25/2 24/2 23/2,500,24/4,False
228,1,right,05/09/2025 18:59:42,12/2,1/0/0,12 2 17 16,10,12/2 11/2 10/2 9/2 8/2 7/2 6/2 5/2,26/8 26/7 26/6 26/5 26/4 26/3 26/2 25/2 24/2,500,24/4,False
229,1,right,05/09/2025 18:59:42,13/2,1/0/0,13 2 16 16,10,13/2 12/2 11/2 10/2 9/2 8/2 7/2 6/2,26/9 26/8 26/7 26/6 26/5 26/4 26/3 26/2 25/2,500,24/4,False
230,1,right,05/09/2025 18:59:42,14/2,1/0/0,14 2 15 16,10,14/2 13/2 12/2 11/2 10/2 9/2 8/2 7/2,26/10 26/9 26/8 26/7 26/6 26/5 26/4 26/3 26/2,500,24/4,False
231,1,right,05/09/2025 18:59:43,15/2,1/0/0,15 2 14 16,10,15/2 14/2 13/2 12/2 11/2 10/2 9/2 8/2,26/11 26/10 26/9 26/8 26/7 26/6 26/5 26/4 26/3,500,24/4,False
232,1,right,05/09/2025 18:59:43,16/2,1/0/0,16 2 13 16,10,16/2 15/2 14/2 13/2 12/2 11/2 10/2 9/2,26/12 26/11 26/10 26/9 26/8 26/7 26/6 26/5 26/4,500,24/4,False
233,1,right,05/09/2025 18:59:43,17/2,1/0/0,17 2 12 16,10,17/2 16/2 15/2 14/2 13/2 12/2 11/2 10/2,26/13 26/12 26/11 26/10 26/9 26/8 26/7 26/6 26/5,500,24/4,False
234,1,right,05/09/2025 18:59:43,18/2,1/0/0,18 2 11 16,10,18/2 17/2 16/2 15/2 14/2 13/2 12/2 11/2,25/13 26/13 26/12 26/11 26/10 26/9 26/8 26/7 26/6,500,24/4,False
235,1,right,05/09/2025 18:59:43,19/2,1/0/0,19 2 10 16,10,19/2 18/2 17/2 16/2 15/2 14/2 13/2 12/2,24/13 25/13 26/13 26/12 26/11 26/10 26/9 26/8 26/7,500,24/4,False
236,1,right,05/09/2025 18:59:44,20/2,1/0/0,20 2 9 16,10,20/2 19/2 18/2 17/2 16/2 15/2 14/2 13/2,23/13 24/13 25/13 26/13 26/12 26/11 26/10 26/9 26/8,500,24/4,False
237,1,right,05/09/2025 18:59:44,21/2,1/0/0,21 2 8 16,10,21/2 20/2 19/2 18/2 17/2 16/2 15/2 14/2,22/13 23/13 24/13 25/13 26/13 26/12 26/11 26/10 26/9,500,24/4,False
238,1,right,05/09/2025 18:59:44,22/2,1/0/0,22 2 7 16,10,22/2 21/2 20/2 19/2 18/2 17/2 16/2 15/2,21/13 22/13 23/13 24/13 25/13 26/13 26/12 26/11 26/10,500,24/4,False
239,1,right,05/09/2025 18:59:44,23/2,1/0/0,23 2 6 16,10,23/2 22/2 21/2 20/2 19/2 18/2 17/2 16/2,20/13 21/13 22/13 23/13 24/13 25/13 26/13 26/12 26/11,500,24/4,False
240,1,down,05/09/2025 18:59:44,24/2,1/0/0,24 2 5 16,10,24/2 23/2 22/2 21/2 20/2 19/2 18/2 17/2,19/13 20/13 21/13 22/13 23/13 24/13 25/13 26/13 26/12,500,24/4,False
241,1,down,05/09/2025 18:59:45,24/3,0/0/-1,24 3 5 15,10,24/3 24/2 23/2 22/2 21/2 20/2 19/2 18/2,18/13 19/13 20/13 21/13 22/13 23/13 24/13 25/13 26/13,500,24/4,False
242,1,down,05/09/2025 18:59:45,24/4,0/0/-1,24 4 5 14,10,24/4 24/3 24/2 23/2 22/2 21/2 20/2,17/13 18/13 19/13 20/13 21/13 22/13 23/13 24/13 25/13,600,28/6,False
243,1,down,05/09/2025 18:59:45,24/5,0/0/-1,24 5 5 13,10,24/5 24/4 24/3 24/2 23/2 22/2 21/2 20/2 19/2,16/13 17/13 18/13 19/13 20/13 21/13 22/13 23/13 24/13,600,28/6,False
244,1,right,05/09/2025 18:59:45,24/6,0/0/-1,24 6 5 12,10,24/6 24/5 24/4 24/3 24/2 23/2 22/2 21/2 20/2,15/13 16/13 17/13 18/13 19/13 20/13 21/13 22/13 23/13,600,28/6,False
245,1,right,05/09/2025 18:59:45,25/6,1/0/0,25 6 4 12,10,25/6 24/6 24/5 24/4 24/3 24/2 23/2 22/2 21/2,14/13 15/13 16/13 17/13 18/13 19/13 20/13 21/13 22/13,600,28/6,False
246,1,right,05/09/2025 18:59:46,26/6,1/0/0,26 6 3 12,10,26/6 25/6 24/6 24/5 24/4 24/3 24/2 23/2 22/2,13/13 14/13 15/13 16/13 17/13 18/13 19/13 20/13 21/13,600,28/6,False
247,1,right,05/09/2025 18:59:46,27/6,1/0/0,27 6 2 12,10,27/6 26/6 25/6 24/6 24/5 24/4 24/3 24/2 23/2,12/13 13/13 14/13 15/13 16/13 17/13 18/13 19/13 20/13,600,28/6,False
248,1,up,05/09/2025 18:59:46,28/6,1/0/0,28 6 1 12,10,28/6 27/6 26/6 25/6 24/6 24/5 24/4 24/3,11/13 12/13 13/13 14/13 15/13 16/13 17/13 18/13 19/13,700,21/8,True
249,1,up,05/09/2025 18:59:46,28/5,0/0/1,28 5 1 13,10,28/5 28/6 27/6 26/6 25/6 24/6 24/5 24/4 24/3 24/2,10/13 11/13 12/13 13/13 14/13 15/13 16/13 17/13 18/13,700,21/8,False
250,1,up,05/09/2025 18:59:46,28/4,0/0/1,28 4 1 14,10,28/4 28/5 28/6 27/6 26/6 25/6 24/6 24/5 24/4 24/3,9/13 10/13 11/13 12/13 13/13 14/13 15/13 16/13 17/13,700,21/8,False
251,1,left,05/09/2025 18:59:47,28/3,0/0/1,28 3 1 15,10,28/3 28/4 28/5 28/6 27/6 26/6 25/6 24/6 24/5 24/4,8/13 9/13 10/13 11/13 12/13 13/13 14/13 15/13 16/13,700,21/8,False
252,1,left,05/09/2025 18:59:47,27/3,-1/0/0,27 3 2 15,10,27/3 28/3 28/4 28/5 28/6 27/6 26/6 25/6 24/6 24/5,7/13 8/13 9/13 10/13 11/13 12/13 13/13 14/13 15/13,700,21/8,False
253,1,left,05/09/2025 18:59:47,26/3,-1/0/0,26 3 3 15,10,26/3 27/3 28/3 28/4 28/5 28/6 27/6 26/6 25/6 24/6,6/13 7/13 8/13 9/13 10/13 11/13 12/13 13/13 14/13,700,21/8,False
254,1,left,05/09/2025 18:59:47,25/3,-1/0/0,25 3 4 15,10,25/3 26/3 27/3 28/3 28/4 28/5 28/6 27/6 26/6 25/6,5/13 6/13 7/13 8/13 9/13 10/13 11/13 12/13 13/13,700,21/8,False
255,1,left,05/09/2025 18:59:47,24/3,-1/0/0,24 3 5 15,10,24/3 25/3 26/3 27/3 28/3 28/4 28/5 28/6 27/6 26/6,5/12 5/13 6/13 7/13 8/13 9/13 10/13 11/13 12/13,700,21/8,False
256,1,left,05/09/2025 18:59:48,23/3,-1/0/0,23 3 6 15,10,23/3 24/3 25/3 26/3 27/3 28/3 28/4 28/5 28/6 27/6,5/11 5/12 5/13 6/13 7/13 8/13 9/13 10/13 11/13,700,21/8,False
257,1,left,05/09/2025 18:59:48,22/3,-1/0/0,22 3 7 15,10,22/3 23/3 24/3 25/3 26/3 27/3 28/3 28/4 28/5 28/6,5/10 5/11 5/12 5/13 6/13 7/13 8/13 9/13 10/13,700,21/8,False
258,1,left,05/09/2025 18:59:48,21/3,-1/0/0,21 3 8 15,10,21/3 22/3 23/3 24/3 25/3 26/3 27/3 28/3 28/4 28/5,6/10 5/10 5/11 5/12 5/13 6/13 7/13 8/13 9/13,700,21/8,False
259,1,left,05/09/2025 18:59:48,20/3,-1/0/0,20 3 9 15,10,20/3 21/3 22/3 23/3 24/3 25/3 26/3 27/3 28/3 28/4,7/10 6/10 5/10 5/11 5/12 5/13 6/13 7/13 8/13,700,21/8,False
260,1,down,05/09/2025 18:59:48,19/3,-1/0/0,19 3 10 15,10,19/3 20/3 21/3 22/3 23/3 24/3 25/3 26/3 27/3 28/3,8/10 7/10 6/10 5/10 5/11 5/12 5/13 6/13 7/13,700,21/8,False
261,1,down,05/09/2025 18:59:49,19/4,0/0/-1,19 4 10 14,10,19/4 19/3 20/3 21/3 22/3 23/3 24/3 25/3 26/3 27/3,9/10 8/10 7/10 6/10 5/10 5/11 5/12 5/13 6/13,700,21/8,False
262,1,down,05/09/2025 18:59:49,19/5,0/0/-1,19 5 10 13,10,19/5 19/4 19/3 20/3 21/3 22/3 23/3 24/3 25/3 26/3,10/10 9/10 8/10 7/10 6/10 5/10 5/11 5/12 5/13,700,21/8,False
263,1,down,05/09/2025 18:59:49,19/6,0/0/-1,19 6 10 12,10,19/6 19/5 19/4 19/3 20/3 21/3 22/3 23/3 24/3 25/3,11/10 10/10 9/10 8/10 7/10 6/10 5/10 5/11 5/12,700,21/8,False
264,1,down,05/09/2025 18:59:49,19/7,0/0/-1,19 7 10 11,10,19/7 19/6 19/5 19/4 19/3 20/3 21/3 22/3 23/3 24/3,12/10 11/10 10/10 9/10 8/10 7/10 6/10 5/10 5/11,700,21/8,False
265,1,right,05/09/2025 18:59:49,19/8,0/0/-1,19 8 10 10,10,19/8 19/7 19/6 19/5 19/4 19/3 20/3 21/3 22/3 23/3,13/10 12/10 11/10 10/10 9/10 8/10 7/10 6/10 5/10,700,21/8,False
266,1,right,05/09/2025 18:59:50,20/8,1/0/0,20 8 9 10,10,20/8 19/8 19/7 19/6 19/5 19/4 19/3 20/3 21/3 22/3,14/10 13/10 12/10 11/10 10/10 9/10 8/10 7/10 6/10,700,21/8,False
267,1,right,05/09/2025 18:59:50,21/8,1/0/0,21 8 8 10,10,21/8 20/8 19/8 19/7 19/6 19/5 19/4 19/3 20/3,15/10 14/10 13/10 12/10 11/10 10/10 9/10 8/10 7/10,800,18/4,False
268,1,right,05/09/2025 18:59:50,22/8,1/0/0,22 8 7 10,10,22/8 21/8 20/8 19/8 19/7 19/6 19/5 19/4 19/3 20/3 21/3,16/10 15/10 14/10 13/10 12/10 11/10 10/10 9/10 8/10,800,18/4,False
269,1,up,05/09/2025 18:59:50,23/8,1/0/0,23 8 6 10,10,23/8 22/8 21/8 20/8 19/8 19/7 19/6 19/5 19/4 19/3 20/3,17/10 16/10 15/10 14/10 13/10 12/10 11/10 10/10 9/10,800,18/4,False
270,1,up,05/09/2025 18:59:50,23/7,0/0/1,23 7 6 11,10,23/7 23/8 22/8 21/8 20/8 19/8 19/7 19/6 19/5 19/4 19/3,18/10 17/10 16/10 15/10 14/10 13/10 12/10 11/10 10/10,800,18/4,False
271,1,up,05/09/2025 18:59:51,23/6,0/0/1,23 6 6 12,10,23/6 23/7 23/8 22/8 21/8 20/8 19/8 19/7 19/6 19/5 19/4,19/10 18/10 17/10 16/10 15/10 14/10 13/10 12/10 11/10,800,18/4,False
272,1,up,05/09/2025 18:59:51,23/5,0/0/1,23 5 6 13,10,23/5 23/6 23/7 23/8 22/8 21/8 20/8 19/8 19/7 19/6 19/5,20/10 19/10 18/10 17/10 16/10 15/10 14/10 13/10 12/10,800,18/4,False
273,1,up,05/09/2025 18:59:51,23/4,0/0/1,23 4 6 14,10,23/4 23/5 23/6 23/7 23/8 22/8 21/8 20/8 19/8 19/7 19/6,20/11 20/10 19/10 18/10 17/10 16/10 15/10 14/10 13/10,800,18/4,False
274,1,up,05/09/2025 18:59:51,23/3,0/0/1,23 3 6 15,10,23/3 23/4 23/5 23/6 23/7 23/8 22/8 21/8 20/8 19/8 19/7,20/12 20/11 20/10 19/10 18/10 17/10 16/10 15/10 14/10,800,18/4,False
275,1,up,05/09/2025 18:59:51,23/2,0/0/1,23 2 6 16,10,23/2 23/3 23/4 23/5 23/6 23/7 23/8 22/8 21/8 20/8 19/8,19/12 20/12 20/11 20/10 19/10 18/10 17/10 16/10 15/10,800,18/4,False
276,1,left,05/09/2025 18:59:52,23/1,0/0/1,23 1 6 17,10,23/1 23/2 23/3 23/4 23/5 23/6 23/7 23/8 22/8 21/8 20/8,18/12 19/12 20/12 20/11 20/10 19/10 18/10 17/10 16/10,800,18/4,True
277,1,left,05/09/2025 18:59:52,22/1,-1/0/0,22 1 7 17,10,22/1 23/1 23/2 23/3 23/4 23/5 23/6 23/7 23/8 22/8 21/8,17/12 18/12 19/12 20/12 20/11 20/10 19/10 18/10 17/10,800,18/4,False
278,1,left,05/09/2025 18:59:52,21/1,-1/0/0,21 1 8 17,10,21/1 22/1 23/1 23/2 23/3 23/4 23/5 23/6 23/7 23/8 22/8,16/12 17/12 18/12 19/12 20/12 20/11 20/10 19/10 18/10,800,18/4,False
279,1,left,05/09/2025 18:59:52,20/1,-1/0/0,20 1 9 17,10,20/1 21/1 22/1 23/1 23/2 23/3 23/4 23/5 23/6 23/7 23/8,15/12 16/12 17/12 18/12 19/12 20/12 20/11 20/10 19/10,800,18/4,False
280,1,left,05/09/2025 18:59:53,19/1,-1/0/0,19 1 10 17,10,19/1 20/1 21/1 22/1 23/1 23/2 23/3 23/4 23/5 23/6 23/7,14/12 15/12 16/12 17/12 18/12 19/12 20/12 20/11 20/10,800,18/4,False
281,1,down,05/09/2025 18:59:53,18/1,-1/0/0,18 1 11 17,10,18/1 19/1 20/1 21/1 22/1 23/1 23/2 23/3 23/4 23/5 23/6,13/12 14/12 15/12 16/12 17/12 18/12 19/12 20/12 20/11,800,18/4,False
282,1,down,05/09/2025 18:59:53,18/2,0/0/-1,18 2 11 16,10,18/2 18/1 19/1 20/1 21/1 22/1 23/1 23/2 23/3 23/4 23/5,12/12 13/12 14/12 15/12 16/12 17/12 18/12 19/12 20/12,800,18/4,False
283,1,down,05/09/2025 18:59:53,18/3,0/0/-1,18 3 11 15,10,18/3 18/2 18/1 19/1 20/1 21/1 22/1 23/1 23/2 23/3 23/4,11/12 12/12 13/12 14/12 15/12 16/12 17/12 18/12 19/12,800,18/4,False
284,1,down,05/09/2025 18:59:53,18/4,0/0/-1,18 4 11 14,10,18/4 18/3 18/2 18/1 19/1 20/1 21/1 22/1 23/1 23/2,10/12 11/12 12/12 13/12 14/12 15/12 16/12 17/12 18/12,900,12/1,False
285,1,down,05/09/2025 18:59:54,18/5,0/0/-1,18 5 11 13,10,18/5 18/4 18/3 18/2 18/1 19/1 20/1 21/1 22/1 23/1 23/2 23/3,9/12 10/12 11/12 12/12 13/12 14/12 15/12 16/12 17/12,900,12/1,False
286,1,left,05/09/2025 18:59:54,18/6,0/0/-1,18 6 11 12,10,18/6 18/5 18/4 18/3 18/2 18/1 19/1 20/1 21/1 22/1 23/1 23/2,8/12 9/12 10/12 11/12 12/12 13/12 14/12 15/12 16/12,900,12/1,False
287,1,left,05/09/2025 18:59:54,17/6,-1/0/0,17 6 12 12,10,17/6 18/6 18/5 18/4 18/3 18/2 18/1 19/1 20/1 21/1 22/1 23/1,7/12 8/12 9/12 10/12 11/12 12/12 13/12 14/12 15/12,900,12/1,False
288,1,left,05/09/2025 18:59:54,16/6,-1/0/0,16 6 13 12,10,16/6 17/6 18/6 18/5 18/4 18/3 18/2 18/1 19/1 20/1 21/1 22/1,6/12 7/12 8/12 9/12 10/12 11/12 12/12 13/12 14/12,900,12/1,False
289,1,left,05/09/2025 18:59:54,15/6,-1/0/0,15 6 14 12,10,15/6 16/6 17/6 18/6 18/5 18/4 18/3 18/2 18/1 19/1 20/1 21/1,5/12 6/12 7/12 8/12 9/12 10/12 11/12 12/12 13/12,900,12/1,False
290,1,left,05/09/2025 18:59:55,14/6,-1/0/0,14 6 15 12,10,14/6 15/6 16/6 17/6 18/6 18/5 18/4 18/3 18/2 18/1 19/1 20/1,5/11 5/12 6/12 7/12 8/12 9/12 10/12 11/12 12/12,900,12/1,False
291,1,left,05/09/2025 18:59:55,13/6,-1/0/0,13 6 16 12,10,13/6 14/6 15/6 16/6 17/6 18/6 18/5 18/4 18/3 18/2 18/1 19/1,5/10 5/11 5/12 6/12 7/12 8/12 9/12 10/12 11/12,900,12/1,False
292,1,left,05/09/2025 18:59:55,12/6,-1/0/0,12 6 17 12,10,12/6 13/6 14/6 15/6 16/6 17/6 18/6 18/5 18/4 18/3 18/2 18/1,5/9 5/10 5/11 5/12 6/12 7/12 8/12 9/12 10/12,900,12/1,False
293,1,left,05/09/2025 18:59:55,11/6,-1/0/0,11 6 18 12,10,11/6 12/6 13/6 14/6 15/6 16/6 17/6 18/6 18/5 18/4 18/3 18/2,5/8 5/9 5/10 5/11 5/12 6/12 7/12 8/12 9/12,900,12/1,False
294,1,left,05/09/2025 18:59:55,10/6,-1/0/0,10 6 19 12,10,10/6 11/6 12/6 13/6 14/6 15/6 16/6 17/6 18/6 18/5 18/4 18/3,5/7 5/8 5/9 5/10 5/11 5/12 6/12 7/12 8/12,900,12/1,False
295,1,left,05/09/2025 18:59:56,9/6,-1/0/0,9 6 20 12,10,9/6 10/6 11/6 12/6 13/6 14/6 15/6 16/6 17/6 18/6 18/5 18/4,4/7 5/7 5/8 5/9 5/10 5/11 5/12 6/12 7/12,900,12/1,False
296,1,left,05/09/2025 18:59:56,8/6,-1/0/0,8 6 21 12,10,8/6 9/6 10/6 11/6 12/6 13/6 14/6 15/6 16/6 17/6 18/6 18/5,3/7 4/7 5/7 5/8 5/9 5/10 5/11 5/12 6/12,900,12/1,False
297,1,up,05/09/2025 18:59:56,7/6,-1/0/0,7 6 22 12,10,7/6 8/6 9/6 10/6 11/6 12/6 13/6 14/6 15/6 16/6 17/6 18/6,2/7 3/7 4/7 5/7 5/8 5/9 5/10 5/11 5/12,900,12/1,False
298,1,right,05/09/2025 18:59:56,7/5,0/0/1,7 5 22 13,10,7/5 7/6 8/6 9/6 10/6 11/6 12/6 13/6 14/6 15/6 16/6 17/6,1/7 2/7 3/7 4/7 5/7 5/8 5/9 5/10 5/11,900,12/1,False
299,1,right,05/09/2025 18:59:58,8/5,1/0/0,8 5 21 13,10,3/9 2/9 1/9,26/9 27/9 28/9,900,12/1,False
300,1,right,05/09/2025 18:59:58,4/9,1/0/0,4 9 25 9,10,4/9 3/9 2/9,25/9 26/9 27/9,900,4/6,False
301,1,right,05/09/2025 18:59:58,5/9,1/0/0,5 9 24 9,10,5/9 4/9 3/9,24/9 25/9 26/9,900,4/6,False
302,1,right,05/09/2025 18:59:58,6/9,1/0/0,6 9 23 9,10,6/9 5/9 4/9,23/9 24/9 25/9,900,4/6,False
303,1,up,05/09/2025 18:59:59,7/9,1/0/0,7 9 22 9,10,7/9 6/9 5/9,22/9 23/9 24/9,900,4/6,False
304,1,up,05/09/2025 18:59:59,7/8,0/0/1,7 8 22 10,10,7/8 7/9 6/9,21/9 22/9 23/9,900,4/6,False
305,1,up,05/09/2025 18:59:59,7/7,0/0/1,7 7 22 11,10,7/7 7/8 7/9,20/9 21/9 22/9,900,4/6,False
306,1,left,05/09/2025 18:59:59,7/6,0/0/1,7 6 22 12,10,7/6 7/7 7/8,19/9 20/9 21/9,900,4/6,False
307,1,left,05/09/2025 18:59:59,6/6,-1/0/0,6 6 23 12,10,6/6 7/6 7/7,18/9 19/9 20/9,900,4/6,False
308,1,left,05/09/2025 19:00:00,5/6,-1/0/0,5 6 24 12,10,5/6 6/6 7/6,17/9 18/9 19/9,900,4/6,False
309,1,down,05/09/2025 19:00:00,4/6,-1/0/0,4 6 25 12,10,4/6 5/6,16/9 17/9 18/9,1000,18/14,False
310,1,down,05/09/2025 19:00:00,4/7,0/0/-1,4 7 25 11,10,4/7 4/6 5/6 6/6,15/9 16/9 17/9,1000,18/14,False
311,1,down,05/09/2025 19:00:00,4/8,0/0/-1,4 8 25 10,10,4/8 4/7 4/6 5/6,14/9 15/9 16/9,1000,18/14,False
312,1,down,05/09/2025 19:00:00,4/9,0/0/-1,4 9 25 9,10,4/9 4/8 4/7 4/6,13/9 14/9 15/9,1000,18/14,False
313,1,down,05/09/2025 19:00:01,4/10,0/0/-1,4 10 25 8,10,4/10 4/9 4/8 4/7,12/9 13/9 14/9,1000,18/14,False
314,1,down,05/09/2025 19:00:01,4/11,0/0/-1,4 11 25 7,10,4/11 4/10 4/9 4/8,11/9 12/9 13/9,1000,18/14,False
315,1,down,05/09/2025 19:00:01,4/12,0/0/-1,4 12 25 6,10,4/12 4/11 4/10 4/9,10/9 11/9 12/9,1000,18/14,False
316,1,down,05/09/2025 19:00:01,4/13,0/0/-1,4 13 25 5,10,4/13 4/12 4/11 4/10,10/8 10/9 11/9,1000,18/14,False
317,1,down,05/09/2025 19:00:01,4/14,0/0/-1,4 14 25 4,10,4/14 4/13 4/12 4/11,10/7 10/8 10/9,1000,18/14,False
318,1,right,05/09/2025 19:00:02,4/15,0/0/-1,4 15 25 3,10,4/15 4/14 4/13 4/12,10/6 10/7 10/8,1000,18/14,False
319,1,right,05/09/2025 19:00:02,5/15,1/0/0,5 15 24 3,10,5/15 4/15 4/14 4/13,10/5 10/6 10/7,1000,18/14,False
320,1,right,05/09/2025 19:00:02,6/15,1/0/0,6 15 23 3,10,6/15 5/15 4/15 4/14,10/4 10/5 10/6,1000,18/14,False
321,1,right,05/09/2025 19:00:02,7/15,1/0/0,7 15 22 3,10,7/15 6/15 5/15 4/15,9/4 10/4 10/5,1000,18/14,False
322,1,right,05/09/2025 19:00:02,8/15,1/0/0,8 15 21 3,10,8/15 7/15 6/15 5/15,8/4 9/4 10/4,1000,18/14,False
323,1,right,05/09/2025 19:00:03,9/15,1/0/0,9 15 20 3,10,9/15 8/15 7/15 6/15,7/4 8/4 9/4,1000,18/14,False
324,1,right,05/09/2025 19:00:03,10/15,1/0/0,10 15 19 3,10,10/15 9/15 8/15 7/15,6/4 7/4 8/4,1000,18/14,False
325,1,right,05/09/2025 19:00:03,11/15,1/0/0,11 15 18 3,10,11/15 10/15 9/15 8/15,5/4 6/4 7/4,1000,18/14,False
326,1,right,05/09/2025 19:00:03,12/15,1/0/0,12 15 17 3,10,12/15 11/15 10/15 9/15,5/5 5/4 6/4,1000,18/14,False
327,1,right,05/09/2025 19:00:03,13/15,1/0/0,13 15 16 3,10,13/15 12/15 11/15 10/15,5/6 5/5 5/4,1000,18/14,False
328,1,right,05/09/2025 19:00:04,14/15,1/0/0,14 15 15 3,10,14/15 13/15 12/15 11/15,5/7 5/6 5/5,1000,18/14,False
329,1,right,05/09/2025 19:00:04,15/15,1/0/0,15 15 14 3,10,15/15 14/15 13/15 12/15,5/8 5/7 5/6,1000,18/14,False
330,1,right,05/09/2025 19:00:04,16/15,1/0/0,16 15 13 3,10,16/15 15/15 14/15 13/15,5/9 5/8 5/7,1000,18/14,False
331,1,right,05/09/2025 19:00:04,17/15,1/0/0,17 15 12 3,10,17/15 16/15 15/15 14/15,5/10 5/9 5/8,1000,18/14,False
332,1,up,05/09/2025 19:00:04,18/15,1/0/0,18 15 11 3,10,18/15 17/15 16/15 15/15,5/11 5/10 5/9,1000,18/14,False
333,1,up,05/09/2025 19:00:05,18/14,0/0/1,18 14 11 4,10,18/14 18/15 17/15,5/12 5/11 5/10,1100,23/3,False
334,1,up,05/09/2025 19:00:05,18/13,0/0/1,18 13 11 5,10,18/13 18/14 18/15 17/15 16/15,5/13 5/12 5/11,1100,23/3,False
335,1,up,05/09/2025 19:00:05,18/12,0/0/1,18 12 11 6,10,18/12 18/13 18/14 18/15 17/15,5/14 5/13 5/12,1100,23/3,False
336,1,up,05/09/2025 19:00:05,18/11,0/0/1,18 11 11 7,10,18/11 18/12 18/13 18/14 18/15,6/14 5/14 5/13,1100,23/3,False
337,1,up,05/09/2025 19:00:05,18/10,0/0/1,18 10 11 8,10,18/10 18/11 18/12 18/13 18/14,7/14 6/14 5/14,1100,23/3,False
338,1,up,05/09/2025 19:00:06,18/9,0/0/1,18 9 11 9,10,18/9 18/10 18/11 18/12 18/13,8/14 7/14 6/14,1100,23/3,False
339,1,up,05/09/2025 19:00:06,18/8,0/0/1,18 8 11 10,10,18/8 18/9 18/10 18/11 18/12,9/14 8/14 7/14,1100,23/3,False
340,1,up,05/09/2025 19:00:06,18/7,0/0/1,18 7 11 11,10,18/7 18/8 18/9 18/10 18/11,10/14 9/14 8/14,1100,23/3,False
341,1,up,05/09/2025 19:00:06,18/6,0/0/1,18 6 11 12,10,18/6 18/7 18/8 18/9 18/10,11/14 10/14 9/14,1100,23/3,False
342,1,up,05/09/2025 19:00:06,18/5,0/0/1,18 5 11 13,10,18/5 18/6 18/7 18/8 18/9,12/14 11/14 10/14,1100,23/3,False
343,1,up,05/09/2025 19:00:07,18/4,0/0/1,18 4 11 14,10,18/4 18/5 18/6 18/7 18/8,13/14 12/14 11/14,1100,23/3,False
344,1,right,05/09/2025 19:00:07,18/3,0/0/1,18 3 11 15,10,18/3 18/4 18/5 18/6 18/7,14/14 13/14 12/14,1100,23/3,False
345,1,right,05/09/2025 19:00:07,19/3,1/0/0,19 3 10 15,10,19/3 18/3 18/4 18/5 18/6,15/14 14/14 13/14,1100,23/3,False
346,1,right,05/09/2025 19:00:07,20/3,1/0/0,20 3 9 15,10,20/3 19/3 18/3 18/4 18/5,16/14 15/14 14/14,1100,23/3,False
347,1,right,05/09/2025 19:00:07,21/3,1/0/0,21 3 8 15,10,21/3 20/3 19/3 18/3 18/4,17/14 16/14 15/14,1100,23/3,False
348,1,right,05/09/2025 19:00:08,22/3,1/0/0,22 3 7 15,10,22/3 21/3 20/3 19/3 18/3,18/14 17/14 16/14,1100,23/3,False
349,1,down,05/09/2025 19:00:08,23/3,1/0/0,23 3 6 15,10,23/3 22/3 21/3 20/3,19/14 18/14 17/14,1200,21/1,False
350,1,down,05/09/2025 19:00:08,23/4,0/0/-1,23 4 6 14,10,23/4 23/3 22/3 21/3 20/3 19/3,20/14 19/14 18/14,1200,21/1,False
351,1,down,05/09/2025 19:00:08,23/5,0/0/-1,23 5 6 13,10,23/5 23/4 23/3 22/3 21/3 20/3,21/14 20/14 19/14,1200,21/1,False
352,1,left,05/09/2025 19:00:08,23/6,0/0/-1,23 6 6 12,10,23/6 23/5 23/4 23/3 22/3 21/3,22/14 21/14 20/14,1200,21/1,False
353,1,left,05/09/2025 19:00:09,22/6,-1/0/0,22 6 7 12,10,22/6 23/6 23/5 23/4 23/3 22/3,23/14 22/14 21/14,1200,21/1,False
354,1,left,05/09/2025 19:00:09,21/6,-1/0/0,21 6 8 12,10,21/6 22/6 23/6 23/5 23/4 23/3,24/14 23/14 22/14,1200,21/1,False
355,1,left,05/09/2025 19:00:09,20/6,-1/0/0,20 6 9 12,10,20/6 21/6 22/6 23/6 23/5 23/4,25/14 24/14 23/14,1200,21/1,False
356,1,left,05/09/2025 19:00:09,19/6,-1/0/0,19 6 10 12,10,19/6 20/6 21/6 22/6 23/6 23/5,25/13 25/14 24/14,1200,21/1,False
357,1,left,05/09/2025 19:00:09,18/6,-1/0/0,18 6 11 12,10,18/6 19/6 20/6 21/6 22/6 23/6,25/12 25/13 25/14,1200,21/1,False
358,1,left,05/09/2025 19:00:10,17/6,-1/0/0,17 6 12 12,10,17/6 18/6 19/6 20/6 21/6 22/6,25/11 25/12 25/13,1200,21/1,False
359,1,left,05/09/2025 19:00:10,16/6,-1/0/0,16 6 13 12,10,16/6 17/6 18/6 19/6 20/6 21/6,24/11 25/11 25/12,1200,21/1,False
360,1,up,05/09/2025 19:00:10,15/6,-1/0/0,15 6 14 12,10,15/6 16/6 17/6 18/6 19/6 20/6,23/11 24/11 25/11,1200,21/1,False
361,1,up,05/09/2025 19:00:10,15/5,0/0/1,15 5 14 13,10,15/5 15/6 16/6 17/6 18/6 19/6,22/11 23/11 24/11,1200,21/1,False
362,1,up,05/09/2025 19:00:10,15/4,0/0/1,15 4 14 14,10,15/4 15/5 15/6 16/6 17/6 18/6,21/11 22/11 23/11,1200,21/1,False
363,1,up,05/09/2025 19:00:11,15/3,0/0/1,15 3 14 15,10,15/3 15/4 15/5 15/6 16/6 17/6,20/11 21/11 22/11,1200,21/1,False
364,1,right,05/09/2025 19:00:11,15/2,0/0/1,15 2 14 16,10,15/2 15/3 15/4 15/5 15/6 16/6,19/11 20/11 21/11,1200,21/1,False
365,1,right,05/09/2025 19:00:11,16/2,1/0/0,16 2 13 16,10,16/2 15/2 15/3 15/4 15/5 15/6,18/11 19/11 20/11,1200,21/1,False
366,1,right,05/09/2025 19:00:11,17/2,1/0/0,17 2 12 16,10,17/2 16/2 15/2 15/3 15/4 15/5,17/11 18/11 19/11,1200,21/1,False
367,1,right,05/09/2025 19:00:11,18/2,1/0/0,18 2 11 16,10,18/2 17/2 16/2 15/2 15/3 15/4,16/11 17/11 18/11,1200,21/1,False
368,1,up,05/09/2025 19:00:12,19/2,1/0/0,19 2 10 16,10,19/2 18/2 17/2 16/2 15/2 15/3,15/11 16/11 17/11,1200,21/1,False
369,1,right,05/09/2025 19:00:12,19/1,0/0/1,19 1 10 17,10,19/1 19/2 18/2 17/2 16/2 15/2,14/11 15/11 16/11,1200,21/1,True
370,1,right,05/09/2025 19:00:12,20/1,1/0/0,20 1 9 17,10,20/1 19/1 19/2 18/2 17/2 16/2,13/11 14/11 15/11,1200,21/1,False
371,1,right,05/09/2025 19:00:12,21/1,1/0/0,21 1 8 17,10,21/1 20/1 19/1 19/2 18/2,12/11 13/11 14/11,1300,1/16,False
372,1,down,05/09/2025 19:00:12,22/1,1/0/0,22 1 7 17,10,22/1 21/1 20/1 19/1 19/2 18/2 17/2,11/11 12/11 13/11,1300,1/16,False
373,1,down,05/09/2025 19:00:13,22/2,0/0/-1,22 2 7 16,10,22/2 22/1 21/1 20/1 19/1 19/2 18/2,10/11 11/11 12/11,1300,1/16,False
374,1,down,05/09/2025 19:00:13,22/3,0/0/-1,22 3 7 15,10,22/3 22/2 22/1 21/1 20/1 19/1 19/2,9/11 10/11 11/11,1300,1/16,False
375,1,down,05/09/2025 19:00:13,22/4,0/0/-1,22 4 7 14,10,22/4 22/3 22/2 22/1 21/1 20/1 19/1,8/11 9/11 10/11,1300,1/16,False
376,1,down,05/09/2025 19:00:13,22/5,0/0/-1,22 5 7 13,10,22/5 22/4 22/3 22/2 22/1 21/1 20/1,7/11 8/11 9/11,1300,1/16,False
377,1,down,05/09/2025 19:00:13,22/6,0/0/-1,22 6 7 12,10,22/6 22/5 22/4 22/3 22/2 22/1 21/1,7/10 7/11 8/11,1300,1/16,False
378,1,down,05/09/2025 19:00:14,22/7,0/0/-1,22 7 7 11,10,22/7 22/6 22/5 22/4 22/3 22/2 22/1,7/9 7/10 7/11,1300,1/16,False
379,1,down,05/09/2025 19:00:14,22/8,0/0/-1,22 8 7 10,10,22/8 22/7 22/6 22/5 22/4 22/3 22/2,7/8 7/9 7/10,1300,1/16,False
380,1,down,05/09/2025 19:00:14,22/9,0/0/-1,22 9 7 9,10,22/9 22/8 22/7 22/6 22/5 22/4 22/3,8/8 7/8 7/9,1300,1/16,False
381,1,down,05/09/2025 19:00:14,22/10,0/0/-1,22 10 7 8,10,22/10 22/9 22/8 22/7 22/6 22/5 22/4,9/8 8/8 7/8,1300,1/16,False
382,1,down,05/09/2025 19:00:14,22/11,0/0/-1,22 11 7 7,10,22/11 22/10 22/9 22/8 22/7 22/6 22/5,10/8 9/8 8/8,1300,1/16,False
383,1,down,05/09/2025 19:00:15,22/12,0/0/-1,22 12 7 6,10,22/12 22/11 22/10 22/9 22/8 22/7 22/6,11/8 10/8 9/8,1300,1/16,False
384,1,left,05/09/2025 19:00:15,22/13,0/0/-1,22 13 7 5,10,22/13 22/12 22/11 22/10 22/9 22/8 22/7,12/8 11/8 10/8,1300,1/16,False
385,1,left,05/09/2025 19:00:15,21/13,-1/0/0,21 13 8 5,10,21/13 22/13 22/12 22/11 22/10 22/9 22/8,13/8 12/8 11/8,1300,1/16,False
386,1,left,05/09/2025 19:00:15,20/13,-1/0/0,20 13 9 5,10,20/13 21/13 22/13 22/12 22/11 22/10 22/9,14/8 13/8 12/8,1300,1/16,False
387,1,left,05/09/2025 19:00:15,19/13,-1/0/0,19 13 10 5,10,19/13 20/13 21/13 22/13 22/12 22/11 22/10,15/8 14/8 13/8,1300,1/16,False
388,1,left,05/09/2025 19:00:16,18/13,-1/0/0,18 13 11 5,10,18/13 19/13 20/13 21/13 22/13 22/12 22/11,16/8 15/8 14/8,1300,1/16,False
389,1,down,05/09/2025 19:00:16,17/13,-1/0/0,17 13 12 5,10,17/13 18/13 19/13 20/13 21/13 22/13 22/12,17/8 16/8 15/8,1300,1/16,False
390,1,down,05/09/2025 19:00:16,17/14,0/0/-1,17 14 12 4,10,17/14 17/13 18/13 19/13 20/13 21/13 22/13,18/8 17/8 16/8,1300,1/16,False
391,1,left,05/09/2025 19:00:16,17/15,0/0/-1,17 15 12 3,10,17/15 17/14 17/13 18/13 19/13 20/13 21/13,19/8 18/8 17/8,1300,1/16,False
392,1,left,05/09/2025 19:00:16,16/15,-1/0/0,16 15 13 3,10,16/15 17/15 17/14 17/13 18/13 19/13 20/13,20/8 19/8 18/8,1300,1/16,False
393,1,left,05/09/2025 19:00:17,15/15,-1/0/0,15 15 14 3,10,15/15 16/15 17/15 17/14 17/13 18/13 19/13,21/8 20/8 19/8,1300,1/16,False
394,1,left,05/09/2025 19:00:17,14/15,-1/0/0,14 15 15 3,10,14/15 15/15 16/15 17/15 17/14 17/13 18/13,22/8 21/8 20/8,1300,1/16,False
395,1,left,05/09/2025 19:00:17,13/15,-1/0/0,13 15 16 3,10,13/15 14/15 15/15 16/15 17/15 17/14 17/13,23/8 22/8 21/8,1300,1/16,False
396,1,left,05/09/2025 19:00:17,12/15,-1/0/0,12 15 17 3,10,12/15 13/15 14/15 15/15 16/15 17/15 17/14,24/8 23/8 22/8,1300,1/16,False
397,1,left,05/09/2025 19:00:17,11/15,-1/0/0,11 15 18 3,10,11/15 12/15 13/15 14/15 15/15 16/15 17/15,24/7 24/8 23/8,1300,1/16,False
398,1,left,05/09/2025 19:00:18,10/15,-1/0/0,10 15 19 3,10,10/15 11/15 12/15 13/15 14/15 15/15 16/15,24/6 24/7 24/8,1300,1/16,False
399,1,left,05/09/2025 19:00:18,9/15,-1/0/0,9 15 20 3,10,9/15 10/15 11/15 12/15 13/15 14/15 15/15,23/6 24/6 24/7,1300,1/16,False
400,1,left,05/09/2025 19:00:18,8/15,-1/0/0,8 15 21 3,10,8/15 9/15 10/15 11/15 12/15 13/15 14/15,22/6 23/6 24/6,1300,1/16,False
401,1,down,05/09/2025 19:00:18,7/15,-1/0/0,7 15 22 3,10,7/15 8/15 9/15 10/15 11/15 12/15 13/15,21/6 22/6 23/6,1300,1/16,False
402,1,down,05/09/2025 19:00:18,7/16,0/0/-1,7 16 22 2,10,7/16 7/15 8/15 9/15 10/15 11/15 12/15,20/6 21/6 22/6,1300,1/16,False
403,1,left,05/09/2025 19:00:19,7/17,0/0/-1,7 17 22 1,10,7/17 7/16 7/15 8/15 9/15 10/15 11/15,19/6 20/6 21/6,1300,1/16,True
404,1,left,05/09/2025 19:00:19,6/17,-1/0/0,6 17 23 1,10,6/17 7/17 7/16 7/15 8/15 9/15 10/15,18/6 19/6 20/6,1300,1/16,False
405,1,left,05/09/2025 19:00:19,5/17,-1/0/0,5 17 24 1,10,5/17 6/17 7/17 7/16 7/15 8/15 9/15,17/6 18/6 19/6,1300,1/16,False
406,1,left,05/09/2025 19:00:19,4/17,-1/0/0,4 17 25 1,10,4/17 5/17 6/17 7/17 7/16 7/15 8/15,16/6 17/6 18/6,1300,1/16,False
407,1,left,05/09/2025 19:00:19,3/17,-1/0/0,3 17 26 1,10,3/17 4/17 5/17 6/17 7/17 7/16 7/15,15/6 16/6 17/6,1300,1/16,False
408,1,left,05/09/2025 19:00:20,2/17,-1/0/0,2 17 27 1,10,2/17 3/17 4/17 5/17 6/17 7/17 7/16,14/6 15/6 16/6,1300,1/16,False
409,1,up,05/09/2025 19:00:20,1/17,-1/0/0,1 17 28 1,10,1/17 2/17 3/17 4/17 5/17 6/17 7/17,13/6 14/6 15/6,1300,1/16,True
410,1,up,05/09/2025 19:00:20,1/16,0/0/1,1 16 28 2,10,1/16 1/17 2/17 3/17 4/17 5/17,12/6 13/6 14/6,1400,6/1,False
411,1,up,05/09/2025 19:00:20,1/15,0/0/1,1 15 28 3,10,1/15 1/16 1/17 2/17 3/17 4/17 5/17 6/17,11/6 12/6 13/6,1400,6/1,False
412,1,up,05/09/2025 19:00:20,1/14,0/0/1,1 14 28 4,10,1/14 1/15 1/16 1/17 2/17 3/17 4/17 5/17,10/6 11/6 12/6,1400,6/1,False
413,1,up,05/09/2025 19:00:21,1/13,0/0/1,1 13 28 5,10,1/13 1/14 1/15 1/16 1/17 2/17 3/17 4/17,9/6 10/6 11/6,1400,6/1,False
414,1,up,05/09/2025 19:00:21,1/12,0/0/1,1 12 28 6,10,1/12 1/13 1/14 1/15 1/16 1/17 2/17 3/17,9/7 9/6 10/6,1400,6/1,False
415,1,up,05/09/2025 19:00:21,1/11,0/0/1,1 11 28 7,10,1/11 1/12 1/13 1/14 1/15 1/16 1/17 2/17,9/8 9/7 9/6,1400,6/1,False
416,1,up,05/09/2025 19:00:21,1/10,0/0/1,1 10 28 8,10,1/10 1/11 1/12 1/13 1/14 1/15 1/16 1/17,9/9 9/8 9/7,1400,6/1,False
417,1,up,05/09/2025 19:00:21,1/9,0/0/1,1 9 28 9,10,1/9 1/10 1/11 1/12 1/13 1/14 1/15 1/16,9/10 9/9 9/8,1400,6/1,False
418,1,up,05/09/2025 19:00:22,1/8,0/0/1,1 8 28 10,10,1/8 1/9 1/10 1/11 1/12 1/13 1/14 1/15,9/11 9/10 9/9,1400,6/1,False
419,1,up,05/09/2025 19:00:22,1/7,0/0/1,1 7 28 11,10,1/7 1/8 1/9 1/10 1/11 1/12 1/13 1/14,9/12 9/11 9/10,1400,6/1,False
420,1,up,05/09/2025 19:00:22,1/6,0/0/1,1 6 28 12,10,1/6 1/7 1/8 1/9 1/10 1/11 1/12 1/13,10/12 9/12 9/11,1400,6/1,False
421,1,up,05/09/2025 19:00:22,1/5,0/0/1,1 5 28 13,10,1/5 1/6 1/7 1/8 1/9 1/10 1/11 1/12,11/12 10/12 9/12,1400,6/1,False
422,1,up,05/09/2025 19:00:22,1/4,0/0/1,1 4 28 14,10,1/4 1/5 1/6 1/7 1/8 1/9 1/10 1/11,12/12 11/12 10/12,1400,6/1,False
423,1,up,05/09/2025 19:00:23,1/3,0/0/1,1 3 28 15,10,1/3 1/4 1/5 1/6 1/7 1/8 1/9 1/10,13/12 12/12 11/12,1400,6/1,False
424,1,up,05/09/2025 19:00:23,1/2,0/0/1,1 2 28 16,10,1/2 1/3 1/4 1/5 1/6 1/7 1/8 1/9,14/12 13/12 12/12,1400,6/1,False
425,1,right,05/09/2025 19:00:23,1/1,0/0/1,1 1 28 17,10,1/1 1/2 1/3 1/4 1/5 1/6 1/7 1/8,15/12 14/12 13/12,1400,6/1,True
426,1,right,05/09/2025 19:00:23,2/1,1/0/0,2 1 27 17,10,2/1 1/1 1/2 1/3 1/4 1/5 1/6 1/7,16/12 15/12 14/12,1400,6/1,False
427,1,right,05/09/2025 19:00:23,3/1,1/0/0,3 1 26 17,10,3/1 2/1 1/1 1/2 1/3 1/4 1/5 1/6,17/12 16/12 15/12,1400,6/1,False
428,1,right,05/09/2025 19:00:24,4/1,1/0/0,4 1 25 17,10,4/1 3/1 2/1 1/1 1/2 1/3 1/4 1/5,18/12 17/12 16/12,1400,6/1,False
429,1,right,05/09/2025 19:00:24,5/1,1/0/0,5 1 24 17,10,5/1 4/1 3/1 2/1 1/1 1/2 1/3 1/4,19/12 18/12 17/12,1400,6/1,False
430,1,right,05/09/2025 19:00:24,6/1,1/0/0,6 1 23 17,10,6/1 5/1 4/1 3/1 2/1 1/1 1/2,20/12 19/12 18/12,1500,2/7,False
431,1,down,05/09/2025 19:00:24,7/1,1/0/0,7 1 22 17,10,7/1 6/1 5/1 4/1 3/1 2/1 1/1 1/2 1/3,21/12 20/12 19/12,1500,2/7,False
432,1,down,05/09/2025 19:00:24,7/2,0/0/-1,7 2 22 16,10,7/2 7/1 6/1 5/1 4/1 3/1 2/1 1/1 1/2,22/12 21/12 20/12,1500,2/7,False
433,1,down,05/09/2025 19:00:25,7/3,0/0/-1,7 3 22 15,10,7/3 7/2 7/1 6/1 5/1 4/1 3/1 2/1 1/1,22/11 22/12 21/12,1500,2/7,False
434,1,down,05/09/2025 19:00:25,7/4,0/0/-1,7 4 22 14,10,7/4 7/3 7/2 7/1 6/1 5/1 4/1 3/1 2/1,22/10 22/11 22/12,1500,2/7,False
435,1,down,05/09/2025 19:00:25,7/5,0/0/-1,7 5 22 13,10,7/5 7/4 7/3 7/2 7/1 6/1 5/1 4/1 3/1,22/9 22/10 22/11,1500,2/7,False
436,1,down,05/09/2025 19:00:25,7/6,0/0/-1,7 6 22 12,10,7/6 7/5 7/4 7/3 7/2 7/1 6/1 5/1 4/1,21/9 22/9 22/10,1500,2/7,False
437,1,down,05/09/2025 19:00:25,7/7,0/0/-1,7 7 22 11,10,7/7 7/6 7/5 7/4 7/3 7/2 7/1 6/1 5/1,20/9 21/9 22/9,1500,2/7,False
438,1,down,05/09/2025 19:00:26,7/8,0/0/-1,7 8 22 10,10,7/8 7/7 7/6 7/5 7/4 7/3 7/2 7/1 6/1,19/9 20/9 21/9,1500,2/7,False
439,1,down,05/09/2025 19:00:26,7/9,0/0/-1,7 9 22 9,10,7/9 7/8 7/7 7/6 7/5 7/4 7/3 7/2 7/1,18/9 19/9 20/9,1500,2/7,False
440,1,down,05/09/2025 19:00:26,7/10,0/0/-1,7 10 22 8,10,7/10 7/9 7/8 7/7 7/6 7/5 7/4 7/3 7/2,17/9 18/9 19/9,1500,2/7,False
441,1,down,05/09/2025 19:00:26,7/11,0/0/-1,7 11 22 7,10,7/11 7/10 7/9 7/8 7/7 7/6 7/5 7/4 7/3,16/9 17/9 18/9,1500,2/7,False
442,1,down,05/09/2025 19:00:26,7/12,0/0/-1,7 12 22 6,10,7/12 7/11 7/10 7/9 7/8 7/7 7/6 7/5 7/4,15/9 16/9 17/9,1500,2/7,False
443,1,down,05/09/2025 19:00:27,7/13,0/0/-1,7 13 22 5,10,7/13 7/12 7/11 7/10 7/9 7/8 7/7 7/6 7/5,14/9 15/9 16/9,1500,2/7,False
444,1,down,05/09/2025 19:00:27,7/14,0/0/-1,7 14 22 4,10,7/14 7/13 7/12 7/11 7/10 7/9 7/8 7/7 7/6,13/9 14/9 15/9,1500,2/7,False
445,1,right,05/09/2025 19:00:27,7/15,0/0/-1,7 15 22 3,10,7/15 7/14 7/13 7/12 7/11 7/10 7/9 7/8 7/7,12/9 13/9 14/9,1500,2/7,False
446,1,right,05/09/2025 19:00:27,8/15,1/0/0,8 15 21 3,10,8/15 7/15 7/14 7/13 7/12 7/11 7/10 7/9 7/8,11/9 12/9 13/9,1500,2/7,False
447,1,right,05/09/2025 19:00:27,9/15,1/0/0,9 15 20 3,10,9/15 8/15 7/15 7/14 7/13 7/12 7/11 7/10 7/9,10/9 11/9 12/9,1500,2/7,False
448,1,right,05/09/2025 19:00:28,10/15,1/0/0,10 15 19 3,10,10/15 9/15 8/15 7/15 7/14 7/13 7/12 7/11 7/10,9/9 10/9 11/9,1500,2/7,False
449,1,right,05/09/2025 19:00:28,11/15,1/0/0,11 15 18 3,10,11/15 10/15 9/15 8/15 7/15 7/14 7/13 7/12 7/11,8/9 9/9 10/9,1500,2/7,False
450,1,right,05/09/2025 19:00:28,12/15,1/0/0,12 15 17 3,10,12/15 11/15 10/15 9/15 8/15 7/15 7/14 7/13 7/12,7/9 8/9 9/9,1500,2/7,False
451,1,right,05/09/2025 19:00:28,13/15,1/0/0,13 15 16 3,10,13/15 12/15 11/15 10/15 9/15 8/15 7/15 7/14 7/13,6/9 7/9 8/9,1500,2/7,False
452,1,right,05/09/2025 19:00:28,14/15,1/0/0,14 15 15 3,10,14/15 13/15 12/15 11/15 10/15 9/15 8/15 7/15 7/14,5/9 6/9 7/9,1500,2/7,False
453,1,right,05/09/2025 19:00:29,15/15,1/0/0,15 15 14 3,10,15/15 14/15 13/15 12/15 11/15 10/15 9/15 8/15 7/15,4/9 5/9 6/9,1500,2/7,False
454,1,right,05/09/2025 19:00:29,16/15,1/0/0,16 15 13 3,10,16/15 15/15 14/15 13/15 12/15 11/15 10/15 9/15 8/15,3/9 4/9 5/9,1500,2/7,False
455,1,right,05/09/2025 19:00:29,17/15,1/0/0,17 15 12 3,10,17/15 16/15 15/15 14/15 13/15 12/15 11/15 10/15 9/15,2/9 3/9 4/9,1500,2/7,False
456,1,right,05/09/2025 19:00:29,18/15,1/0/0,18 15 11 3,10,18/15 17/15 16/15 15/15 14/15 13/15 12/15 11/15 10/15,2/8 2/9 3/9,1500,2/7,False
457,1,right,05/09/2025 19:00:29,19/15,1/0/0,19 15 10 3,10,19/15 18/15 17/15 16/15 15/15 14/15 13/15 12/15 11/15,2/7 2/8,1500,18/7,False
458,1,right,05/09/2025 19:00:30,20/15,1/0/0,20 15 9 3,10,20/15 19/15 18/15 17/15 16/15 15/15 14/15 13/15 12/15,2/6 2/7 2/8 2/9,1500,18/7,False
459,1,right,05/09/2025 19:00:30,21/15,1/0/0,21 15 8 3,10,21/15 20/15 19/15 18/15 17/15 16/15 15/15 14/15 13/15,2/5 2/6 2/7 2/8,1500,18/7,False
460,1,right,05/09/2025 19:00:30,22/15,1/0/0,22 15 7 3,10,22/15 21/15 20/15 19/15 18/15 17/15 16/15 15/15 14/15,3/5 2/5 2/6 2/7,1500,18/7,False
461,1,right,05/09/2025 19:00:30,23/15,1/0/0,23 15 6 3,10,23/15 22/15 21/15 20/15 19/15 18/15 17/15 16/15 15/15,4/5 3/5 2/5 2/6,1500,18/7,False
462,1,right,05/09/2025 19:00:30,24/15,1/0/0,24 15 5 3,10,24/15 23/15 22/15 21/15 20/15 19/15 18/15 17/15 16/15,5/5 4/5 3/5 2/5,1500,18/7,False
463,1,right,05/09/2025 19:00:31,25/15,1/0/0,25 15 4 3,10,25/15 24/15 23/15 22/15 21/15 20/15 19/15 18/15 17/15,6/5 5/5 4/5 3/5,1500,18/7,False
464,1,up,05/09/2025 19:00:31,26/15,1/0/0,26 15 3 3,10,26/15 25/15 24/15 23/15 22/15 21/15 20/15 19/15 18/15,7/5 6/5 5/5 4/5,1500,18/7,False
465,1,up,05/09/2025 19:00:31,26/14,0/0/1,26 14 3 4,10,26/14 26/15 25/15 24/15 23/15 22/15 21/15 20/15 19/15,8/5 7/5 6/5 5/5,1500,18/7,False
466,1,up,05/09/2025 19:00:31,26/13,0/0/1,26 13 3 5,10,26/13 26/14 26/15 25/15 24/15 23/15 22/15 21/15 20/15,9/5 8/5 7/5 6/5,1500,18/7,False
467,1,up,05/09/2025 19:00:32,26/12,0/0/1,26 12 3 6,10,26/12 26/13 26/14 26/15 25/15 24/15 23/15 22/15 21/15,10/5 9/5 8/5 7/5,1500,18/7,False
468,1,up,05/09/2025 19:00:32,26/11,0/0/1,26 11 3 7,10,26/11 26/12 26/13 26/14 26/15 25/15 24/15 23/15 22/15,11/5 10/5 9/5 8/5,1500,18/7,False
469,1,up,05/09/2025 19:00:32,26/10,0/0/1,26 10 3 8,10,26/10 26/11 26/12 26/13 26/14 26/15 25/15 24/15 23/15,12/5 11/5 10/5 9/5,1500,18/7,False
470,1,up,05/09/2025 19:00:32,26/9,0/0/1,26 9 3 9,10,26/9 26/10 26/11 26/12 26/13 26/14 26/15 25/15 24/15,13/5 12/5 11/5 10/5,1500,18/7,False
471,1,up,05/09/2025 19:00:32,26/8,0/0/1,26 8 3 10,10,26/8 26/9 26/10 26/11 26/12 26/13 26/14 26/15 25/15,14/5 13/5 12/5 11/5,1500,18/7,False
472,1,up,05/09/2025 19:00:33,26/7,0/0/1,26 7 3 11,10,26/7 26/8 26/9 26/10 26/11 26/12 26/13 26/14 26/15,15/5 14/5 13/5 12/5,1500,18/7,False
473,1,up,05/09/2025 19:00:33,26/6,0/0/1,26 6 3 12,10,26/6 26/7 26/8 26/9 26/10 26/11 26/12 26/13 26/14,16/5 15/5 14/5 13/5,1500,18/7,False
474,1,up,05/09/2025 19:00:33,26/5,0/0/1,26 5 3 13,10,26/5 26/6 26/7 26/8 26/9 26/10 26/11 26/12 26/13,17/5 16/5 15/5 14/5,1500,18/7,False
475,1,left,05/09/2025 19:00:33,26/4,0/0/1,26 4 3 14,10,26/4 26/5 26/6 26/7 26/8 26/9 26/10 26/11 26/12,18/5 17/5 16/5 15/5,1500,18/7,False
476,1,left,05/09/2025 19:00:33,25/4,-1/0/0,25 4 4 14,10,25/4 26/4 26/5 26/6 26/7 26/8 26/9 26/10 26/11,19/5 18/5 17/5 16/5,1500,18/7,False
477,1,left,05/09/2025 19:00:34,24/4,-1/0/0,24 4 5 14,10,24/4 25/4 26/4 26/5 26/6 26/7 26/8 26/9 26/10,20/5 19/5 18/5 17/5,1500,18/7,False
478,1,left,05/09/2025 19:00:34,23/4,-1/0/0,23 4 6 14,10,23/4 24/4 25/4 26/4 26/5 26/6 26/7 26/8 26/9,21/5 20/5 19/5 18/5,1500,18/7,False
479,1,left,05/09/2025 19:00:34,22/4,-1/0/0,22 4 7 14,10,22/4 23/4 24/4 25/4 26/4 26/5 26/6 26/7 26/8,22/5 21/5 20/5 19/5,1500,18/7,False
480,1,left,05/09/2025 19:00:34,21/4,-1/0/0,21 4 8 14,10,21/4 22/4 23/4 24/4 25/4 26/4 26/5 26/6 26/7,23/5 22/5 21/5 20/5,1500,18/7,False
481,1,left,05/09/2025 19:00:34,20/4,-1/0/0,20 4 9 14,10,20/4 21/4 22/4 23/4 24/4 25/4 26/4 26/5 26/6,23/6 23/5 22/5 21/5,1500,18/7,False
482,1,left,05/09/2025 19:00:35,19/4,-1/0/0,19 4 10 14,10,19/4 20/4 21/4 22/4 23/4 24/4 25/4 26/4 26/5,23/7 23/6 23/5 22/5,1500,18/7,False
483,1,left,05/09/2025 19:00:35,18/4,-1/0/0,18 4 11 14,10,18/4 19/4 20/4 21/4 22/4 23/4 24/4 25/4 26/4,23/8 23/7 23/6 23/5,1500,18/7,False
484,1,left,05/09/2025 19:00:35,17/4,-1/0/0,17 4 12 14,10,17/4 18/4 19/4 20/4 21/4 22/4 23/4 24/4 25/4,22/8 23/8 23/7 23/6,1500,18/7,False
485,1,left,05/09/2025 19:00:35,16/4,-1/0/0,16 4 13 14,10,16/4 17/4 18/4 19/4 20/4 21/4 22/4 23/4 24/4,21/8 22/8 23/8 23/7,1500,18/7,False
486,1,left,05/09/2025 19:00:35,15/4,-1/0/0,15 4 14 14,10,15/4 16/4 17/4 18/4 19/4 20/4 21/4 22/4 23/4,20/8 21/8 22/8 23/8,1500,18/7,False
487,1,left,05/09/2025 19:00:36,14/4,-1/0/0,14 4 15 14,10,14/4 15/4 16/4 17/4 18/4 19/4 20/4 21/4 22/4,19/8 20/8 21/8 22/8,1500,18/7,False
488,1,left,05/09/2025 19:00:36,13/4,-1/0/0,13 4 16 14,10,13/4 14/4 15/4 16/4 17/4 18/4 19/4 20/4 21/4,18/8 19/8 20/8 21/8,1500,18/7,False
489,1,left,05/09/2025 19:00:36,12/4,-1/0/0,12 4 17 14,10,12/4 13/4 14/4 15/4 16/4 17/4 18/4 19/4 20/4,18/7 18/8 19/8,1500,28/9,False
490,1,left,05/09/2025 19:00:36,11/4,-1/0/0,11 4 18 14,10,11/4 12/4 13/4 14/4 15/4 16/4 17/4 18/4 19/4,18/6 18/7 18/8 19/8 20/8,1500,28/9,False
491,1,left,05/09/2025 19:00:36,10/4,-1/0/0,10 4 19 14,10,10/4 11/4 12/4 13/4 14/4 15/4 16/4 17/4 18/4,18/5 18/6 18/7 18/8 19/8,1500,28/9,False
492,1,left,05/09/2025 19:00:37,9/4,-1/0/0,9 4 20 14,10,9/4 10/4 11/4 12/4 13/4 14/4 15/4 16/4 17/4,19/5 18/5 18/6 18/7 18/8,1500,28/9,False
493,1,down,05/09/2025 19:00:37,8/4,-1/0/0,8 4 21 14,10,8/4 9/4 10/4 11/4 12/4 13/4 14/4 15/4 16/4,20/5 19/5 18/5 18/6 18/7,1500,28/9,False
494,1,down,05/09/2025 19:00:37,8/5,0/0/-1,8 5 21 13,10,8/5 8/4 9/4 10/4 11/4 12/4 13/4 14/4 15/4,21/5 20/5 19/5 18/5 18/6,1500,28/9,False
495,1,down,05/09/2025 19:00:37,8/6,0/0/-1,8 6 21 12,10,8/6 8/5 8/4 9/4 10/4 11/4 12/4 13/4 14/4,22/5 21/5 20/5 19/5 18/5,1500,28/9,False
496,1,down,05/09/2025 19:00:37,8/7,0/0/-1,8 7 21 11,10,8/7 8/6 8/5 8/4 9/4 10/4 11/4 12/4 13/4,22/4 22/5 21/5 20/5 19/5,1500,28/9,False
497,1,down,05/09/2025 19:00:38,8/8,0/0/-1,8 8 21 10,10,8/8 8/7 8/6 8/5 8/4 9/4 10/4 11/4 12/4,21/4 22/4 22/5 21/5 20/5,1500,28/9,False
498,1,right,05/09/2025 19:00:38,8/9,0/0/-1,8 9 21 9,10,8/9 8/8 8/7 8/6 8/5 8/4 9/4 10/4 11/4,20/4 21/4 22/4 22/5 21/5,1500,28/9,False
499,1,right,05/09/2025 19:00:38,9/9,1/0/0,9 9 20 9,10,9/9 8/9 8/8 8/7 8/6 8/5 8/4 9/4 10/4,19/4 20/4 21/4 22/4 22/5,1500,28/9,False
500,1,right,05/09/2025 19:00:38,10/9,1/0/0,10 9 19 9,10,10/9 9/9 8/9 8/8 8/7 8/6 8/5 8/4 9/4,18/4 19/4 20/4 21/4 22/4,1500,28/9,False
501,1,right,05/09/2025 19:00:38,11/9,1/0/0,11 9 18 9,10,11/9 10/9 9/9 8/9 8/8 8/7 8/6 8/5 8/4,17/4 18/4 19/4 20/4 21/4,1500,28/9,False
502,1,right,05/09/2025 19:00:39,12/9,1/0/0,12 9 17 9,10,12/9 11/9 10/9 9/9 8/9 8/8 8/7 8/6 8/5,16/4 17/4 18/4 19/4 20/4,1500,28/9,False
503,1,right,05/09/2025 19:00:39,13/9,1/0/0,13 9 16 9,10,13/9 12/9 11/9 10/9 9/9 8/9 8/8 8/7 8/6,15/4 16/4 17/4 18/4 19/4,1500,28/9,False
504,1,right,05/09/2025 19:00:39,14/9,1/0/0,14 9 15 9,10,14/9 13/9 12/9 11/9 10/9 9/9 8/9 8/8 8/7,14/4 15/4 16/4 17/4 18/4,1500,28/9,False
505,1,right,05/09/2025 19:00:39,15/9,1/0/0,15 9 14 9,10,15/9 14/9 13/9 12/9 11/9 10/9 9/9 8/9 8/8,13/4 14/4 15/4 16/4 17/4,1500,28/9,False
506,1,right,05/09/2025 19:00:39,16/9,1/0/0,16 9 13 9,10,16/9 15/9 14/9 13/9 12/9 11/9 10/9 9/9 8/9,12/4 13/4 14/4 15/4 16/4,1500,28/9,False
507,1,right,05/09/2025 19:00:40,17/9,1/0/0,17 9 12 9,10,17/9 16/9 15/9 14/9 13/9 12/9 11/9 10/9 9/9,11/4 12/4 13/4 14/4 15/4,1500,28/9,False
508,1,right,05/09/2025 19:00:40,18/9,1/0/0,18 9 11 9,10,18/9 17/9 16/9 15/9 14/9 13/9 12/9 11/9 10/9,10/4 11/4 12/4 13/4 14/4,1500,28/9,False
509,1,right,05/09/2025 19:00:40,19/9,1/0/0,19 9 10 9,10,19/9 18/9 17/9 16/9 15/9 14/9 13/9 12/9 11/9,9/4 10/4 11/4 12/4 13/4,1500,28/9,False
510,1,right,05/09/2025 19:00:40,20/9,1/0/0,20 9 9 9,10,20/9 19/9 18/9 17/9 16/9 15/9 14/9 13/9 12/9,8/4 9/4 10/4 11/4 12/4,1500,28/9,False
511,1,right,05/09/2025 19:00:40,21/9,1/0/0,21 9 8 9,10,21/9 20/9 19/9 18/9 17/9 16/9 15/9 14/9 13/9,8/5 8/4 9/4 10/4 11/4,1500,28/9,False
512,1,right,05/09/2025 19:00:41,22/9,1/0/0,22 9 7 9,10,22/9 21/9 20/9 19/9 18/9 17/9 16/9 15/9 14/9,8/6 8/5 8/4 9/4 10/4,1500,28/9,False
513,1,right,05/09/2025 19:00:41,23/9,1/0/0,23 9 6 9,10,23/9 22/9 21/9 20/9 19/9 18/9 17/9 16/9 15/9,8/7 8/6 8/5 8/4 9/4,1500,28/9,False
514,1,right,05/09/2025 19:00:41,24/9,1/0/0,24 9 5 9,10,24/9 23/9 22/9 21/9 20/9 19/9 18/9 17/9 16/9,8/8 8/7 8/6 8/5 8/4,1500,28/9,False
515,1,right,05/09/2025 19:00:41,25/9,1/0/0,25 9 4 9,10,25/9 24/9 23/9 22/9 21/9 20/9 19/9 18/9 17/9,8/9 8/8 8/7 8/6 8/5,1500,28/9,False
516,1,right,05/09/2025 19:00:41,26/9,1/0/0,26 9 3 9,10,26/9 25/9 24/9 23/9 22/9 21/9 20/9 19/9 18/9,8/10 8/9 8/8 8/7 8/6,1500,28/9,False
517,1,right,05/09/2025 19:00:42,27/9,1/0/0,27 9 2 9,10,27/9 26/9 25/9 24/9 23/9 22/9 21/9 20/9 19/9,8/11 8/10 8/9 8/8 8/7,1500,28/9,False
518,1,down,05/09/2025 19:00:42,28/9,1/0/0,28 9 1 9,10,28/9 27/9 26/9 25/9 24/9 23/9 22/9 21/9,8/12 8/11 8/10 8/9 8/8,1600,9/17,True
519,1,down,05/09/2025 19:00:42,28/10,0/0/-1,28 10 1 8,10,28/10 28/9 27/9 26/9 25/9 24/9 23/9 22/9 21/9 20/9,8/13 8/12 8/11 8/10 8/9,1600,9/17,False
520,1,down,05/09/2025 19:00:42,28/11,0/0/-1,28 11 1 7,10,28/11 28/10 28/9 27/9 26/9 25/9 24/9 23/9 22/9 21/9,8/14 8/13 8/12 8/11 8/10,1600,9/17,False
521,1,down,05/09/2025 19:00:42,28/12,0/0/-1,28 12 1 6,10,28/12 28/11 28/10 28/9 27/9 26/9 25/9 24/9 23/9 22/9,8/15 8/14 8/13 8/12 8/11,1600,9/17,False
522,1,down,05/09/2025 19:00:43,28/13,0/0/-1,28 13 1 5,10,28/13 28/12 28/11 28/10 28/9 27/9 26/9 25/9 24/9 23/9,8/16 8/15 8/14 8/13 8/12,1600,9/17,False
523,1,down,05/09/2025 19:00:43,28/14,0/0/-1,28 14 1 4,10,28/14 28/13 28/12 28/11 28/10 28/9 27/9 26/9 25/9 24/9,9/16 8/16 8/15 8/14 8/13,1600,9/17,False
524,1,down,05/09/2025 19:00:43,28/15,0/0/-1,28 15 1 3,10,28/15 28/14 28/13 28/12 28/11 28/10 28/9 27/9 26/9 25/9,10/16 9/16 8/16 8/15 8/14,1600,9/17,False
525,1,down,05/09/2025 19:00:43,28/16,0/0/-1,28 16 1 2,10,28/16 28/15 28/14 28/13 28/12 28/11 28/10 28/9 27/9 26/9,11/16 10/16 9/16 8/16 8/15,1600,9/17,False
526,1,left,05/09/2025 19:00:43,28/17,0/0/-1,28 17 1 1,10,28/17 28/16 28/15 28/14 28/13 28/12 28/11 28/10 28/9 27/9,12/16 11/16 10/16 9/16 8/16,1600,9/17,True
527,1,left,05/09/2025 19:00:44,27/17,-1/0/0,27 17 2 1,10,27/17 28/17 28/16 28/15 28/14 28/13 28/12 28/11 28/10 28/9,13/16 12/16 11/16 10/16 9/16,1600,9/17,False
528,1,left,05/09/2025 19:00:44,26/17,-1/0/0,26 17 3 1,10,26/17 27/17 28/17 28/16 28/15 28/14 28/13 28/12 28/11 28/10,14/16 13/16 12/16 11/16 10/16,1600,9/17,False
529,1,left,05/09/2025 19:00:44,25/17,-1/0/0,25 17 4 1,10,25/17 26/17 27/17 28/17 28/16 28/15 28/14 28/13 28/12 28/11,15/16 14/16 13/16 12/16 11/16,1600,9/17,False
530,1,left,05/09/2025 19:00:44,24/17,-1/0/0,24 17 5 1,10,24/17 25/17 26/17 27/17 28/17 28/16 28/15 28/14 28/13 28/12,16/16 15/16 14/16 13/16 12/16,1600,9/17,False
531,1,left,05/09/2025 19:00:44,23/17,-1/0/0,23 17 6 1,10,23/17 24/17 25/17 26/17 27/17 28/17 28/16 28/15 28/14 28/13,17/16 16/16 15/16 14/16 13/16,1600,9/17,False
532,1,left,05/09/2025 19:00:45,22/17,-1/0/0,22 17 7 1,10,22/17 23/17 24/17 25/17 26/17 27/17 28/17 28/16 28/15 28/14,18/16 17/16 16/16 15/16 14/16,1600,9/17,False
533,1,left,05/09/2025 19:00:45,21/17,-1/0/0,21 17 8 1,10,21/17 22/17 23/17 24/17 25/17 26/17 27/17 28/17 28/16 28/15,19/16 18/16 17/16 16/16 15/16,1600,9/17,False
534,1,left,05/09/2025 19:00:45,20/17,-1/0/0,20 17 9 1,10,20/17 21/17 22/17 23/17 24/17 25/17 26/17 27/17 28/17 28/16,20/16 19/16 18/16 17/16 16/16,1600,9/17,False
535,1,left,05/09/2025 19:00:45,19/17,-1/0/0,19 17 10 1,10,19/17 20/17 21/17 22/17 23/17 24/17 25/17 26/17 27/17 28/17,21/16 20/16 19/16 18/16 17/16,1600,9/17,False
536,1,left,05/09/2025 19:00:45,18/17,-1/0/0,18 17 11 1,10,18/17 19/17 20/17 21/17 22/17 23/17 24/17 25/17 26/17 27/17,22/16 21/16 20/16 19/16 18/16,1600,9/17,False
537,1,left,05/09/2025 19:00:46,17/17,-1/0/0,17 17 12 1,10,17/17 18/17 19/17 20/17 21/17 22/17 23/17 24/17 25/17 26/17,23/16 22/16 21/16 20/16 19/16,1600,9/17,False
538,1,left,05/09/2025 19:00:46,16/17,-1/0/0,16 17 13 1,10,16/17 17/17 18/17 19/17 20/17 21/17 22/17 23/17 24/17 25/17,24/16 23/16 22/16 21/16 20/16,1600,9/17,False
539,1,left,05/09/2025 19:00:46,15/17,-1/0/0,15 17 14 1,10,15/17 16/17 17/17 18/17 19/17 20/17 21/17 22/17 23/17 24/17,24/15 24/16 23/16 22/16 21/16,1600,9/17,False
540,1,left,05/09/2025 19:00:46,14/17,-1/0/0,14 17 15 1,10,14/17 15/17 16/17 17/17 18/17 19/17 20/17 21/17 22/17 23/17,24/14 24/15 24/16 23/16 22/16,1600,9/17,False
541,1,left,05/09/2025 19:00:46,13/17,-1/0/0,13 17 16 1,10,13/17 14/17 15/17 16/17 17/17 18/17 19/17 20/17 21/17 22/17,24/13 24/14 24/15 24/16 23/16,1600,9/17,False
542,1,left,05/09/2025 19:00:47,12/17,-1/0/0,12 17 17 1,10,12/17 13/17 14/17 15/17 16/17 17/17 18/17 19/17 20/17 21/17,24/12 24/13 24/14 24/15 24/16,1600,9/17,False
543,1,left,05/09/2025 19:00:47,11/17,-1/0/0,11 17 18 1,10,11/17 12/17 13/17 14/17 15/17 16/17 17/17 18/17 19/17 20/17,24/11 24/12 24/13 24/14 24/15,1600,9/17,False
544,1,left,05/09/2025 19:00:47,10/17,-1/0/0,10 17 19 1,10,10/17 11/17 12/17 13/17 14/17 15/17 16/17 17/17 18/17 19/17,24/10 24/11 24/12 24/13 24/14,1600,9/17,False
545,1,up,05/09/2025 19:00:47,9/17,-1/0/0,9 17 20 1,10,9/17 10/17 11/17 12/17 13/17 14/17 15/17 16/17 17/17,24/9 24/10 24/11 24/12 24/13,1700,13/2,False
546,1,up,05/09/2025 19:00:47,9/16,0/0/1,9 16 20 2,10,9/16 9/17 10/17 11/17 12/17 13/17 14/17 15/17 16/17 17/17 18/17,24/8 24/9 24/10 24/11 24/12,1700,13/2,False
547,1,up,05/09/2025 19:00:48,9/15,0/0/1,9 15 20 3,10,9/15 9/16 9/17 10/17 11/17 12/17 13/17 14/17 15/17 16/17 17/17,24/7 24/8 24/9 24/10 24/11,1700,13/2,False
548,1,up,05/09/2025 19:00:48,9/14,0/0/1,9 14 20 4,10,9/14 9/15 9/16 9/17 10/17 11/17 12/17 13/17 14/17 15/17 16/17,24/6 24/7 24/8 24/9 24/10,1700,13/2,False
549,1,up,05/09/2025 19:00:48,9/13,0/0/1,9 13 20 5,10,9/13 9/14 9/15 9/16 9/17 10/17 11/17 12/17 13/17 14/17 15/17,24/5 24/6 24/7 24/8 24/9,1700,13/2,False
550,1,up,05/09/2025 19:00:48,9/12,0/0/1,9 12 20 6,10,9/12 9/13 9/14 9/15 9/16 9/17 10/17 11/17 12/17 13/17 14/17,24/4 24/5 24/6 24/7 24/8,1700,13/2,False
551,1,up,05/09/2025 19:00:48,9/11,0/0/1,9 11 20 7,10,9/11 9/12 9/13 9/14 9/15 9/16 9/17 10/17 11/17 12/17 13/17,23/4 24/4 24/5 24/6 24/7,1700,13/2,False
552,1,up,05/09/2025 19:00:49,9/10,0/0/1,9 10 20 8,10,9/10 9/11 9/12 9/13 9/14 9/15 9/16 9/17 10/17 11/17 12/17,22/4 23/4 24/4 24/5 24/6,1700,13/2,False
553,1,up,05/09/2025 19:00:49,9/9,0/0/1,9 9 20 9,10,9/9 9/10 9/11 9/12 9/13 9/14 9/15 9/16 9/17 10/17 11/17,21/4 22/4 23/4 24/4 24/5,1700,13/2,False
554,1,up,05/09/2025 19:00:49,9/8,0/0/1,9 8 20 10,10,9/8 9/9 9/10 9/11 9/12 9/13 9/14 9/15 9/16 9/17 10/17,20/4 21/4 22/4 23/4 24/4,1700,13/2,False
555,1,up,05/09/2025 19:00:49,9/7,0/0/1,9 7 20 11,10,9/7 9/8 9/9 9/10 9/11 9/12 9/13 9/14 9/15 9/16 9/17,20/3 20/4 21/4 22/4 23/4,1700,13/2,False
556,1,up,05/09/2025 19:00:49,9/6,0/0/1,9 6 20 12,10,9/6 9/7 9/8 9/9 9/10 9/11 9/12 9/13 9/14 9/15 9/16,19/3 20/3 20/4 21/4 22/4,1700,13/2,False
557,1,up,05/09/2025 19:00:50,9/5,0/0/1,9 5 20 13,10,9/5 9/6 9/7 9/8 9/9 9/10 9/11 9/12 9/13 9/14 9/15,18/3 19/3 20/3 20/4 21/4,1700,13/2,False
558,1,up,05/09/2025 19:00:50,9/4,0/0/1,9 4 20 14,10,9/4 9/5 9/6 9/7 9/8 9/9 9/10 9/11 9/12 9/13 9/14,17/3 18/3 19/3 20/3 20/4,1700,13/2,False
559,1,up,05/09/2025 19:00:50,9/3,0/0/1,9 3 20 15,10,9/3 9/4 9/5 9/6 9/7 9/8 9/9 9/10 9/11 9/12 9/13,17/2 17/3 18/3 19/3 20/3,1700,13/2,False
560,1,right,05/09/2025 19:00:50,9/2,0/0/1,9 2 20 16,10,9/2 9/3 9/4 9/5 9/6 9/7 9/8 9/9 9/10 9/11 9/12,16/2 17/2 17/3 18/3 19/3,1700,13/2,False
561,1,right,05/09/2025 19:00:50,10/2,1/0/0,10 2 19 16,10,10/2 9/2 9/3 9/4 9/5 9/6 9/7 9/8 9/9 9/10 9/11,15/2 16/2 17/2 17/3 18/3,1700,13/2,False
562,1,right,05/09/2025 19:00:51,11/2,1/0/0,11 2 18 16,10,11/2 10/2 9/2 9/3 9/4 9/5 9/6 9/7 9/8 9/9 9/10,14/2 15/2 16/2 17/2 17/3,1700,13/2,False
563,1,down,05/09/2025 19:00:51,12/2,1/0/0,12 2 17 16,10,12/2 11/2 10/2 9/2 9/3 9/4 9/5 9/6 9/7 9/8 9/9,13/2 14/2 15/2 16/2,1700,12/3,True
564,1,left,05/09/2025 19:03:48,0/0,1/0/0,0 0 29 18,10,3/9 2/9 1/9,25/9 26/9 27/9,0,8/1,False
565,1,left,05/09/2025 19:03:48,4/9,1/0/0,4 9 25 9,10,4/9 3/9 2/9,24/9 25/9 26/9,0,8/1,False
566,1,left,05/09/2025 19:03:48,5/9,1/0/0,5 9 24 9,10,5/9 4/9 3/9,23/9 24/9 25/9,0,8/1,False
567,1,up,05/09/2025 19:03:49,6/9,1/0/0,6 9 23 9,10,6/9 5/9 4/9,22/9 23/9 24/9,0,8/1,False
568,1,up,05/09/2025 19:03:49,6/8,0/0/1,6 8 23 10,10,6/8 6/9 5/9,21/9 22/9 23/9,0,8/1,False
569,1,up,05/09/2025 19:03:49,6/7,0/0/1,6 7 23 11,10,6/7 6/8 6/9,20/9 21/9 22/9,0,8/1,False
570,1,up,05/09/2025 19:03:49,6/6,0/0/1,6 6 23 12,10,6/6 6/7 6/8,19/9 20/9 21/9,0,8/1,False
571,1,up,05/09/2025 19:03:49,6/5,0/0/1,6 5 23 13,10,6/5 6/6 6/7,18/9 19/9 20/9,0,8/1,False
572,1,up,05/09/2025 19:03:50,6/4,0/0/1,6 4 23 14,10,6/4 6/5 6/6,17/9 18/9 19/9,0,8/1,False
573,1,up,05/09/2025 19:03:50,6/3,0/0/1,6 3 23 15,10,6/3 6/4 6/5,16/9 17/9 18/9,0,8/1,False
574,1,up,05/09/2025 19:03:50,6/2,0/0/1,6 2 23 16,10,6/2 6/3 6/4,15/9 16/9 17/9,0,8/1,False
575,1,right,05/09/2025 19:03:50,6/1,0/0/1,6 1 23 17,10,6/1 6/2 6/3,14/9 15/9 16/9,0,8/1,True
576,1,right,05/09/2025 19:03:50,7/1,1/0/0,7 1 22 17,10,7/1 6/1 6/2,13/9 14/9 15/9,0,8/1,False
577,1,right,05/09/2025 19:03:51,8/1,1/0/0,8 1 21 17,10,8/1 7/1,12/9 13/9 14/9,100,27/2,False
578,1,right,05/09/2025 19:03:51,9/1,1/0/0,9 1 20 17,10,9/1 8/1 7/1 6/1,11/9 12/9 13/9,100,27/2,False
579,1,right,05/09/2025 19:03:51,10/1,1/0/0,10 1 19 17,10,10/1 9/1 8/1 7/1,10/9 11/9 12/9,100,27/2,False
580,1,right,05/09/2025 19:03:51,11/1,1/0/0,11 1 18 17,10,11/1 10/1 9/1 8/1,9/9 10/9 11/9,100,27/2,False
581,1,right,05/09/2025 19:03:51,12/1,1/0/0,12 1 17 17,10,12/1 11/1 10/1 9/1,9/10 9/9 10/9,100,27/2,False
582,1,right,05/09/2025 19:03:52,13/1,1/0/0,13 1 16 17,10,13/1 12/1 11/1 10/1,9/11 9/10 9/9,100,27/2,False
583,1,right,05/09/2025 19:03:52,14/1,1/0/0,14 1 15 17,10,14/1 13/1 12/1 11/1,10/11 9/11 9/10,100,27/2,False
584,1,right,05/09/2025 19:03:52,15/1,1/0/0,15 1 14 17,10,15/1 14/1 13/1 12/1,11/11 10/11 9/11,100,27/2,False
585,1,right,05/09/2025 19:03:52,16/1,1/0/0,16 1 13 17,10,16/1 15/1 14/1 13/1,12/11 11/11 10/11,100,27/2,False
586,1,right,05/09/2025 19:03:52,17/1,1/0/0,17 1 12 17,10,17/1 16/1 15/1 14/1,13/11 12/11 11/11,100,27/2,False
587,1,right,05/09/2025 19:03:53,18/1,1/0/0,18 1 11 17,10,18/1 17/1 16/1 15/1,13/10 13/11 12/11,100,27/2,False
588,1,right,05/09/2025 19:03:53,19/1,1/0/0,19 1 10 17,10,19/1 18/1 17/1 16/1,13/9 13/10 13/11,100,27/2,False
589,1,right,05/09/2025 19:03:53,20/1,1/0/0,20 1 9 17,10,20/1 19/1 18/1 17/1,13/8 13/9 13/10,100,27/2,False
590,1,right,05/09/2025 19:03:53,21/1,1/0/0,21 1 8 17,10,21/1 20/1 19/1 18/1,13/7 13/8 13/9,100,27/2,False
591,1,right,05/09/2025 19:03:53,22/1,1/0/0,22 1 7 17,10,22/1 21/1 20/1 19/1,12/7 13/7 13/8,100,27/2,False
592,1,right,05/09/2025 19:03:54,23/1,1/0/0,23 1 6 17,10,23/1 22/1 21/1 20/1,11/7 12/7 13/7,100,27/2,False
593,1,right,05/09/2025 19:03:54,24/1,1/0/0,24 1 5 17,10,24/1 23/1 22/1 21/1,10/7 11/7 12/7,100,27/2,False
594,1,right,05/09/2025 19:03:54,25/1,1/0/0,25 1 4 17,10,25/1 24/1 23/1 22/1,9/7 10/7 11/7,100,27/2,False
595,1,right,05/09/2025 19:03:54,26/1,1/0/0,26 1 3 17,10,26/1 25/1 24/1 23/1,8/7 9/7 10/7,100,27/2,False
596,1,down,05/09/2025 19:03:54,27/1,1/0/0,27 1 2 17,10,27/1 26/1 25/1 24/1,7/7 8/7 9/7,100,27/2,False
597,1,down,05/09/2025 19:03:55,27/2,0/0/-1,27 2 2 16,10,27/2 27/1 26/1,6/7 7/7 8/7,200,20/15,False
598,1,down,05/09/2025 19:03:55,27/3,0/0/-1,27 3 2 15,10,27/3 27/2 27/1 26/1 25/1,5/7 6/7 7/7,200,20/15,False
599,1,down,05/09/2025 19:03:55,27/4,0/0/-1,27 4 2 14,10,27/4 27/3 27/2 27/1 26/1,4/7 5/7 6/7,200,20/15,False
600,1,down,05/09/2025 19:03:55,27/5,0/0/-1,27 5 2 13,10,27/5 27/4 27/3 27/2 27/1,4/6 4/7 5/7,200,20/15,False
601,1,down,05/09/2025 19:03:55,27/6,0/0/-1,27 6 2 12,10,27/6 27/5 27/4 27/3 27/2,4/5 4/6 4/7,200,20/15,False
602,1,down,05/09/2025 19:03:56,27/7,0/0/-1,27 7 2 11,10,27/7 27/6 27/5 27/4 27/3,5/5 4/5 4/6,200,20/15,False
603,1,down,05/09/2025 19:03:56,27/8,0/0/-1,27 8 2 10,10,27/8 27/7 27/6 27/5 27/4,6/5 5/5 4/5,200,20/15,False
604,1,down,05/09/2025 19:03:56,27/9,0/0/-1,27 9 2 9,10,27/9 27/8 27/7 27/6 27/5,7/5 6/5 5/5,200,20/15,False
605,1,down,05/09/2025 19:03:56,27/10,0/0/-1,27 10 2 8,10,27/10 27/9 27/8 27/7 27/6,8/5 7/5 6/5,200,20/15,False
606,1,down,05/09/2025 19:03:56,27/11,0/0/-1,27 11 2 7,10,27/11 27/10 27/9 27/8 27/7,9/5 8/5 7/5,200,20/15,False
607,1,down,05/09/2025 19:03:57,27/12,0/0/-1,27 12 2 6,10,27/12 27/11 27/10 27/9 27/8,10/5 9/5 8/5,200,20/15,False
608,1,down,05/09/2025 19:03:57,27/13,0/0/-1,27 13 2 5,10,27/13 27/12 27/11 27/10 27/9,11/5 10/5 9/5,200,20/15,False
609,1,down,05/09/2025 19:03:57,27/14,0/0/-1,27 14 2 4,10,27/14 27/13 27/12 27/11 27/10,12/5 11/5 10/5,200,20/15,False
610,1,left,05/09/2025 19:03:57,27/15,0/0/-1,27 15 2 3,10,27/15 27/14 27/13 27/12 27/11,13/5 12/5 11/5,200,20/15,False
611,1,left,05/09/2025 19:03:57,26/15,-1/0/0,26 15 3 3,10,26/15 27/15 27/14 27/13 27/12,14/5 13/5 12/5,200,20/15,False
612,1,left,05/09/2025 19:03:58,25/15,-1/0/0,25 15 4 3,10,25/15 26/15 27/15 27/14 27/13,15/5 14/5 13/5,200,20/15,False
613,1,left,05/09/2025 19:03:58,24/15,-1/0/0,24 15 5 3,10,24/15 25/15 26/15 27/15 27/14,16/5 15/5 14/5,200,20/15,False
614,1,left,05/09/2025 19:03:58,23/15,-1/0/0,23 15 6 3,10,23/15 24/15 25/15 26/15 27/15,17/5 16/5 15/5,200,20/15,False
615,1,left,05/09/2025 19:03:58,22/15,-1/0/0,22 15 7 3,10,22/15 23/15 24/15 25/15 26/15,18/5 17/5 16/5,200,20/15,False
616,1,left,05/09/2025 19:03:58,21/15,-1/0/0,21 15 8 3,10,21/15 22/15 23/15 24/15 25/15,19/5 18/5 17/5,200,20/15,False
617,1,left,05/09/2025 19:03:59,20/15,-1/0/0,20 15 9 3,10,20/15 21/15 22/15 23/15,20/5 19/5 18/5,300,4/14,False
618,1,left,05/09/2025 19:03:59,19/15,-1/0/0,19 15 10 3,10,19/15 20/15 21/15 22/15 23/15 24/15,21/5 20/5 19/5,300,4/14,False
619,1,left,05/09/2025 19:03:59,18/15,-1/0/0,18 15 11 3,10,18/15 19/15 20/15 21/15 22/15 23/15,22/5 21/5 20/5,300,4/14,False
620,1,left,05/09/2025 19:03:59,17/15,-1/0/0,17 15 12 3,10,17/15 18/15 19/15 20/15 21/15 22/15,23/5 22/5 21/5,300,4/14,False
621,1,left,05/09/2025 19:03:59,16/15,-1/0/0,16 15 13 3,10,16/15 17/15 18/15 19/15 20/15 21/15,24/5 23/5 22/5,300,4/14,False
622,1,left,05/09/2025 19:04:00,15/15,-1/0/0,15 15 14 3,10,15/15 16/15 17/15 18/15 19/15 20/15,24/6 24/5 23/5,300,4/14,False
623,1,left,05/09/2025 19:04:00,14/15,-1/0/0,14 15 15 3,10,14/15 15/15 16/15 17/15 18/15 19/15,24/7 24/6 24/5,300,4/14,False
624,1,left,05/09/2025 19:04:00,13/15,-1/0/0,13 15 16 3,10,13/15 14/15 15/15 16/15 17/15 18/15,24/8 24/7 24/6,300,4/14,False
625,1,left,05/09/2025 19:04:00,12/15,-1/0/0,12 15 17 3,10,12/15 13/15 14/15 15/15 16/15 17/15,24/9 24/8 24/7,300,4/14,False
626,1,left,05/09/2025 19:04:00,11/15,-1/0/0,11 15 18 3,10,11/15 12/15 13/15 14/15 15/15 16/15,24/10 24/9 24/8,300,4/14,False
627,1,left,05/09/2025 19:04:01,10/15,-1/0/0,10 15 19 3,10,10/15 11/15 12/15 13/15 14/15 15/15,24/11 24/10 24/9,300,4/14,False
628,1,left,05/09/2025 19:04:01,9/15,-1/0/0,9 15 20 3,10,9/15 10/15 11/15 12/15 13/15 14/15,24/12 24/11 24/10,300,4/14,False
629,1,left,05/09/2025 19:04:01,8/15,-1/0/0,8 15 21 3,10,8/15 9/15 10/15 11/15 12/15 13/15,24/13 24/12 24/11,300,4/14,False
630,1,left,05/09/2025 19:04:01,7/15,-1/0/0,7 15 22 3,10,7/15 8/15 9/15 10/15 11/15 12/15,24/14 24/13 24/12,300,4/14,False
631,1,left,05/09/2025 19:04:02,6/15,-1/0/0,6 15 23 3,10,6/15 7/15 8/15 9/15 10/15 11/15,24/15 24/14 24/13,300,4/14,False
632,1,left,05/09/2025 19:04:02,5/15,-1/0/0,5 15 24 3,10,5/15 6/15 7/15 8/15 9/15 10/15,23/15 24/15 24/14,300,4/14,False
633,1,left,05/09/2025 19:04:02,4/15,-1/0/0,4 15 25 3,10,4/15 5/15 6/15 7/15 8/15 9/15,22/15 23/15 24/15,300,4/14,False
634,1,up,05/09/2025 19:04:02,3/15,-1/0/0,3 15 26 3,10,3/15 4/15 5/15 6/15 7/15 8/15,21/15 22/15 23/15,300,4/14,False
635,1,up,05/09/2025 19:04:02,3/14,0/0/1,3 14 26 4,10,3/14 3/15 4/15 5/15 6/15 7/15,20/15 21/15 22/15,300,4/14,False
636,1,right,05/09/2025 19:04:03,3/13,0/0/1,3 13 26 5,10,3/13 3/14 3/15 4/15 5/15 6/15,19/15 20/15 21/15,300,4/14,False
637,1,right,05/09/2025 19:04:03,4/13,1/0/0,4 13 25 5,10,4/13 3/13 3/14 3/15 4/15 5/15,18/15 19/15 20/15,300,4/14,False
638,1,right,05/09/2025 19:04:03,5/13,1/0/0,5 13 24 5,10,5/13 4/13 3/13 3/14 3/15 4/15,17/15 18/15 19/15,300,4/14,False
639,1,right,05/09/2025 19:04:03,6/13,1/0/0,6 13 23 5,10,6/13 5/13 4/13 3/13 3/14 3/15,16/15 17/15 18/15,300,4/14,False
640,1,left,05/09/2025 19:04:03,7/13,1/0/0,7 13 22 5,10,7/13 6/13 5/13 4/13 3/13 3/14,15/15 16/15 17/15,300,4/14,False
641,1,left,05/09/2025 19:04:04,7/14,0/0/-1,7 14 22 4,10,7/14 7/13 6/13 5/13 4/13 3/13,14/15 15/15 16/15,300,4/14,False
642,1,left,05/09/2025 19:04:04,7/15,0/0/-1,7 15 22 3,10,7/15 7/14 7/13 6/13 5/13 4/13,13/15 14/15 15/15,300,4/14,False
643,1,left,05/09/2025 19:04:04,7/16,0/0/-1,7 16 22 2,10,7/16 7/15 7/14 7/13 6/13 5/13,12/15 13/15 14/15,300,4/14,False
644,1,left,05/09/2025 19:05:04,0/0,1/0/0,0 0 29 18,10,3/9 2/9 1/9,25/9 26/9 27/9,0,19/1,False
645,1,left,05/09/2025 19:05:04,4/9,1/0/0,4 9 25 9,10,4/9 3/9 2/9,24/9 25/9 26/9,0,19/1,False
646,1,left,05/09/2025 19:05:04,5/9,1/0/0,5 9 24 9,10,5/9 4/9 3/9,23/9 24/9 25/9,0,19/1,False
647,1,up,05/09/2025 19:05:04,6/9,1/0/0,6 9 23 9,10,6/9 5/9 4/9,22/9 23/9 24/9,0,19/1,False
648,1,up,05/09/2025 19:05:04,6/8,0/0/1,6 8 23 10,10,6/8 6/9 5/9,21/9 22/9 23/9,0,19/1,False
649,1,up,05/09/2025 19:05:05,6/7,0/0/1,6 7 23 11,10,6/7 6/8 6/9,20/9 21/9 22/9,0,19/1,False
650,1,up,05/09/2025 19:05:05,6/6,0/0/1,6 6 23 12,10,6/6 6/7 6/8,19/9 20/9 21/9,0,19/1,False
651,1,up,05/09/2025 19:05:05,6/5,0/0/1,6 5 23 13,10,6/5 6/6 6/7,18/9 19/9 20/9,0,19/1,False
652,1,up,05/09/2025 19:05:05,6/4,0/0/1,6 4 23 14,10,6/4 6/5 6/6,17/9 18/9 19/9,0,19/1,False
653,1,up,05/09/2025 19:05:05,6/3,0/0/1,6 3 23 15,10,6/3 6/4 6/5,16/9 17/9 18/9,0,19/1,False
654,1,up,05/09/2025 19:05:06,6/2,0/0/1,6 2 23 16,10,6/2 6/3 6/4,16/10 16/9 17/9,0,19/1,False
655,1,right,05/09/2025 19:05:06,6/1,0/0/1,6 1 23 17,10,6/1 6/2 6/3,16/11 16/10 16/9,0,19/1,True
656,1,right,05/09/2025 19:05:06,7/1,1/0/0,7 1 22 17,10,7/1 6/1 6/2,16/12 16/11 16/10,0,19/1,False
657,1,right,05/09/2025 19:05:06,8/1,1/0/0,8 1 21 17,10,8/1 7/1 6/1,16/13 16/12 16/11,0,19/1,False
658,1,right,05/09/2025 19:05:06,9/1,1/0/0,9 1 20 17,10,9/1 8/1 7/1,16/14 16/13 16/12,0,19/1,False
659,1,right,05/09/2025 19:05:07,10/1,1/0/0,10 1 19 17,10,10/1 9/1 8/1,16/15 16/14 16/13,0,19/1,False
660,1,right,05/09/2025 19:05:07,11/1,1/0/0,11 1 18 17,10,11/1 10/1 9/1,15/15 16/15 16/14,0,19/1,False
661,1,right,05/09/2025 19:05:07,12/1,1/0/0,12 1 17 17,10,12/1 11/1 10/1,14/15 15/15 16/15,0,19/1,False
662,1,right,05/09/2025 19:05:07,13/1,1/0/0,13 1 16 17,10,13/1 12/1 11/1,13/15 14/15 15/15,0,19/1,False
663,1,right,05/09/2025 19:05:07,14/1,1/0/0,14 1 15 17,10,14/1 13/1 12/1,12/15 13/15 14/15,0,19/1,False
664,1,right,05/09/2025 19:05:08,15/1,1/0/0,15 1 14 17,10,15/1 14/1 13/1,11/15 12/15 13/15,0,19/1,False
665,1,right,05/09/2025 19:05:08,16/1,1/0/0,16 1 13 17,10,16/1 15/1 14/1,10/15 11/15 12/15,0,19/1,False
666,1,right,05/09/2025 19:05:08,17/1,1/0/0,17 1 12 17,10,17/1 16/1 15/1,9/15 10/15 11/15,0,19/1,False
667,1,right,05/09/2025 19:05:08,18/1,1/0/0,18 1 11 17,10,18/1 17/1 16/1,8/15 9/15 10/15,0,19/1,False
668,1,right,05/09/2025 19:05:09,19/1,1/0/0,19 1 10 17,10,19/1 18/1,7/15 8/15 9/15,100,18/8,False
669,1,down,05/09/2025 19:05:09,20/1,1/0/0,20 1 9 17,10,20/1 19/1 18/1 17/1,6/15 7/15 8/15,100,18/8,False
670,1,down,05/09/2025 19:05:09,20/2,0/0/-1,20 2 9 16,10,20/2 20/1 19/1 18/1,5/15 6/15 7/15,100,18/8,False
671,1,down,05/09/2025 19:05:09,20/3,0/0/-1,20 3 9 15,10,20/3 20/2 20/1 19/1,4/15 5/15 6/15,100,18/8,False
672,1,down,05/09/2025 19:05:09,20/4,0/0/-1,20 4 9 14,10,20/4 20/3 20/2 20/1,3/15 4/15 5/15,100,18/8,False
673,1,down,05/09/2025 19:05:10,20/5,0/0/-1,20 5 9 13,10,20/5 20/4 20/3 20/2,3/14 3/15 4/15,100,18/8,False
674,1,down,05/09/2025 19:05:10,20/6,0/0/-1,20 6 9 12,10,20/6 20/5 20/4 20/3,3/13 3/14 3/15,100,18/8,False
675,1,down,05/09/2025 19:05:10,20/7,0/0/-1,20 7 9 11,10,20/7 20/6 20/5 20/4,3/12 3/13 3/14,100,18/8,False
676,1,left,05/09/2025 19:05:10,20/8,0/0/-1,20 8 9 10,10,20/8 20/7 20/6 20/5,3/11 3/12 3/13,100,18/8,False
677,1,left,05/09/2025 19:05:10,19/8,-1/0/0,19 8 10 10,10,19/8 20/8 20/7 20/6,3/10 3/11 3/12,100,18/8,False
678,1,left,05/09/2025 19:05:11,18/8,-1/0/0,18 8 11 10,10,18/8 19/8 20/8,3/9 3/10 3/11,200,8/5,False
679,1,left,05/09/2025 19:05:11,17/8,-1/0/0,17 8 12 10,10,17/8 18/8 19/8 20/8 20/7,3/8 3/9 3/10,200,8/5,False
680,1,left,05/09/2025 19:05:11,16/8,-1/0/0,16 8 13 10,10,16/8 17/8 18/8 19/8 20/8,3/7 3/8 3/9,200,8/5,False
681,1,left,05/09/2025 19:05:11,15/8,-1/0/0,15 8 14 10,10,15/8 16/8 17/8 18/8 19/8,3/6 3/7 3/8,200,8/5,False
682,1,left,05/09/2025 19:05:11,14/8,-1/0/0,14 8 15 10,10,14/8 15/8 16/8 17/8 18/8,3/5 3/6 3/7,200,8/5,False
683,1,left,05/09/2025 19:05:12,13/8,-1/0/0,13 8 16 10,10,13/8 14/8 15/8 16/8 17/8,3/4 3/5 3/6,200,8/5,False
684,1,left,05/09/2025 19:05:12,12/8,-1/0/0,12 8 17 10,10,12/8 13/8 14/8 15/8 16/8,3/3 3/4 3/5,200,8/5,False
685,1,left,05/09/2025 19:05:12,11/8,-1/0/0,11 8 18 10,10,11/8 12/8 13/8 14/8 15/8,3/2 3/3 3/4,200,8/5,False
686,1,left,05/09/2025 19:05:12,10/8,-1/0/0,10 8 19 10,10,10/8 11/8 12/8 13/8 14/8,4/2 3/2 3/3,200,8/5,False
687,1,left,05/09/2025 19:05:12,9/8,-1/0/0,9 8 20 10,10,9/8 10/8 11/8 12/8 13/8,5/2 4/2 3/2,200,8/5,False
688,1,left,05/09/2025 19:05:13,8/8,-1/0/0,8 8 21 10,10,8/8 9/8 10/8 11/8 12/8,6/2 5/2 4/2,200,8/5,False
689,1,up,05/09/2025 19:05:13,7/8,-1/0/0,7 8 22 10,10,7/8 8/8 9/8 10/8 11/8,7/2 6/2 5/2,200,8/5,False
690,1,up,05/09/2025 19:05:13,7/7,0/0/1,7 7 22 11,10,7/7 7/8 8/8 9/8 10/8,8/2 7/2 6/2,200,8/5,False
691,1,up,05/09/2025 19:05:13,7/6,0/0/1,7 6 22 12,10,7/6 7/7 7/8 8/8 9/8,9/2 8/2 7/2,200,8/5,False
692,1,right,05/09/2025 19:05:13,7/5,0/0/1,7 5 22 13,10,7/5 7/6 7/7 7/8 8/8,10/2 9/2 8/2,200,8/5,False
693,1,right,05/09/2025 19:05:14,8/5,1/0/0,8 5 21 13,10,8/5 7/5 7/6 7/7,11/2 10/2 9/2,300,19/5,False
694,1,right,05/09/2025 19:05:14,9/5,1/0/0,9 5 20 13,10,9/5 8/5 7/5 7/6 7/7 7/8,12/2 11/2 10/2,300,19/5,False
695,1,right,05/09/2025 19:05:14,10/5,1/0/0,10 5 19 13,10,10/5 9/5 8/5 7/5 7/6 7/7,13/2 12/2 11/2,300,19/5,False
696,1,right,05/09/2025 19:05:14,11/5,1/0/0,11 5 18 13,10,11/5 10/5 9/5 8/5 7/5 7/6,14/2 13/2 12/2,300,19/5,False
697,1,right,05/09/2025 19:05:14,12/5,1/0/0,12 5 17 13,10,12/5 11/5 10/5 9/5 8/5 7/5,15/2 14/2 13/2,300,19/5,False
698,1,right,05/09/2025 19:05:15,13/5,1/0/0,13 5 16 13,10,13/5 12/5 11/5 10/5 9/5 8/5,16/2 15/2 14/2,300,19/5,False
699,1,right,05/09/2025 19:05:15,14/5,1/0/0,14 5 15 13,10,14/5 13/5 12/5 11/5 10/5 9/5,17/2 16/2 15/2,300,19/5,False
700,1,right,05/09/2025 19:05:15,15/5,1/0/0,15 5 14 13,10,15/5 14/5 13/5 12/5 11/5 10/5,18/2 17/2 16/2,300,19/5,False
701,1,up,05/09/2025 19:05:15,16/5,1/0/0,16 5 13 13,10,16/5 15/5 14/5 13/5 12/5 11/5,19/2 18/2 17/2,300,19/5,False
702,1,left,05/09/2025 19:05:15,16/4,0/0/1,16 4 13 14,10,16/4 16/5 15/5 14/5 13/5 12/5,20/2 19/2 18/2,300,19/5,False
703,1,left,05/09/2025 19:05:16,15/4,-1/0/0,15 4 14 14,10,15/4 16/4 16/5 15/5 14/5 13/5,20/3 20/2 19/2,300,19/5,False
704,1,left,05/09/2025 19:05:16,14/4,-1/0/0,14 4 15 14,10,14/4 15/4 16/4 16/5 15/5 14/5,20/4 20/3 20/2,300,19/5,False
705,1,left,05/09/2025 19:05:16,13/4,-1/0/0,13 4 16 14,10,13/4 14/4 15/4 16/4 16/5 15/5,20/5 20/4 20/3,300,19/5,False
706,1,left,05/09/2025 19:05:16,12/4,-1/0/0,12 4 17 14,10,12/4 13/4 14/4 15/4 16/4 16/5,19/5 20/5,300,19/5,False
707,1,left,05/09/2025 19:05:16,11/4,-1/0/0,11 4 18 14,10,11/4 12/4 13/4 14/4 15/4 16/4,18/5 19/5 20/5 20/4,300,14/8,False
708,1,left,05/09/2025 19:05:17,10/4,-1/0/0,10 4 19 14,10,10/4 11/4 12/4 13/4 14/4 15/4,18/6 18/5 19/5 20/5,300,14/8,False
709,1,left,05/09/2025 19:05:17,9/4,-1/0/0,9 4 20 14,10,9/4 10/4 11/4 12/4 13/4 14/4,18/7 18/6 18/5 19/5,300,14/8,False
710,1,left,05/09/2025 19:05:17,8/4,-1/0/0,8 4 21 14,10,8/4 9/4 10/4 11/4 12/4 13/4,18/8 18/7 18/6 18/5,300,14/8,False
711,1,left,05/09/2025 19:05:17,7/4,-1/0/0,7 4 22 14,10,7/4 8/4 9/4 10/4 11/4 12/4,17/8 18/8 18/7 18/6,300,14/8,False
712,1,left,05/09/2025 19:05:17,6/4,-1/0/0,6 4 23 14,10,6/4 7/4 8/4 9/4 10/4 11/4,16/8 17/8 18/8 18/7,300,14/8,False
713,1,down,05/09/2025 19:05:18,5/4,-1/0/0,5 4 24 14,10,5/4 6/4 7/4 8/4 9/4 10/4,15/8 16/8 17/8 18/8,300,14/8,False
714,1,down,05/09/2025 19:05:18,5/5,0/0/-1,5 5 24 13,10,5/5 5/4 6/4 7/4 8/4 9/4,14/8 15/8 16/8,300,14/8,False
715,1,down,05/09/2025 19:05:18,5/6,0/0/-1,5 6 24 12,10,5/6 5/5 5/4 6/4 7/4 8/4,13/8 14/8 15/8 16/8 17/8,300,12/14,False
716,1,down,05/09/2025 19:05:18,5/7,0/0/-1,5 7 24 11,10,5/7 5/6 5/5 5/4 6/4 7/4,12/8 13/8 14/8 15/8 16/8,300,12/14,False
717,1,down,05/09/2025 19:05:18,5/8,0/0/-1,5 8 24 10,10,5/8 5/7 5/6 5/5 5/4 6/4,11/8 12/8 13/8 14/8 15/8,300,12/14,False
718,1,down,05/09/2025 19:05:19,5/9,0/0/-1,5 9 24 9,10,5/9 5/8 5/7 5/6 5/5 5/4,10/8 11/8 12/8 13/8 14/8,300,12/14,False
719,1,down,05/09/2025 19:05:19,5/10,0/0/-1,5 10 24 8,10,5/10 5/9 5/8 5/7 5/6 5/5,9/8 10/8 11/8 12/8 13/8,300,12/14,False
720,1,down,05/09/2025 19:05:19,5/11,0/0/-1,5 11 24 7,10,5/11 5/10 5/9 5/8 5/7 5/6,8/8 9/8 10/8 11/8 12/8,300,12/14,False
721,1,down,05/09/2025 19:05:19,5/12,0/0/-1,5 12 24 6,10,5/12 5/11 5/10 5/9 5/8 5/7,7/8 8/8 9/8 10/8 11/8,300,12/14,False
722,1,down,05/09/2025 19:05:19,5/13,0/0/-1,5 13 24 5,10,5/13 5/12 5/11 5/10 5/9 5/8,6/8 7/8 8/8 9/8 10/8,300,12/14,False
723,1,right,05/09/2025 19:05:20,5/14,0/0/-1,5 14 24 4,10,5/14 5/13 5/12 5/11 5/10 5/9,5/8 6/8 7/8 8/8 9/8,300,12/14,False
724,1,right,05/09/2025 19:05:20,6/14,1/0/0,6 14 23 4,10,6/14 5/14 5/13 5/12 5/11 5/10,4/8 5/8 6/8 7/8 8/8,300,12/14,False
725,1,right,05/09/2025 19:05:20,7/14,1/0/0,7 14 22 4,10,7/14 6/14 5/14 5/13 5/12 5/11,3/8 4/8 5/8 6/8 7/8,300,12/14,False
726,1,right,05/09/2025 19:05:20,8/14,1/0/0,8 14 21 4,10,8/14 7/14 6/14 5/14 5/13 5/12,3/7 3/8 4/8 5/8 6/8,300,12/14,False
727,1,right,05/09/2025 19:05:20,9/14,1/0/0,9 14 20 4,10,9/14 8/14 7/14 6/14 5/14 5/13,3/6 3/7 3/8 4/8 5/8,300,12/14,False
728,1,right,05/09/2025 19:05:21,10/14,1/0/0,10 14 19 4,10,10/14 9/14 8/14 7/14 6/14 5/14,3/5 3/6 3/7 3/8 4/8,300,12/14,False
729,1,right,05/09/2025 19:05:21,11/14,1/0/0,11 14 18 4,10,11/14 10/14 9/14 8/14 7/14 6/14,4/5 3/5 3/6 3/7 3/8,300,12/14,False
730,1,right,05/09/2025 19:05:21,12/14,1/0/0,12 14 17 4,10,12/14 11/14 10/14 9/14 8/14,5/5 4/5 3/5 3/6 3/7,400,24/9,False
731,1,right,05/09/2025 19:05:21,13/14,1/0/0,13 14 16 4,10,13/14 12/14 11/14 10/14 9/14 8/14 7/14,6/5 5/5 4/5 3/5 3/6,400,24/9,False
732,1,right,05/09/2025 19:05:21,14/14,1/0/0,14 14 15 4,10,14/14 13/14 12/14 11/14 10/14 9/14 8/14,7/5 6/5 5/5 4/5 3/5,400,24/9,False
733,1,right,05/09/2025 19:05:22,15/14,1/0/0,15 14 14 4,10,15/14 14/14 13/14 12/14 11/14 10/14 9/14,8/5 7/5 6/5 5/5 4/5,400,24/9,False
734,1,right,05/09/2025 19:05:22,16/14,1/0/0,16 14 13 4,10,16/14 15/14 14/14 13/14 12/14 11/14 10/14,9/5 8/5 7/5 6/5 5/5,400,24/9,False
735,1,right,05/09/2025 19:05:22,17/14,1/0/0,17 14 12 4,10,17/14 16/14 15/14 14/14 13/14 12/14 11/14,10/5 9/5 8/5 7/5 6/5,400,24/9,False
736,1,right,05/09/2025 19:05:22,18/14,1/0/0,18 14 11 4,10,18/14 17/14 16/14 15/14 14/14 13/14 12/14,11/5 10/5 9/5 8/5 7/5,400,24/9,False
737,1,right,05/09/2025 19:05:22,19/14,1/0/0,19 14 10 4,10,19/14 18/14 17/14 16/14 15/14 14/14 13/14,12/5 11/5 10/5 9/5 8/5,400,24/9,False
738,1,right,05/09/2025 19:05:23,20/14,1/0/0,20 14 9 4,10,20/14 19/14 18/14 17/14 16/14 15/14 14/14,13/5 12/5 11/5 10/5 9/5,400,24/9,False
739,1,right,05/09/2025 19:05:23,21/14,1/0/0,21 14 8 4,10,21/14 20/14 19/14 18/14 17/14 16/14 15/14,14/5 13/5 12/5 11/5 10/5,400,24/9,False
740,1,right,05/09/2025 19:05:23,22/14,1/0/0,22 14 7 4,10,22/14 21/14 20/14 19/14 18/14 17/14 16/14,15/5 14/5 13/5 12/5 11/5,400,24/9,False
741,1,right,05/09/2025 19:05:23,23/14,1/0/0,23 14 6 4,10,23/14 22/14 21/14 20/14 19/14 18/14 17/14,16/5 15/5 14/5 13/5 12/5,400,24/9,False
742,1,up,05/09/2025 19:05:23,24/14,1/0/0,24 14 5 4,10,24/14 23/14 22/14 21/14 20/14 19/14 18/14,17/5 16/5 15/5 14/5 13/5,400,24/9,False
743,1,up,05/09/2025 19:05:24,24/13,0/0/1,24 13 5 5,10,24/13 24/14 23/14 22/14 21/14 20/14 19/14,18/5 17/5 16/5 15/5 14/5,400,24/9,False
744,1,up,05/09/2025 19:05:24,24/12,0/0/1,24 12 5 6,10,24/12 24/13 24/14 23/14 22/14 21/14 20/14,19/5 18/5 17/5 16/5 15/5,400,24/9,False
745,1,up,05/09/2025 19:05:24,24/11,0/0/1,24 11 5 7,10,24/11 24/12 24/13 24/14 23/14 22/14 21/14,20/5 19/5 18/5 17/5 16/5,400,24/9,False
746,1,up,05/09/2025 19:05:24,24/10,0/0/1,24 10 5 8,10,24/10 24/11 24/12 24/13 24/14 23/14 22/14,21/5 20/5 19/5 18/5 17/5,400,24/9,False
747,1,left,05/09/2025 19:05:24,24/9,0/0/1,24 9 5 9,10,24/9 24/10 24/11 24/12 24/13 24/14,22/5 21/5 20/5 19/5 18/5,500,16/15,False
748,1,left,05/09/2025 19:05:25,23/9,-1/0/0,23 9 6 9,10,23/9 24/9 24/10 24/11 24/12 24/13 24/14 23/14,23/5 22/5 21/5 20/5 19/5,500,16/15,False
749,1,left,05/09/2025 19:05:25,22/9,-1/0/0,22 9 7 9,10,22/9 23/9 24/9 24/10 24/11 24/12 24/13 24/14,24/5 23/5 22/5 21/5 20/5,500,16/15,False
750,1,left,05/09/2025 19:05:25,21/9,-1/0/0,21 9 8 9,10,21/9 22/9 23/9 24/9 24/10 24/11 24/12 24/13,25/5 24/5 23/5 22/5 21/5,500,16/15,False
751,1,left,05/09/2025 19:05:25,20/9,-1/0/0,20 9 9 9,10,20/9 21/9 22/9 23/9 24/9 24/10 24/11 24/12,25/6 25/5 24/5 23/5 22/5,500,16/15,False
752,1,left,05/09/2025 19:05:25,19/9,-1/0/0,19 9 10 9,10,19/9 20/9 21/9 22/9 23/9 24/9 24/10 24/11,25/7 25/6 25/5 24/5 23/5,500,16/15,False
753,1,left,05/09/2025 19:05:26,18/9,-1/0/0,18 9 11 9,10,18/9 19/9 20/9 21/9 22/9 23/9 24/9 24/10,25/8 25/7 25/6 25/5 24/5,500,16/15,False
754,1,left,05/09/2025 19:05:26,17/9,-1/0/0,17 9 12 9,10,17/9 18/9 19/9 20/9 21/9 22/9 23/9 24/9,25/9 25/8 25/7 25/6 25/5,500,16/15,False
755,1,left,05/09/2025 19:05:26,16/9,-1/0/0,16 9 13 9,10,16/9 17/9 18/9 19/9 20/9 21/9 22/9 23/9,25/10 25/9 25/8 25/7 25/6,500,16/15,False
756,1,left,05/09/2025 19:05:26,15/9,-1/0/0,15 9 14 9,10,15/9 16/9 17/9 18/9 19/9 20/9 21/9 22/9,25/11 25/10 25/9 25/8 25/7,500,16/15,False
757,1,left,05/09/2025 19:05:26,14/9,-1/0/0,14 9 15 9,10,14/9 15/9 16/9 17/9 18/9 19/9 20/9 21/9,25/12 25/11 25/10 25/9 25/8,500,16/15,False
758,1,left,05/09/2025 19:05:27,13/9,-1/0/0,13 9 16 9,10,13/9 14/9 15/9 16/9 17/9 18/9 19/9 20/9,25/13 25/12 25/11 25/10 25/9,500,16/15,False
759,1,left,05/09/2025 19:05:27,12/9,-1/0/0,12 9 17 9,10,12/9 13/9 14/9 15/9 16/9 17/9 18/9 19/9,25/14 25/13 25/12 25/11 25/10,500,16/15,False
760,1,left,05/09/2025 19:05:27,11/9,-1/0/0,11 9 18 9,10,11/9 12/9 13/9 14/9 15/9 16/9 17/9 18/9,25/15 25/14 25/13 25/12 25/11,500,16/15,False
761,1,left,05/09/2025 19:05:27,10/9,-1/0/0,10 9 19 9,10,10/9 11/9 12/9 13/9 14/9 15/9 16/9 17/9,24/15 25/15 25/14 25/13 25/12,500,16/15,False
762,1,left,05/09/2025 19:05:27,9/9,-1/0/0,9 9 20 9,10,9/9 10/9 11/9 12/9 13/9 14/9 15/9 16/9,23/15 24/15 25/15 25/14 25/13,500,16/15,False
763,1,left,05/09/2025 19:05:28,8/9,-1/0/0,8 9 21 9,10,8/9 9/9 10/9 11/9 12/9 13/9 14/9 15/9,22/15 23/15 24/15 25/15 25/14,500,16/15,False
764,1,left,05/09/2025 19:05:28,7/9,-1/0/0,7 9 22 9,10,7/9 8/9 9/9 10/9 11/9 12/9 13/9 14/9,21/15 22/15 23/15 24/15 25/15,500,16/15,False
765,1,left,05/09/2025 19:05:28,6/9,-1/0/0,6 9 23 9,10,6/9 7/9 8/9 9/9 10/9 11/9 12/9 13/9,20/15 21/15 22/15 23/15 24/15,500,16/15,False
766,1,left,05/09/2025 19:05:28,5/9,-1/0/0,5 9 24 9,10,5/9 6/9 7/9 8/9 9/9 10/9 11/9 12/9,19/15 20/15 21/15 22/15 23/15,500,16/15,False
767,1,left,05/09/2025 19:05:28,4/9,-1/0/0,4 9 25 9,10,4/9 5/9 6/9 7/9 8/9 9/9 10/9 11/9,18/15 19/15 20/15 21/15 22/15,500,16/15,False
768,1,left,05/09/2025 19:05:29,3/9,-1/0/0,3 9 26 9,10,3/9 4/9 5/9 6/9 7/9 8/9 9/9 10/9,17/15 18/15 19/15 20/15 21/15,500,16/15,False
769,1,up,05/09/2025 19:05:29,2/9,-1/0/0,2 9 27 9,10,2/9 3/9 4/9 5/9 6/9 7/9 8/9 9/9,16/15 17/15 18/15 19/15,500,16/15,False
770,1,up,05/09/2025 19:05:29,2/8,0/0/1,2 8 27 10,10,2/8 2/9 3/9 4/9 5/9 6/9 7/9 8/9,15/15 16/15 17/15 18/15 19/15 20/15,500,10/5,False
771,1,up,05/09/2025 19:05:29,2/7,0/0/1,2 7 27 11,10,2/7 2/8 2/9 3/9 4/9 5/9 6/9 7/9,14/15 15/15 16/15 17/15 18/15 19/15,500,10/5,False
772,1,right,05/09/2025 19:05:29,2/6,0/0/1,2 6 27 12,10,2/6 2/7 2/8 2/9 3/9 4/9 5/9 6/9,13/15 14/15 15/15 16/15 17/15 18/15,500,10/5,False
773,1,right,05/09/2025 19:05:30,3/6,1/0/0,3 6 26 12,10,3/6 2/6 2/7 2/8 2/9 3/9 4/9 5/9,12/15 13/15 14/15 15/15 16/15 17/15,500,10/5,False
774,1,right,05/09/2025 19:05:30,4/6,1/0/0,4 6 25 12,10,4/6 3/6 2/6 2/7 2/8 2/9 3/9 4/9,11/15 12/15 13/15 14/15 15/15 16/15,500,10/5,False
775,1,right,05/09/2025 19:05:30,5/6,1/0/0,5 6 24 12,10,5/6 4/6 3/6 2/6 2/7 2/8 2/9 3/9,10/15 11/15 12/15 13/15 14/15 15/15,500,10/5,False
776,1,right,05/09/2025 19:05:30,6/6,1/0/0,6 6 23 12,10,6/6 5/6 4/6 3/6 2/6 2/7 2/8 2/9,9/15 10/15 11/15 12/15 13/15 14/15,500,10/5,False
777,1,up,05/09/2025 19:05:30,7/6,1/0/0,7 6 22 12,10,7/6 6/6 5/6 4/6 3/6 2/6 2/7 2/8,8/15 9/15 10/15 11/15 12/15 13/15,500,10/5,False
778,1,right,05/09/2025 19:05:31,7/5,0/0/1,7 5 22 13,10,7/5 7/6 6/6 5/6 4/6 3/6 2/6 2/7,7/15 8/15 9/15 10/15 11/15 12/15,500,10/5,False
779,1,right,05/09/2025 19:05:31,8/5,1/0/0,8 5 21 13,10,8/5 7/5 7/6 6/6 5/6 4/6 3/6 2/6,6/15 7/15 8/15 9/15 10/15 11/15,500,10/5,False
780,1,right,05/09/2025 19:05:31,9/5,1/0/0,9 5 20 13,10,9/5 8/5 7/5 7/6 6/6 5/6 4/6 3/6,5/15 6/15 7/15 8/15 9/15 10/15,500,10/5,False
781,1,right,05/09/2025 19:05:31,10/5,1/0/0,10 5 19 13,10,10/5 9/5 8/5 7/5 7/6 6/6 5/6,4/15 5/15 6/15 7/15 8/15 9/15,600,17/11,False
782,1,right,05/09/2025 19:05:31,11/5,1/0/0,11 5 18 13,10,11/5 10/5 9/5 8/5 7/5 7/6 6/6 5/6 4/6,4/14 4/15 5/15 6/15 7/15 8/15,600,17/11,False
783,1,right,05/09/2025 19:05:32,12/5,1/0/0,12 5 17 13,10,12/5 11/5 10/5 9/5 8/5 7/5 7/6 6/6 5/6,4/13 4/14 4/15 5/15 6/15 7/15,600,17/11,False
784,1,right,05/09/2025 19:05:32,13/5,1/0/0,13 5 16 13,10,13/5 12/5 11/5 10/5 9/5 8/5 7/5 7/6 6/6,5/13 4/13 4/14 4/15 5/15 6/15,600,17/11,False
785,1,right,05/09/2025 19:05:32,14/5,1/0/0,14 5 15 13,10,14/5 13/5 12/5 11/5 10/5 9/5 8/5 7/5 7/6,6/13 5/13 4/13 4/14 4/15 5/15,600,17/11,False
786,1,right,05/09/2025 19:05:32,15/5,1/0/0,15 5 14 13,10,15/5 14/5 13/5 12/5 11/5 10/5 9/5 8/5 7/5,7/13 6/13 5/13 4/13 4/14 4/15,600,17/11,False
787,1,right,05/09/2025 19:05:32,16/5,1/0/0,16 5 13 13,10,16/5 15/5 14/5 13/5 12/5 11/5 10/5 9/5 8/5,8/13 7/13 6/13 5/13 4/13 4/14,600,17/11,False
788,1,down,05/09/2025 19:05:33,17/5,1/0/0,17 5 12 13,10,17/5 16/5 15/5 14/5 13/5 12/5 11/5 10/5 9/5,9/13 8/13 7/13 6/13 5/13 4/13,600,17/11,False
789,1,down,05/09/2025 19:05:33,17/6,0/0/-1,17 6 12 12,10,17/6 17/5 16/5 15/5 14/5 13/5 12/5 11/5 10/5,10/13 9/13 8/13 7/13 6/13 5/13,600,17/11,False
790,1,down,05/09/2025 19:05:33,17/7,0/0/-1,17 7 12 11,10,17/7 17/6 17/5 16/5 15/5 14/5 13/5 12/5 11/5,11/13 10/13 9/13 8/13 7/13 6/13,600,17/11,False
791,1,down,05/09/2025 19:05:33,17/8,0/0/-1,17 8 12 10,10,17/8 17/7 17/6 17/5 16/5 15/5 14/5 13/5 12/5,12/13 11/13 10/13 9/13 8/13 7/13,600,17/11,False
792,1,down,05/09/2025 19:05:33,17/9,0/0/-1,17 9 12 9,10,17/9 17/8 17/7 17/6 17/5 16/5 15/5 14/5 13/5,13/13 12/13 11/13 10/13 9/13 8/13,600,17/11,False
793,1,down,05/09/2025 19:05:34,17/10,0/0/-1,17 10 12 8,10,17/10 17/9 17/8 17/7 17/6 17/5 16/5 15/5 14/5,14/13 13/13 12/13 11/13 10/13 9/13,600,17/11,False
794,1,left,05/09/2025 19:05:34,17/11,0/0/-1,17 11 12 7,10,17/11 17/10 17/9 17/8 17/7 17/6 17/5 16/5,15/13 14/13 13/13 12/13 11/13 10/13,700,12/9,False
795,1,left,05/09/2025 19:05:34,16/11,-1/0/0,16 11 13 7,10,16/11 17/11 17/10 17/9 17/8 17/7 17/6 17/5 16/5 15/5,16/13 15/13 14/13 13/13 12/13 11/13,700,12/9,False
796,1,left,05/09/2025 19:05:34,15/11,-1/0/0,15 11 14 7,10,15/11 16/11 17/11 17/10 17/9 17/8 17/7 17/6 17/5 16/5,17/13 16/13 15/13 14/13 13/13 12/13,700,12/9,False
797,1,left,05/09/2025 19:05:34,14/11,-1/0/0,14 11 15 7,10,14/11 15/11 16/11 17/11 17/10 17/9 17/8 17/7 17/6 17/5,18/13 17/13 16/13 15/13 14/13 13/13,700,12/9,False
798,1,left,05/09/2025 19:05:35,13/11,-1/0/0,13 11 16 7,10,13/11 14/11 15/11 16/11 17/11 17/10 17/9 17/8 17/7 17/6,19/13 18/13 17/13 16/13 15/13 14/13,700,12/9,False
799,1,up,05/09/2025 19:05:35,12/11,-1/0/0,12 11 17 7,10,12/11 13/11 14/11 15/11 16/11 17/11 17/10 17/9 17/8 17/7,20/13 19/13 18/13 17/13 16/13 15/13,700,12/9,False
800,1,up,05/09/2025 19:05:35,12/10,0/0/1,12 10 17 8,10,12/10 12/11 13/11 14/11 15/11 16/11 17/11 17/10 17/9 17/8,21/13 20/13 19/13 18/13 17/13 16/13,700,12/9,False
801,1,up,05/09/2025 19:05:35,12/9,0/0/1,12 9 17 9,10,12/9 12/10 12/11 13/11 14/11 15/11 16/11 17/11 17/10,22/13 21/13 20/13 19/13 18/13 17/13,800,15/5,False
802,1,up,05/09/2025 19:05:35,12/8,0/0/1,12 8 17 10,10,12/8 12/9 12/10 12/11 13/11 14/11 15/11 16/11 17/11 17/10 17/9,23/13 22/13 21/13 20/13 19/13 18/13,800,15/5,False
803,1,up,05/09/2025 19:05:36,12/7,0/0/1,12 7 17 11,10,12/7 12/8 12/9 12/10 12/11 13/11 14/11 15/11 16/11 17/11 17/10,23/12 23/13 22/13 21/13 20/13 19/13,800,15/5,False
804,1,up,05/09/2025 19:05:36,12/6,0/0/1,12 6 17 12,10,12/6 12/7 12/8 12/9 12/10 12/11 13/11 14/11 15/11 16/11 17/11,23/11 23/12 23/13 22/13 21/13 20/13,800,15/5,False
805,1,up,05/09/2025 19:05:36,12/5,0/0/1,12 5 17 13,10,12/5 12/6 12/7 12/8 12/9 12/10 12/11 13/11 14/11 15/11 16/11,23/10 23/11 23/12 23/13 22/13 21/13,800,15/5,False
806,1,right,05/09/2025 19:05:36,12/4,0/0/1,12 4 17 14,10,12/4 12/5 12/6 12/7 12/8 12/9 12/10 12/11 13/11 14/11 15/11,23/9 23/10 23/11 23/12 23/13 22/13,800,15/5,False
807,1,right,05/09/2025 19:05:36,13/4,1/0/0,13 4 16 14,10,13/4 12/4 12/5 12/6 12/7 12/8 12/9 12/10 12/11 13/11 14/11,23/8 23/9 23/10 23/11 23/12 23/13,800,15/5,False
808,1,right,05/09/2025 19:05:37,14/4,1/0/0,14 4 15 14,10,14/4 13/4 12/4 12/5 12/6 12/7 12/8 12/9 12/10 12/11 13/11,23/7 23/8 23/9 23/10 23/11 23/12,800,15/5,False
809,1,down,05/09/2025 19:05:37,15/4,1/0/0,15 4 14 14,10,15/4 14/4 13/4 12/4 12/5 12/6 12/7 12/8 12/9 12/10 12/11,23/6 23/7 23/8 23/9 23/10 23/11,800,15/5,False
810,1,down,05/09/2025 19:05:37,15/5,0/0/-1,15 5 14 13,10,15/5 15/4 14/4 13/4 12/4 12/5 12/6 12/7 12/8 12/9,23/5 23/6 23/7 23/8 23/9 23/10,900,21/4,False
811,2,down,05/09/2025 19:05:37,15/6,0/0/-1,15 6 14 12,10,15/6 15/5 15/4 14/4 13/4 12/4 12/5 12/6 12/7 12/8 12/9 12/10,23/4 23/5 23/6 23/7 23/8 23/9,900,21/4,False
812,1,down,05/09/2025 19:05:37,15/7,0/0/-1,15 7 14 11,10,15/7 15/6 15/5 15/4 14/4 13/4 12/4 12/5 12/6 12/7 12/8 12/9,22/4 23/4 23/5 23/6 23/7 23/8,900,21/4,False
813,1,down,05/09/2025 19:05:38,15/8,0/0/-1,15 8 14 10,10,15/8 15/7 15/6 15/5 15/4 14/4 13/4 12/4 12/5 12/6 12/7 12/8,21/4 22/4 23/4 23/5 23/6,900,21/4,False
814,1,down,05/09/2025 19:05:38,15/9,0/0/-1,15 9 14 9,10,15/9 15/8 15/7 15/6 15/5 15/4 14/4 13/4 12/4 12/5 12/6 12/7,20/4 21/4 22/4 23/4 23/5 23/6 23/7,900,22/15,False
815,1,down,05/09/2025 19:05:38,15/10,0/0/-1,15 10 14 8,10,15/10 15/9 15/8 15/7 15/6 15/5 15/4 14/4 13/4 12/4 12/5 12/6,19/4 20/4 21/4 22/4 23/4 23/5 23/6,900,22/15,False
816,1,down,05/09/2025 19:05:38,15/11,0/0/-1,15 11 14 7,10,15/11 15/10 15/9 15/8 15/7 15/6 15/5 15/4 14/4 13/4 12/4 12/5,18/4 19/4 20/4 21/4 22/4 23/4 23/5,900,22/15,False
817,1,down,05/09/2025 19:05:38,15/12,0/0/-1,15 12 14 6,10,15/12 15/11 15/10 15/9 15/8 15/7 15/6 15/5 15/4 14/4 13/4 12/4,18/3 18/4 19/4 20/4 21/4 22/4 23/4,900,22/15,False
818,1,down,05/09/2025 19:05:39,15/13,0/0/-1,15 13 14 5,10,15/13 15/12 15/11 15/10 15/9 15/8 15/7 15/6 15/5 15/4 14/4 13/4,17/3 18/3 18/4 19/4 20/4 21/4 22/4,900,22/15,False
819,1,right,05/09/2025 19:05:39,15/14,0/0/-1,15 14 14 4,10,15/14 15/13 15/12 15/11 15/10 15/9 15/8 15/7 15/6 15/5 15/4 14/4,16/3 17/3 18/3 18/4 19/4 20/4 21/4,900,22/15,False
820,1,right,05/09/2025 19:05:39,16/14,1/0/0,16 14 13 4,10,16/14 15/14 15/13 15/12 15/11 15/10 15/9 15/8 15/7 15/6 15/5 15/4,15/3 16/3 17/3 18/3 18/4 19/4 20/4,900,22/15,False
821,1,right,05/09/2025 19:05:39,17/14,1/0/0,17 14 12 4,10,17/14 16/14 15/14 15/13 15/12 15/11 15/10 15/9 15/8 15/7 15/6 15/5,14/3 15/3 16/3 17/3 18/3 18/4 19/4,900,22/15,False
822,1,right,05/09/2025 19:05:39,18/14,1/0/0,18 14 11 4,10,18/14 17/14 16/14 15/14 15/13 15/12 15/11 15/10 15/9 15/8 15/7 15/6,13/3 14/3 15/3 16/3 17/3 18/3 18/4,900,22/15,False
823,1,right,05/09/2025 19:05:40,19/14,1/0/0,19 14 10 4,10,19/14 18/14 17/14 16/14 15/14 15/13 15/12 15/11 15/10 15/9 15/8 15/7,12/3 13/3 14/3 15/3 16/3 17/3 18/3,900,22/15,False
824,1,right,05/09/2025 19:05:40,20/14,1/0/0,20 14 9 4,10,20/14 19/14 18/14 17/14 16/14 15/14 15/13 15/12 15/11 15/10 15/9 15/8,11/3 12/3 13/3 14/3 15/3 16/3 17/3,900,22/15,False
825,1,right,05/09/2025 19:05:40,21/14,1/0/0,21 14 8 4,10,21/14 20/14 19/14 18/14 17/14 16/14 15/14 15/13 15/12 15/11 15/10 15/9,10/3 11/3 12/3 13/3 14/3 15/3 16/3,900,22/15,False
826,1,down,05/09/2025 19:05:40,22/14,1/0/0,22 14 7 4,10,22/14 21/14 20/14 19/14 18/14 17/14 16/14 15/14 15/13 15/12 15/11 15/10,9/3 10/3 11/3 12/3 13/3 14/3 15/3,900,22/15,False
827,1,down,05/09/2025 19:05:40,22/15,0/0/-1,22 15 7 3,10,22/15 22/14 21/14 20/14 19/14 18/14 17/14 16/14 15/14 15/13 15/12,8/3 9/3 10/3 11/3 12/3 13/3 14/3,1000,11/13,False
828,1,left,05/09/2025 19:05:41,22/16,0/0/-1,22 16 7 2,10,22/16 22/15 22/14 21/14 20/14 19/14 18/14 17/14 16/14 15/14 15/13 15/12 15/11,7/3 8/3 9/3 10/3 11/3 12/3 13/3,1000,11/13,False
829,1,left,05/09/2025 19:05:41,21/16,-1/0/0,21 16 8 2,10,21/16 22/16 22/15 22/14 21/14 20/14 19/14 18/14 17/14 16/14 15/14 15/13 15/12,6/3 7/3 8/3 9/3 10/3 11/3 12/3,1000,11/13,False
830,1,left,05/09/2025 19:05:41,20/16,-1/0/0,20 16 9 2,10,20/16 21/16 22/16 22/15 22/14 21/14 20/14 19/14 18/14 17/14 16/14 15/14 15/13,5/3 6/3 7/3 8/3 9/3 10/3 11/3,1000,11/13,False
831,1,left,05/09/2025 19:05:41,19/16,-1/0/0,19 16 10 2,10,19/16 20/16 21/16 22/16 22/15 22/14 21/14 20/14 19/14 18/14 17/14 16/14 15/14,4/3 5/3 6/3 7/3 8/3 9/3 10/3,1000,11/13,False
832,1,left,05/09/2025 19:05:41,18/16,-1/0/0,18 16 11 2,10,18/16 19/16 20/16 21/16 22/16 22/15 22/14 21/14 20/14 19/14 18/14 17/14 16/14,4/2 4/3 5/3 6/3 7/3 8/3 9/3,1000,11/13,False
833,1,left,05/09/2025 19:05:42,17/16,-1/0/0,17 16 12 2,10,17/16 18/16 19/16 20/16 21/16 22/16 22/15 22/14 21/14 20/14 19/14 18/14 17/14,5/2 4/2 4/3 5/3 6/3 7/3 8/3,1000,11/13,False
834,1,left,05/09/2025 19:05:42,16/16,-1/0/0,16 16 13 2,10,16/16 17/16 18/16 19/16 20/16 21/16 22/16 22/15 22/14 21/14 20/14 19/14 18/14,6/2 5/2 4/2 4/3 5/3 6/3 7/3,1000,11/13,False
835,1,left,05/09/2025 19:05:42,15/16,-1/0/0,15 16 14 2,10,15/16 16/16 17/16 18/16 19/16 20/16 21/16 22/16 22/15 22/14 21/14 20/14 19/14,7/2 6/2 5/2 4/2 4/3 5/3 6/3,1000,11/13,False
836,1,left,05/09/2025 19:05:42,14/16,-1/0/0,14 16 15 2,10,14/16 15/16 16/16 17/16 18/16 19/16 20/16 21/16 22/16 22/15 22/14 21/14 20/14,8/2 7/2 6/2 5/2 4/2 4/3 5/3,1000,11/13,False
837,1,left,05/09/2025 19:05:42,13/16,-1/0/0,13 16 16 2,10,13/16 14/16 15/16 16/16 17/16 18/16 19/16 20/16 21/16 22/16 22/15 22/14 21/14,9/2 8/2 7/2 6/2 5/2 4/2 4/3,1000,11/13,False
838,1,left,05/09/2025 19:05:43,12/16,-1/0/0,12 16 17 2,10,12/16 13/16 14/16 15/16 16/16 17/16 18/16 19/16 20/16 21/16 22/16 22/15 22/14,10/2 9/2 8/2 7/2 6/2 5/2 4/2,1000,11/13,False
839,1,up,05/09/2025 19:05:43,11/16,-1/0/0,11 16 18 2,10,11/16 12/16 13/16 14/16 15/16 16/16 17/16 18/16 19/16 20/16 21/16 22/16 22/15,11/2 10/2 9/2 8/2 7/2 6/2 5/2,1000,11/13,False
840,1,up,05/09/2025 19:05:43,11/15,0/0/1,11 15 18 3,10,11/15 11/16 12/16 13/16 14/16 15/16 16/16 17/16 18/16 19/16 20/16 21/16 22/16,12/2 11/2 10/2 9/2 8/2 7/2 6/2,1000,11/13,False
841,1,up,05/09/2025 19:05:43,11/14,0/0/1,11 14 18 4,10,11/14 11/15 11/16 12/16 13/16 14/16 15/16 16/16 17/16 18/16 19/16 20/16 21/16,13/2 12/2 11/2 10/2 9/2 8/2 7/2,1000,11/13,False
842,1,up,05/09/2025 19:05:43,11/13,0/0/1,11 13 18 5,10,11/13 11/14 11/15 11/16 12/16 13/16 14/16 15/16 16/16 17/16 18/16 19/16,14/2 13/2 12/2 11/2 10/2 9/2 8/2,1100,14/3,False
843,1,up,05/09/2025 19:05:44,11/12,0/0/1,11 12 18 6,10,11/12 11/13 11/14 11/15 11/16 12/16 13/16 14/16 15/16 16/16 17/16 18/16 19/16 20/16,15/2 14/2 13/2 12/2 11/2 10/2 9/2,1100,14/3,False
844,1,up,05/09/2025 19:05:44,11/11,0/0/1,11 11 18 7,10,11/11 11/12 11/13 11/14 11/15 11/16 12/16 13/16 14/16 15/16 16/16 17/16 18/16 19/16,16/2 15/2 14/2 13/2 12/2 11/2 10/2,1100,14/3,False
845,1,up,05/09/2025 19:05:44,11/10,0/0/1,11 10 18 8,10,11/10 11/11 11/12 11/13 11/14 11/15 11/16 12/16 13/16 14/16 15/16 16/16 17/16 18/16,17/2 16/2 15/2 14/2 13/2 12/2 11/2,1100,14/3,False
846,1,up,05/09/2025 19:05:44,11/9,0/0/1,11 9 18 9,10,11/9 11/10 11/11 11/12 11/13 11/14 11/15 11/16 12/16 13/16 14/16 15/16 16/16 17/16,18/2 17/2 16/2 15/2 14/2 13/2 12/2,1100,14/3,False
847,1,up,05/09/2025 19:05:44,11/8,0/0/1,11 8 18 10,10,11/8 11/9 11/10 11/11 11/12 11/13 11/14 11/15 11/16 12/16 13/16 14/16 15/16 16/16,19/2 18/2 17/2 16/2 15/2 14/2 13/2,1100,14/3,False
848,1,up,05/09/2025 19:05:45,11/7,0/0/1,11 7 18 11,10,11/7 11/8 11/9 11/10 11/11 11/12 11/13 11/14 11/15 11/16 12/16 13/16 14/16 15/16,20/2 19/2 18/2 17/2 16/2 15/2 14/2,1100,14/3,False
849,1,up,05/09/2025 19:05:45,11/6,0/0/1,11 6 18 12,10,11/6 11/7 11/8 11/9 11/10 11/11 11/12 11/13 11/14 11/15 11/16 12/16 13/16 14/16,21/2 20/2 19/2 18/2 17/2 16/2 15/2,1100,14/3,False
850,1,up,05/09/2025 19:05:45,11/5,0/0/1,11 5 18 13,10,11/5 11/6 11/7 11/8 11/9 11/10 11/11 11/12 11/13 11/14 11/15 11/16 12/16 13/16,21/3 21/2 20/2 19/2 18/2 17/2 16/2,1100,14/3,False
851,1,up,05/09/2025 19:05:45,11/4,0/0/1,11 4 18 14,10,11/4 11/5 11/6 11/7 11/8 11/9 11/10 11/11 11/12 11/13 11/14 11/15 11/16 12/16,21/4 21/3 21/2 20/2 19/2 18/2 17/2,1100,14/3,False
852,1,right,05/09/2025 19:05:45,11/3,0/0/1,11 3 18 15,10,11/3 11/4 11/5 11/6 11/7 11/8 11/9 11/10 11/11 11/12 11/13 11/14 11/15 11/16,21/5 21/4 21/3 21/2 20/2 19/2 18/2,1100,14/3,False
853,1,right,05/09/2025 19:05:46,12/3,1/0/0,12 3 17 15,10,12/3 11/3 11/4 11/5 11/6 11/7 11/8 11/9 11/10 11/11 11/12 11/13 11/14 11/15,21/6 21/5 21/4 21/3 21/2 20/2 19/2,1100,14/3,False
854,1,right,05/09/2025 19:05:46,13/3,1/0/0,13 3 16 15,10,13/3 12/3 11/3 11/4 11/5 11/6 11/7 11/8 11/9 11/10 11/11 11/12 11/13 11/14,21/7 21/6 21/5 21/4 21/3 21/2 20/2,1100,14/3,False
855,1,right,05/09/2025 19:05:46,14/3,1/0/0,14 3 15 15,10,14/3 13/3 12/3 11/3 11/4 11/5 11/6 11/7 11/8 11/9 11/10 11/11 11/12,21/8 21/7 21/6 21/5 21/4 21/3 21/2,1200,5/3,False
856,1,right,05/09/2025 19:05:46,15/3,1/0/0,15 3 14 15,10,15/3 14/3 13/3 12/3 11/3 11/4 11/5 11/6 11/7 11/8 11/9 11/10 11/11 11/12 11/13,21/9 21/8 21/7 21/6 21/5 21/4 21/3,1200,5/3,False
857,1,right,05/09/2025 19:05:46,16/3,1/0/0,16 3 13 15,10,16/3 15/3 14/3 13/3 12/3 11/3 11/4 11/5 11/6 11/7 11/8 11/9 11/10 11/11 11/12,21/10 21/9 21/8 21/7 21/6 21/5 21/4,1200,5/3,False
858,1,right,05/09/2025 19:05:47,17/3,1/0/0,17 3 12 15,10,17/3 16/3 15/3 14/3 13/3 12/3 11/3 11/4 11/5 11/6 11/7 11/8 11/9 11/10 11/11,20/10 21/10 21/9 21/8 21/7 21/6 21/5,1200,5/3,False
859,1,right,05/09/2025 19:05:47,18/3,1/0/0,18 3 11 15,10,18/3 17/3 16/3 15/3 14/3 13/3 12/3 11/3 11/4 11/5 11/6 11/7 11/8 11/9 11/10,19/10 20/10 21/10 21/9 21/8 21/7 21/6,1200,5/3,False
860,1,down,05/09/2025 19:05:47,19/3,1/0/0,19 3 10 15,10,19/3 18/3 17/3 16/3 15/3 14/3 13/3 12/3 11/3 11/4 11/5 11/6 11/7 11/8 11/9,18/10 19/10 20/10 21/10 21/9 21/8 21/7,1200,5/3,False
861,1,down,05/09/2025 19:05:47,19/4,0/0/-1,19 4 10 14,10,19/4 19/3 18/3 17/3 16/3 15/3 14/3 13/3 12/3 11/3 11/4 11/5 11/6 11/7 11/8,17/10 18/10 19/10 20/10 21/10 21/9 21/8,1200,5/3,False
862,1,left,05/09/2025 19:05:47,19/5,0/0/-1,19 5 10 13,10,19/5 19/4 19/3 18/3 17/3 16/3 15/3 14/3 13/3 12/3 11/3 11/4 11/5 11/6 11/7,16/10 17/10 18/10 19/10 20/10 21/10 21/9,1200,5/3,False
863,1,left,05/09/2025 19:05:48,18/5,-1/0/0,18 5 11 13,10,18/5 19/5 19/4 19/3 18/3 17/3 16/3 15/3 14/3 13/3 12/3 11/3 11/4 11/5 11/6,15/10 16/10 17/10 18/10 19/10 20/10 21/10,1200,5/3,False
864,1,left,05/09/2025 19:05:48,17/5,-1/0/0,17 5 12 13,10,17/5 18/5 19/5 19/4 19/3 18/3 17/3 16/3 15/3 14/3 13/3 12/3 11/3 11/4 11/5,14/10 15/10 16/10 17/10 18/10 19/10 20/10,1200,5/3,False
865,1,left,05/09/2025 19:05:48,16/5,-1/0/0,16 5 13 13,10,16/5 17/5 18/5 19/5 19/4 19/3 18/3 17/3 16/3 15/3 14/3 13/3 12/3 11/3 11/4,13/10 14/10 15/10 16/10 17/10 18/10 19/10,1200,5/3,False
866,1,left,05/09/2025 19:05:48,15/5,-1/0/0,15 5 14 13,10,15/5 16/5 17/5 18/5 19/5 19/4 19/3 18/3 17/3 16/3 15/3 14/3 13/3 12/3 11/3,12/10 13/10 14/10 15/10 16/10 17/10 18/10,1200,5/3,False
867,1,left,05/09/2025 19:05:48,14/5,-1/0/0,14 5 15 13,10,14/5 15/5 16/5 17/5 18/5 19/5 19/4 19/3 18/3 17/3 16/3 15/3 14/3 13/3 12/3,11/10 12/10 13/10 14/10 15/10 16/10 17/10,1200,5/3,False
868,1,left,05/09/2025 19:05:49,13/5,-1/0/0,13 5 16 13,10,13/5 14/5 15/5 16/5 17/5 18/5 19/5 19/4 19/3 18/3 17/3 16/3 15/3 14/3 13/3,10/10 11/10 12/10 13/10 14/10 15/10 16/10,1200,5/3,False
869,1,left,05/09/2025 19:05:49,12/5,-1/0/0,12 5 17 13,10,12/5 13/5 14/5 15/5 16/5 17/5 18/5 19/5 19/4 19/3 18/3 17/3 16/3 15/3 14/3,9/10 10/10 11/10 12/10 13/10 14/10 15/10,1200,5/3,False
870,1,left,05/09/2025 19:05:49,11/5,-1/0/0,11 5 18 13,10,11/5 12/5 13/5 14/5 15/5 16/5 17/5 18/5 19/5 19/4 19/3 18/3 17/3 16/3 15/3,9/9 9/10 10/10 11/10 12/10 13/10 14/10,1200,5/3,False
871,1,left,05/09/2025 19:05:49,10/5,-1/0/0,10 5 19 13,10,10/5 11/5 12/5 13/5 14/5 15/5 16/5 17/5 18/5 19/5 19/4 19/3 18/3 17/3 16/3,10/9 9/9 9/10 10/10 11/10 12/10 13/10,1200,5/3,False
872,1,left,05/09/2025 19:05:49,9/5,-1/0/0,9 5 20 13,10,9/5 10/5 11/5 12/5 13/5 14/5 15/5 16/5 17/5 18/5 19/5 19/4 19/3 18/3 17/3,11/9 10/9 9/9 9/10 10/10 11/10 12/10,1200,5/3,False
873,1,left,05/09/2025 19:05:50,8/5,-1/0/0,8 5 21 13,10,8/5 9/5 10/5 11/5 12/5 13/5 14/5 15/5 16/5 17/5 18/5 19/5 19/4 19/3 18/3,12/9 11/9 10/9 9/9 9/10 10/10 11/10,1200,5/3,False
874,1,left,05/09/2025 19:05:50,7/5,-1/0/0,7 5 22 13,10,7/5 8/5 9/5 10/5 11/5 12/5 13/5 14/5 15/5 16/5 17/5 18/5 19/5 19/4 19/3,13/9 12/9 11/9 10/9 9/9 9/10 10/10,1200,5/3,False
875,1,left,05/09/2025 19:05:50,6/5,-1/0/0,6 5 23 13,10,6/5 7/5 8/5 9/5 10/5 11/5 12/5 13/5 14/5 15/5 16/5 17/5 18/5 19/5 19/4,14/9 13/9 12/9 11/9 10/9 9/9 9/10,1200,5/3,False
876,1,up,05/09/2025 19:05:50,5/5,-1/0/0,5 5 24 13,10,5/5 6/5 7/5 8/5 9/5 10/5 11/5 12/5 13/5 14/5 15/5 16/5 17/5 18/5 19/5,15/9 14/9 13/9 12/9 11/9 10/9 9/9,1200,5/3,False
877,1,up,05/09/2025 19:05:50,5/4,0/0/1,5 4 24 14,10,5/4 5/5 6/5 7/5 8/5 9/5 10/5 11/5 12/5 13/5 14/5 15/5 16/5 17/5 18/5,16/9 15/9 14/9 13/9 12/9 11/9 10/9,1200,5/3,False
878,1,up,05/09/2025 19:05:51,5/3,0/0/1,5 3 24 15,10,5/3 5/4 5/5 6/5 7/5 8/5 9/5 10/5 11/5 12/5 13/5 14/5 15/5 16/5,17/9 16/9 15/9 14/9 13/9 12/9 11/9,1300,5/13,False
879,1,right,05/09/2025 19:05:51,5/2,0/0/1,5 2 24 16,10,5/2 5/3 5/4 5/5 6/5 7/5 8/5 9/5 10/5 11/5 12/5 13/5 14/5 15/5 16/5 17/5,18/9 17/9 16/9 15/9 14/9 13/9 12/9,1300,5/13,False
880,1,right,05/09/2025 19:05:51,6/2,1/0/0,6 2 23 16,10,6/2 5/2 5/3 5/4 5/5 6/5 7/5 8/5 9/5 10/5 11/5 12/5 13/5 14/5 15/5 16/5,19/9 18/9 17/9 16/9 15/9 14/9 13/9,1300,5/13,False
881,1,right,05/09/2025 19:05:51,7/2,1/0/0,7 2 22 16,10,7/2 6/2 5/2 5/3 5/4 5/5 6/5 7/5 8/5 9/5 10/5 11/5 12/5 13/5 14/5 15/5,20/9 19/9 18/9 17/9 16/9 15/9 14/9,1300,5/13,False
882,1,right,05/09/2025 19:05:51,8/2,1/0/0,8 2 21 16,10,8/2 7/2 6/2 5/2 5/3 5/4 5/5 6/5 7/5 8/5 9/5 10/5 11/5 12/5 13/5 14/5,21/9 20/9 19/9 18/9 17/9 16/9 15/9,1300,5/13,False
883,1,right,05/09/2025 19:05:52,9/2,1/0/0,9 2 20 16,10,9/2 8/2 7/2 6/2 5/2 5/3 5/4 5/5 6/5 7/5 8/5 9/5 10/5 11/5 12/5 13/5,22/9 21/9 20/9 19/9 18/9 17/9 16/9,1300,5/13,False
884,1,right,05/09/2025 19:05:52,10/2,1/0/0,10 2 19 16,10,10/2 9/2 8/2 7/2 6/2 5/2 5/3 5/4 5/5 6/5 7/5 8/5 9/5 10/5 11/5 12/5,23/9 22/9 21/9 20/9 19/9 18/9 17/9,1300,5/13,False
885,1,right,05/09/2025 19:05:52,11/2,1/0/0,11 2 18 16,10,11/2 10/2 9/2 8/2 7/2 6/2 5/2 5/3 5/4 5/5 6/5 7/5 8/5 9/5 10/5 11/5,23/8 23/9 22/9 21/9 20/9 19/9 18/9,1300,5/13,False
886,1,down,05/09/2025 19:05:52,12/2,1/0/0,12 2 17 16,10,12/2 11/2 10/2 9/2 8/2 7/2 6/2 5/2 5/3 5/4 5/5 6/5 7/5 8/5 9/5 10/5,23/7 23/8 23/9 22/9 21/9 20/9 19/9,1300,5/13,False
887,1,down,05/09/2025 19:05:53,12/3,0/0/-1,12 3 17 15,10,12/3 12/2 11/2 10/2 9/2 8/2 7/2 6/2 5/2 5/3 5/4 5/5 6/5 7/5 8/5 9/5,23/6 23/7 23/8 23/9 22/9 21/9 20/9,1300,5/13,False
888,1,down,05/09/2025 19:05:53,12/4,0/0/-1,12 4 17 14,10,12/4 12/3 12/2 11/2 10/2 9/2 8/2 7/2 6/2 5/2 5/3 5/4 5/5 6/5 7/5 8/5,23/5 23/6 23/7 23/8 23/9 22/9 21/9,1300,5/13,False
889,1,down,05/09/2025 19:05:53,12/5,0/0/-1,12 5 17 13,10,12/5 12/4 12/3 12/2 11/2 10/2 9/2 8/2 7/2 6/2 5/2 5/3 5/4 5/5 6/5 7/5,23/4 23/5 23/6 23/7 23/8 23/9 22/9,1300,5/13,False
890,1,down,05/09/2025 19:05:53,12/6,0/0/-1,12 6 17 12,10,12/6 12/5 12/4 12/3 12/2 11/2 10/2 9/2 8/2 7/2 6/2 5/2 5/3 5/4 5/5 6/5,23/3 23/4 23/5 23/6 23/7 23/8 23/9,1300,5/13,False
891,1,down,05/09/2025 19:05:53,12/7,0/0/-1,12 7 17 11,10,12/7 12/6 12/5 12/4 12/3 12/2 11/2 10/2 9/2 8/2 7/2 6/2 5/2 5/3 5/4 5/5,23/2 23/3 23/4 23/5 23/6 23/7 23/8,1300,5/13,False
892,1,down,05/09/2025 19:05:54,12/8,0/0/-1,12 8 17 10,10,12/8 12/7 12/6 12/5 12/4 12/3 12/2 11/2 10/2 9/2 8/2 7/2 6/2 5/2 5/3 5/4,22/2 23/2 23/3 23/4 23/5 23/6 23/7,1300,5/13,False
893,1,down,05/09/2025 19:05:54,12/9,0/0/-1,12 9 17 9,10,12/9 12/8 12/7 12/6 12/5 12/4 12/3 12/2 11/2 10/2 9/2 8/2 7/2 6/2 5/2 5/3,21/2 22/2 23/2 23/3 23/4 23/5 23/6,1300,5/13,False
894,1,down,05/09/2025 19:05:54,12/10,0/0/-1,12 10 17 8,10,12/10 12/9 12/8 12/7 12/6 12/5 12/4 12/3 12/2 11/2 10/2 9/2 8/2 7/2 6/2 5/2,20/2 21/2 22/2 23/2 23/3 23/4 23/5,1300,5/13,False
895,1,down,05/09/2025 19:05:54,12/11,0/0/-1,12 11 17 7,10,12/11 12/10 12/9 12/8 12/7 12/6 12/5 12/4 12/3 12/2 11/2 10/2 9/2 8/2 7/2 6/2,19/2 20/2 21/2 22/2 23/2 23/3 23/4,1300,5/13,False
896,1,left,05/09/2025 19:05:54,12/12,0/0/-1,12 12 17 6,10,12/12 12/11 12/10 12/9 12/8 12/7 12/6 12/5 12/4 12/3 12/2 11/2 10/2 9/2 8/2 7/2,18/2 19/2 20/2 21/2 22/2 23/2 23/3,1300,5/13,False
897,1,left,05/09/2025 19:05:55,11/12,-1/0/0,11 12 18 6,10,11/12 12/12 12/11 12/10 12/9 12/8 12/7 12/6 12/5 12/4 12/3 12/2 11/2 10/2 9/2 8/2,17/2 18/2 19/2 20/2 21/2 22/2 23/2,1300,5/13,False
898,1,left,05/09/2025 19:05:55,10/12,-1/0/0,10 12 19 6,10,10/12 11/12 12/12 12/11 12/10 12/9 12/8 12/7 12/6 12/5 12/4 12/3 12/2 11/2 10/2 9/2,16/2 17/2 18/2 19/2 20/2 21/2 22/2,1300,5/13,False
899,1,left,05/09/2025 19:05:55,9/12,-1/0/0,9 12 20 6,10,9/12 10/12 11/12 12/12 12/11 12/10 12/9 12/8 12/7 12/6 12/5 12/4 12/3 12/2 11/2 10/2,15/2 16/2 17/2 18/2 19/2 20/2 21/2,1300,5/13,False
900,1,left,05/09/2025 19:05:55,8/12,-1/0/0,8 12 21 6,10,8/12 9/12 10/12 11/12 12/12 12/11 12/10 12/9 12/8 12/7 12/6 12/5 12/4 12/3 12/2 11/2,15/1 15/2 16/2 17/2 18/2 19/2 20/2,1300,5/13,False
901,1,left,05/09/2025 19:05:55,7/12,-1/0/0,7 12 22 6,10,7/12 8/12 9/12 10/12 11/12 12/12 12/11 12/10 12/9 12/8 12/7 12/6 12/5 12/4 12/3 12/2,14/1 15/1 15/2 16/2 17/2 18/2 19/2,1300,5/13,False
902,1,left,05/09/2025 19:05:56,6/12,-1/0/0,6 12 23 6,10,6/12 7/12 8/12 9/12 10/12 11/12 12/12 12/11 12/10 12/9 12/8 12/7 12/6 12/5 12/4 12/3,13/1 14/1 15/1 15/2 16/2 17/2 18/2,1300,5/13,False
903,1,left,05/09/2025 19:05:56,5/12,-1/0/0,5 12 24 6,10,5/12 6/12 7/12 8/12 9/12 10/12 11/12 12/12 12/11 12/10 12/9 12/8 12/7 12/6 12/5 12/4,12/1 13/1 14/1 15/1 15/2 16/2 17/2,1300,5/13,False
904,1,down,05/09/2025 19:05:56,4/12,-1/0/0,4 12 25 6,10,4/12 5/12 6/12 7/12 8/12 9/12 10/12 11/12 12/12 12/11 12/10 12/9 12/8 12/7 12/6 12/5,11/1 12/1 13/1 14/1 15/1 15/2 16/2,1300,5/13,False
905,1,down,05/09/2025 19:05:56,4/13,0/0/-1,4 13 25 5,10,4/13 4/12 5/12 6/12 7/12 8/12 9/12 10/12 11/12 12/12 12/11 12/10 12/9 12/8 12/7 12/6,10/1 11/1 12/1 13/1 14/1 15/1 15/2,1300,5/13,False
906,1,right,05/09/2025 19:05:56,4/14,0/0/-1,4 14 25 4,10,4/14 4/13 4/12 5/12 6/12 7/12 8/12 9/12 10/12 11/12 12/12 12/11 12/10 12/9 12/8 12/7,9/1 10/1 11/1 12/1 13/1 14/1 15/1,1300,5/13,False
907,1,right,05/09/2025 19:05:57,5/14,1/0/0,5 14 24 4,10,5/14 4/14 4/13 4/12 5/12 6/12 7/12 8/12 9/12 10/12 11/12 12/12 12/11 12/10 12/9 12/8,8/1 9/1 10/1 11/1 12/1 13/1 14/1,1300,5/13,False
908,1,right,05/09/2025 19:05:57,6/14,1/0/0,6 14 23 4,10,6/14 5/14 4/14 4/13 4/12 5/12 6/12 7/12 8/12 9/12 10/12 11/12 12/12 12/11 12/10 12/9,7/1 8/1 9/1 10/1 11/1 12/1 13/1,1300,5/13,False
909,1,right,05/09/2025 19:05:57,7/14,1/0/0,7 14 22 4,10,7/14 6/14 5/14 4/14 4/13 4/12 5/12 6/12 7/12 8/12 9/12 10/12 11/12 12/12 12/11 12/10,6/1 7/1 8/1 9/1 10/1 11/1 12/1,1300,5/13,False
910,1,right,05/09/2025 19:05:57,8/14,1/0/0,8 14 21 4,10,8/14 7/14 6/14 5/14 4/14 4/13 4/12 5/12 6/12 7/12 8/12 9/12 10/12 11/12 12/12 12/11,5/1 6/1 7/1 8/1 9/1 10/1 11/1,1300,5/13,False
911,1,right,05/09/2025 19:05:57,9/14,1/0/0,9 14 20 4,10,9/14 8/14 7/14 6/14 5/14 4/14 4/13 4/12 5/12 6/12 7/12 8/12 9/12 10/12 11/12 12/12,5/2 5/1 6/1 7/1 8/1 9/1 10/1,1300,5/13,False
912,1,right,05/09/2025 19:05:58,10/14,1/0/0,10 14 19 4,10,10/14 9/14 8/14 7/14 6/14 5/14 4/14 4/13 4/12 5/12 6/12 7/12 8/12 9/12 10/12 11/12,5/3 5/2 5/1 6/1 7/1 8/1 9/1,1300,5/13,False
913,1,right,05/09/2025 19:05:58,11/14,1/0/0,11 14 18 4,10,11/14 10/14 9/14 8/14 7/14 6/14 5/14 4/14 4/13 4/12 5/12 6/12 7/12 8/12 9/12 10/12,6/3 5/3 5/2 5/1 6/1 7/1 8/1,1300,5/13,False
914,1,right,05/09/2025 19:05:58,12/14,1/0/0,12 14 17 4,10,12/14 11/14 10/14 9/14 8/14 7/14 6/14 5/14 4/14 4/13 4/12 5/12 6/12 7/12 8/12 9/12,7/3 6/3 5/3 5/2 5/1 6/1 7/1,1300,5/13,False
915,1,right,05/09/2025 19:05:58,13/14,1/0/0,13 14 16 4,10,13/14 12/14 11/14 10/14 9/14 8/14 7/14 6/14 5/14 4/14 4/13 4/12 5/12 6/12 7/12 8/12,8/3 7/3 6/3 5/3 5/2 5/1 6/1,1300,5/13,False
916,1,up,05/09/2025 19:05:58,14/14,1/0/0,14 14 15 4,10,14/14 13/14 12/14 11/14 10/14 9/14 8/14 7/14 6/14 5/14 4/14 4/13 4/12 5/12 6/12 7/12,9/3 8/3 7/3 6/3 5/3 5/2 5/1,1300,5/13,False
917,1,left,05/09/2025 19:05:59,14/13,0/0/1,14 13 15 5,10,14/13 14/14 13/14 12/14 11/14 10/14 9/14 8/14 7/14 6/14 5/14 4/14 4/13 4/12 5/12 6/12,10/3 9/3 8/3 7/3 6/3 5/3 5/2,1300,5/13,False
918,1,left,05/09/2025 19:05:59,13/13,-1/0/0,13 13 16 5,10,13/13 14/13 14/14 13/14 12/14 11/14 10/14 9/14 8/14 7/14 6/14 5/14 4/14 4/13 4/12 5/12,11/3 10/3 9/3 8/3 7/3 6/3 5/3,1300,5/13,False
919,1,left,05/09/2025 19:05:59,12/13,-1/0/0,12 13 17 5,10,12/13 13/13 14/13 14/14 13/14 12/14 11/14 10/14 9/14 8/14 7/14 6/14 5/14 4/14 4/13 4/12,12/3 11/3 10/3 9/3 8/3 7/3 6/3,1300,5/13,False
920,1,left,05/09/2025 19:05:59,11/13,-1/0/0,11 13 18 5,10,11/13 12/13 13/13 14/13 14/14 13/14 12/14 11/14 10/14 9/14 8/14 7/14 6/14 5/14 4/14 4/13,13/3 12/3 11/3 10/3 9/3 8/3 7/3,1300,5/13,False
921,1,left,05/09/2025 19:05:59,10/13,-1/0/0,10 13 19 5,10,10/13 11/13 12/13 13/13 14/13 14/14 13/14 12/14 11/14 10/14 9/14 8/14 7/14 6/14 5/14 4/14,14/3 13/3 12/3 11/3 10/3 9/3 8/3,1300,5/13,False
922,1,left,05/09/2025 19:06:00,9/13,-1/0/0,9 13 20 5,10,9/13 10/13 11/13 12/13 13/13 14/13 14/14 13/14 12/14 11/14 10/14 9/14 8/14 7/14 6/14 5/14,15/3 14/3 13/3 12/3 11/3 10/3 9/3,1300,5/13,False
923,1,left,05/09/2025 19:06:00,8/13,-1/0/0,8 13 21 5,10,8/13 9/13 10/13 11/13 12/13 13/13 14/13 14/14 13/14 12/14 11/14 10/14 9/14 8/14 7/14 6/14,16/3 15/3 14/3 13/3 12/3 11/3 10/3,1300,5/13,False
924,1,left,05/09/2025 19:06:00,7/13,-1/0/0,7 13 22 5,10,7/13 8/13 9/13 10/13 11/13 12/13 13/13 14/13 14/14 13/14 12/14 11/14 10/14 9/14 8/14 7/14,17/3 16/3 15/3 14/3 13/3 12/3 11/3,1300,5/13,False
925,1,left,05/09/2025 19:06:00,6/13,-1/0/0,6 13 23 5,10,6/13 7/13 8/13 9/13 10/13 11/13 12/13 13/13 14/13 14/14 13/14 12/14 11/14 10/14 9/14 8/14,18/3 17/3 16/3 15/3 14/3 13/3 12/3,1300,5/13,False
926,1,up,05/09/2025 19:06:00,5/13,-1/0/0,5 13 24 5,10,5/13 6/13 7/13 8/13 9/13 10/13 11/13 12/13 13/13 14/13 14/14 13/14 12/14 11/14 10/14,19/3 18/3 17/3 16/3 15/3 14/3 13/3,1400,27/7,False
927,1,up,05/09/2025 19:06:01,5/12,0/0/1,5 12 24 6,10,5/12 5/13 6/13 7/13 8/13 9/13 10/13 11/13 12/13 13/13 14/13 14/14 13/14 12/14 11/14 10/14 9/14,20/3 19/3 18/3 17/3 16/3 15/3 14/3,1400,27/7,False
928,1,up,05/09/2025 19:06:01,5/11,0/0/1,5 11 24 7,10,5/11 5/12 5/13 6/13 7/13 8/13 9/13 10/13 11/13 12/13 13/13 14/13 14/14 13/14 12/14 11/14 10/14,21/3 20/3 19/3 18/3 17/3 16/3 15/3,1400,27/7,False
929,1,up,05/09/2025 19:06:01,5/10,0/0/1,5 10 24 8,10,5/10 5/11 5/12 5/13 6/13 7/13 8/13 9/13 10/13 11/13 12/13 13/13 14/13 14/14 13/14 12/14 11/14,22/3 21/3 20/3 19/3 18/3 17/3 16/3,1400,27/7,False
930,1,up,05/09/2025 19:06:01,5/9,0/0/1,5 9 24 9,10,5/9 5/10 5/11 5/12 5/13 6/13 7/13 8/13 9/13 10/13 11/13 12/13 13/13 14/13 14/14 13/14 12/14,23/3 22/3 21/3 20/3 19/3 18/3 17/3,1400,27/7,False
931,1,up,05/09/2025 19:06:01,5/8,0/0/1,5 8 24 10,10,5/8 5/9 5/10 5/11 5/12 5/13 6/13 7/13 8/13 9/13 10/13 11/13 12/13 13/13 14/13 14/14 13/14,24/3 23/3 22/3 21/3 20/3 19/3 18/3,1400,27/7,False
932,1,up,05/09/2025 19:06:02,5/7,0/0/1,5 7 24 11,10,5/7 5/8 5/9 5/10 5/11 5/12 5/13 6/13 7/13 8/13 9/13 10/13 11/13 12/13 13/13 14/13 14/14,25/3 24/3 23/3 22/3 21/3 20/3 19/3,1400,27/7,False
933,1,right,05/09/2025 19:06:02,5/6,0/0/1,5 6 24 12,10,5/6 5/7 5/8 5/9 5/10 5/11 5/12 5/13 6/13 7/13 8/13 9/13 10/13 11/13 12/13 13/13 14/13,26/3 25/3 24/3 23/3 22/3 21/3 20/3,1400,27/7,False
934,25,right,05/09/2025 19:06:02,6/6,1/0/0,6 6 23 12,10,6/6 5/6 5/7 5/8 5/9 5/10 5/11 5/12 5/13 6/13 7/13 8/13 9/13 10/13 11/13 12/13 13/13,27/3 26/3 25/3 24/3 23/3 22/3 21/3,1400,27/7,False
935,1,right,05/09/2025 19:06:02,7/6,1/0/0,7 6 22 12,10,7/6 6/6 5/6 5/7 5/8 5/9 5/10 5/11 5/12 5/13 6/13 7/13 8/13 9/13 10/13 11/13 12/13,27/4 27/3 26/3 25/3 24/3 23/3 22/3,1400,27/7,False
936,1,right,05/09/2025 19:06:02,8/6,1/0/0,8 6 21 12,10,8/6 7/6 6/6 5/6 5/7 5/8 5/9 5/10 5/11 5/12 5/13 6/13 7/13 8/13 9/13 10/13 11/13,27/5 27/4 27/3 26/3 25/3 24/3 23/3,1400,27/7,False
937,1,right,05/09/2025 19:06:03,9/6,1/0/0,9 6 20 12,10,9/6 8/6 7/6 6/6 5/6 5/7 5/8 5/9 5/10 5/11 5/12 5/13 6/13 7/13 8/13 9/13 10/13,27/6 27/5 27/4 27/3 26/3 25/3 24/3,1400,27/7,False
938,1,right,05/09/2025 19:06:03,10/6,1/0/0,10 6 19 12,10,10/6 9/6 8/6 7/6 6/6 5/6 5/7 5/8 5/9 5/10 5/11 5/12 5/13 6/13 7/13 8/13 9/13,27/7 27/6 27/5 27/4 27/3 26/3,1400,27/7,False
939,1,right,05/09/2025 19:06:03,11/6,1/0/0,11 6 18 12,10,11/6 10/6 9/6 8/6 7/6 6/6 5/6 5/7 5/8 5/9 5/10 5/11 5/12 5/13 6/13 7/13 8/13,27/8 27/7 27/6 27/5 27/4 27/3 26/3 25/3,1400,12/9,False
940,1,right,05/09/2025 19:06:03,12/6,1/0/0,12 6 17 12,10,12/6 11/6 10/6 9/6 8/6 7/6 6/6 5/6 5/7 5/8 5/9 5/10 5/11 5/12 5/13 6/13 7/13,27/9 27/8 27/7 27/6 27/5 27/4 27/3 26/3,1400,12/9,False
941,1,right,05/09/2025 19:06:03,13/6,1/0/0,13 6 16 12,10,13/6 12/6 11/6 10/6 9/6 8/6 7/6 6/6 5/6 5/7 5/8 5/9 5/10 5/11 5/12 5/13 6/13,26/9 27/9 27/8 27/7 27/6 27/5 27/4 27/3,1400,12/9,False
942,1,right,05/09/2025 19:06:04,14/6,1/0/0,14 6 15 12,10,14/6 13/6 12/6 11/6 10/6 9/6 8/6 7/6 6/6 5/6 5/7 5/8 5/9 5/10 5/11 5/12 5/13,25/9 26/9 27/9 27/8 27/7 27/6 27/5 27/4,1400,12/9,False
943,1,right,05/09/2025 19:06:04,15/6,1/0/0,15 6 14 12,10,15/6 14/6 13/6 12/6 11/6 10/6 9/6 8/6 7/6 6/6 5/6 5/7 5/8 5/9 5/10 5/11 5/12,24/9 25/9 26/9 27/9 27/8 27/7 27/6 27/5,1400,12/9,False
944,1,right,05/09/2025 19:06:04,16/6,1/0/0,16 6 13 12,10,16/6 15/6 14/6 13/6 12/6 11/6 10/6 9/6 8/6 7/6 6/6 5/6 5/7 5/8 5/9 5/10 5/11,23/9 24/9 25/9 26/9 27/9 27/8 27/7 27/6,1400,12/9,False
945,1,right,05/09/2025 19:06:04,17/6,1/0/0,17 6 12 12,10,17/6 16/6 15/6 14/6 13/6 12/6 11/6 10/6 9/6 8/6 7/6 6/6 5/6 5/7 5/8 5/9 5/10,22/9 23/9 24/9 25/9 26/9 27/9 27/8 27/7,1400,12/9,False
946,1,right,05/09/2025 19:06:04,18/6,1/0/0,18 6 11 12,10,18/6 17/6 16/6 15/6 14/6 13/6 12/6 11/6 10/6 9/6 8/6 7/6 6/6 5/6 5/7 5/8 5/9,21/9 22/9 23/9 24/9 25/9 26/9 27/9 27/8,1400,12/9,False
947,1,right,05/09/2025 19:06:05,19/6,1/0/0,19 6 10 12,10,19/6 18/6 17/6 16/6 15/6 14/6 13/6 12/6 11/6 10/6 9/6 8/6 7/6 6/6 5/6 5/7 5/8,20/9 21/9 22/9 23/9 24/9 25/9 26/9 27/9,1400,12/9,False
948,1,right,05/09/2025 19:06:05,20/6,1/0/0,20 6 9 12,10,20/6 19/6 18/6 17/6 16/6 15/6 14/6 13/6 12/6 11/6 10/6 9/6 8/6 7/6 6/6 5/6 5/7,19/9 20/9 21/9 22/9 23/9 24/9 25/9 26/9,1400,12/9,False
949,1,right,05/09/2025 19:06:05,21/6,1/0/0,21 6 8 12,10,21/6 20/6 19/6 18/6 17/6 16/6 15/6 14/6 13/6 12/6 11/6 10/6 9/6 8/6 7/6 6/6 5/6,18/9 19/9 20/9 21/9 22/9 23/9 24/9 25/9,1400,12/9,False
950,1,right,05/09/2025 19:06:05,22/6,1/0/0,22 6 7 12,10,22/6 21/6 20/6 19/6 18/6 17/6 16/6 15/6 14/6 13/6 12/6 11/6 10/6 9/6 8/6 7/6 6/6,17/9 18/9 19/9 20/9 21/9 22/9 23/9 24/9,1400,12/9,False
951,1,up,05/09/2025 19:06:05,23/6,1/0/0,23 6 6 12,10,23/6 22/6 21/6 20/6 19/6 18/6 17/6 16/6 15/6 14/6 13/6 12/6 11/6 10/6 9/6 8/6 7/6,16/9 17/9 18/9 19/9 20/9 21/9 22/9 23/9,1400,12/9,False
952,1,up,05/09/2025 19:06:06,23/5,0/0/1,23 5 6 13,10,23/5 23/6 22/6 21/6 20/6 19/6 18/6 17/6 16/6 15/6 14/6 13/6 12/6 11/6 10/6 9/6 8/6,15/9 16/9 17/9 18/9 19/9 20/9 21/9 22/9,1400,12/9,False
953,1,up,05/09/2025 19:06:06,23/4,0/0/1,23 4 6 14,10,23/4 23/5 23/6 22/6 21/6 20/6 19/6 18/6 17/6 16/6 15/6 14/6 13/6 12/6 11/6 10/6 9/6,14/9 15/9 16/9 17/9 18/9 19/9 20/9 21/9,1400,12/9,False
954,1,left,05/09/2025 19:06:06,23/3,0/0/1,23 3 6 15,10,23/3 23/4 23/5 23/6 22/6 21/6 20/6 19/6 18/6 17/6 16/6 15/6 14/6 13/6 12/6 11/6 10/6,13/9 14/9 15/9 16/9 17/9 18/9 19/9 20/9,1400,12/9,False
955,1,left,05/09/2025 19:06:06,22/3,-1/0/0,22 3 7 15,10,22/3 23/3 23/4 23/5 23/6 22/6 21/6 20/6 19/6 18/6 17/6 16/6 15/6 14/6 13/6 12/6 11/6,12/9 13/9 14/9 15/9 16/9 17/9 18/9,1400,12/9,False
956,1,left,05/09/2025 19:06:06,21/3,-1/0/0,21 3 8 15,10,21/3 22/3 23/3 23/4 23/5 23/6 22/6 21/6 20/6 19/6 18/6 17/6 16/6 15/6 14/6 13/6 12/6,11/9 12/9 13/9 14/9 15/9 16/9 17/9 18/9 19/9,1400,25/11,False
957,1,left,05/09/2025 19:06:07,20/3,-1/0/0,20 3 9 15,10,20/3 21/3 22/3 23/3 23/4 23/5 23/6 22/6 21/6 20/6 19/6 18/6 17/6 16/6 15/6 14/6 13/6,10/9 11/9 12/9 13/9 14/9 15/9 16/9 17/9 18/9,1400,25/11,False
958,1,left,05/09/2025 19:06:07,19/3,-1/0/0,19 3 10 15,10,19/3 20/3 21/3 22/3 23/3 23/4 23/5 23/6 22/6 21/6 20/6 19/6 18/6 17/6 16/6 15/6 14/6,9/9 10/9 11/9 12/9 13/9 14/9 15/9 16/9 17/9,1400,25/11,False
959,1,left,05/09/2025 19:06:07,18/3,-1/0/0,18 3 11 15,10,18/3 19/3 20/3 21/3 22/3 23/3 23/4 23/5 23/6 22/6 21/6 20/6 19/6 18/6 17/6 16/6 15/6,9/10 9/9 10/9 11/9 12/9 13/9 14/9 15/9 16/9,1400,25/11,False
960,1,left,05/09/2025 19:06:07,17/3,-1/0/0,17 3 12 15,10,17/3 18/3 19/3 20/3 21/3 22/3 23/3 23/4 23/5 23/6 22/6 21/6 20/6 19/6 18/6 17/6 16/6,9/11 9/10 9/9 10/9 11/9 12/9 13/9 14/9 15/9,1400,25/11,False
961,1,left,05/09/2025 19:06:07,16/3,-1/0/0,16 3 13 15,10,16/3 17/3 18/3 19/3 20/3 21/3 22/3 23/3 23/4 23/5 23/6 22/6 21/6 20/6 19/6 18/6 17/6,10/11 9/11 9/10 9/9 10/9 11/9 12/9 13/9 14/9,1400,25/11,False
962,1,left,05/09/2025 19:06:08,15/3,-1/0/0,15 3 14 15,10,15/3 16/3 17/3 18/3 19/3 20/3 21/3 22/3 23/3 23/4 23/5 23/6 22/6 21/6 20/6 19/6 18/6,11/11 10/11 9/11 9/10 9/9 10/9 11/9 12/9 13/9,1400,25/11,False
963,1,left,05/09/2025 19:06:08,14/3,-1/0/0,14 3 15 15,10,14/3 15/3 16/3 17/3 18/3 19/3 20/3 21/3 22/3 23/3 23/4 23/5 23/6 22/6 21/6 20/6 19/6,12/11 11/11 10/11 9/11 9/10 9/9 10/9 11/9 12/9,1400,25/11,False
964,1,left,05/09/2025 19:06:08,13/3,-1/0/0,13 3 16 15,10,13/3 14/3 15/3 16/3 17/3 18/3 19/3 20/3 21/3 22/3 23/3 23/4 23/5 23/6 22/6 21/6 20/6,13/11 12/11 11/11 10/11 9/11 9/10 9/9 10/9 11/9,1400,25/11,False
965,1,left,05/09/2025 19:06:08,12/3,-1/0/0,12 3 17 15,10,12/3 13/3 14/3 15/3 16/3 17/3 18/3 19/3 20/3 21/3 22/3 23/3 23/4 23/5 23/6 22/6 21/6,14/11 13/11 12/11 11/11 10/11 9/11 9/10 9/9 10/9,1400,25/11,False
966,1,left,05/09/2025 19:06:08,11/3,-1/0/0,11 3 18 15,10,11/3 12/3 13/3 14/3 15/3 16/3 17/3 18/3 19/3 20/3 21/3 22/3 23/3 23/4 23/5 23/6 22/6,15/11 14/11 13/11 12/11 11/11 10/11 9/11 9/10 9/9,1400,25/11,False
967,1,left,05/09/2025 19:06:09,10/3,-1/0/0,10 3 19 15,10,10/3 11/3 12/3 13/3 14/3 15/3 16/3 17/3 18/3 19/3 20/3 21/3 22/3 23/3 23/4 23/5 23/6,16/11 15/11 14/11 13/11 12/11 11/11 10/11 9/11 9/10,1400,25/11,False
968,1,left,05/09/2025 19:06:09,9/3,-1/0/0,9 3 20 15,10,9/3 10/3 11/3 12/3 13/3 14/3 15/3 16/3 17/3 18/3 19/3 20/3 21/3 22/3 23/3 23/4 23/5,17/11 16/11 15/11 14/11 13/11 12/11 11/11 10/11 9/11,1400,25/11,False
969,1,left,05/09/2025 19:06:09,8/3,-1/0/0,8 3 21 15,10,8/3 9/3 10/3 11/3 12/3 13/3 14/3 15/3 16/3 17/3 18/3 19/3 20/3 21/3 22/3 23/3 23/4,18/11 17/11 16/11 15/11 14/11 13/11 12/11 11/11 10/11,1400,25/11,False
970,1,down,05/09/2025 19:06:09,7/3,-1/0/0,7 3 22 15,10,7/3 8/3 9/3 10/3 11/3 12/3 13/3 14/3 15/3 16/3 17/3 18/3 19/3 20/3 21/3 22/3 23/3,19/11 18/11 17/11 16/11 15/11 14/11 13/11 12/11 11/11,1400,25/11,False
971,1,down,05/09/2025 19:06:09,7/4,0/0/-1,7 4 22 14,10,7/4 7/3 8/3 9/3 10/3 11/3 12/3 13/3 14/3 15/3 16/3 17/3 18/3 19/3 20/3 21/3 22/3,20/11 19/11 18/11 17/11 16/11 15/11 14/11 13/11 12/11,1400,25/11,False
972,1,down,05/09/2025 19:06:10,7/5,0/0/-1,7 5 22 13,10,7/5 7/4 7/3 8/3 9/3 10/3 11/3 12/3 13/3 14/3 15/3 16/3 17/3 18/3 19/3 20/3 21/3,21/11 20/11 19/11 18/11 17/11 16/11 15/11 14/11 13/11,1400,25/11,False
973,1,down,05/09/2025 19:06:10,7/6,0/0/-1,7 6 22 12,10,7/6 7/5 7/4 7/3 8/3 9/3 10/3 11/3 12/3 13/3 14/3 15/3 16/3 17/3 18/3 19/3 20/3,22/11 21/11 20/11 19/11 18/11 17/11 16/11 15/11 14/11,1400,25/11,False
974,1,right,05/09/2025 19:06:10,7/7,0/0/-1,7 7 22 11,10,7/7 7/6 7/5 7/4 7/3 8/3 9/3 10/3 11/3 12/3 13/3 14/3 15/3 16/3 17/3 18/3 19/3,23/11 22/11 21/11 20/11 19/11 18/11 17/11 16/11 15/11,1400,25/11,False
975,1,right,05/09/2025 19:06:10,8/7,1/0/0,8 7 21 11,10,8/7 7/7 7/6 7/5 7/4 7/3 8/3 9/3 10/3 11/3 12/3 13/3 14/3 15/3 16/3 17/3 18/3,24/11 23/11 22/11 21/11 20/11 19/11 18/11 17/11 16/11,1400,25/11,False
976,1,right,05/09/2025 19:06:10,9/7,1/0/0,9 7 20 11,10,9/7 8/7 7/7 7/6 7/5 7/4 7/3 8/3 9/3 10/3 11/3 12/3 13/3 14/3 15/3 16/3 17/3,25/11 24/11 23/11 22/11 21/11 20/11 19/11 18/11,1400,25/11,False
977,1,right,05/09/2025 19:06:11,10/7,1/0/0,10 7 19 11,10,10/7 9/7 8/7 7/7 7/6 7/5 7/4 7/3 8/3 9/3 10/3 11/3 12/3 13/3 14/3 15/3 16/3,26/11 25/11 24/11 23/11 22/11 21/11 20/11 19/11 18/11 17/11,1400,6/11,False
978,1,right,05/09/2025 19:06:11,11/7,1/0/0,11 7 18 11,10,11/7 10/7 9/7 8/7 7/7 7/6 7/5 7/4 7/3 8/3 9/3 10/3 11/3 12/3 13/3 14/3 15/3,26/10 26/11 25/11 24/11 23/11 22/11 21/11 20/11 19/11 18/11,1400,6/11,False
979,1,down,05/09/2025 19:06:11,12/7,1/0/0,12 7 17 11,10,12/7 11/7 10/7 9/7 8/7 7/7 7/6 7/5 7/4 7/3 8/3 9/3 10/3 11/3 12/3 13/3 14/3,26/9 26/10 26/11 25/11 24/11 23/11 22/11 21/11 20/11 19/11,1400,6/11,False
980,1,down,05/09/2025 19:06:11,12/8,0/0/-1,12 8 17 10,10,12/8 12/7 11/7 10/7 9/7 8/7 7/7 7/6 7/5 7/4 7/3 8/3 9/3 10/3 11/3 12/3 13/3,26/8 26/9 26/10 26/11 25/11 24/11 23/11 22/11 21/11 20/11,1400,6/11,False
981,1,down,05/09/2025 19:06:11,12/9,0/0/-1,12 9 17 9,10,12/9 12/8 12/7 11/7 10/7 9/7 8/7 7/7 7/6 7/5 7/4 7/3 8/3 9/3 10/3 11/3 12/3,26/7 26/8 26/9 26/10 26/11 25/11 24/11 23/11 22/11 21/11,1400,6/11,False
982,1,down,05/09/2025 19:06:12,12/10,0/0/-1,12 10 17 8,10,12/10 12/9 12/8 12/7 11/7 10/7 9/7 8/7 7/7 7/6 7/5 7/4 7/3 8/3 9/3 10/3 11/3,26/6 26/7 26/8 26/9 26/10 26/11 25/11 24/11 23/11 22/11,1400,6/11,False
983,1,left,05/09/2025 19:06:12,12/11,0/0/-1,12 11 17 7,10,12/11 12/10 12/9 12/8 12/7 11/7 10/7 9/7 8/7 7/7 7/6 7/5 7/4 7/3 8/3 9/3 10/3,26/5 26/6 26/7 26/8 26/9 26/10 26/11 25/11 24/11 23/11,1400,6/11,False
984,1,left,05/09/2025 19:06:12,11/11,-1/0/0,11 11 18 7,10,11/11 12/11 12/10 12/9 12/8 12/7 11/7 10/7 9/7 8/7 7/7 7/6 7/5 7/4 7/3 8/3 9/3,26/4 26/5 26/6 26/7 26/8 26/9 26/10 26/11 25/11 24/11,1400,6/11,False
985,1,left,05/09/2025 19:06:12,10/11,-1/0/0,10 11 19 7,10,10/11 11/11 12/11 12/10 12/9 12/8 12/7 11/7 10/7 9/7 8/7 7/7 7/6 7/5 7/4 7/3 8/3,26/3 26/4 26/5 26/6 26/7 26/8 26/9 26/10 26/11 25/11,1400,6/11,False
986,1,left,05/09/2025 19:06:12,9/11,-1/0/0,9 11 20 7,10,9/11 10/11 11/11 12/11 12/10 12/9 12/8 12/7 11/7 10/7 9/7 8/7 7/7 7/6 7/5 7/4 7/3,25/3 26/3 26/4 26/5 26/6 26/7 26/8 26/9 26/10 26/11,1400,6/11,False
987,1,left,05/09/2025 19:06:13,8/11,-1/0/0,8 11 21 7,10,8/11 9/11 10/11 11/11 12/11 12/10 12/9 12/8 12/7 11/7 10/7 9/7 8/7 7/7 7/6 7/5 7/4,24/3 25/3 26/3 26/4 26/5 26/6 26/7 26/8 26/9 26/10,1400,6/11,False
988,8,left,05/09/2025 19:06:13,7/11,-1/0/0,7 11 22 7,10,7/11 8/11 9/11 10/11 11/11 12/11 12/10 12/9 12/8 12/7 11/7 10/7 9/7 8/7 7/7 7/6 7/5,23/3 24/3 25/3 26/3 26/4 26/5 26/6 26/7 26/8 26/9,1400,6/11,False
989,1,left,05/09/2025 19:06:13,6/11,-1/0/0,6 11 23 7,10,6/11 7/11 8/11 9/11 10/11 11/11 12/11 12/10 12/9 12/8 12/7 11/7 10/7 9/7 8/7 7/7,22/3 23/3 24/3 25/3 26/3 26/4 26/5 26/6 26/7 26/8,1500,27/10,False
990,1,left,05/09/2025 19:06:13,5/11,-1/0/0,5 11 24 7,10,5/11 6/11 7/11 8/11 9/11 10/11 11/11 12/11 12/10 12/9 12/8 12/7 11/7 10/7 9/7 8/7 7/7 7/6,21/3 22/3 23/3 24/3 25/3 26/3 26/4 26/5 26/6 26/7,1500,27/10,False
991,1,down,05/09/2025 19:06:13,4/11,-1/0/0,4 11 25 7,10,4/11 5/11 6/11 7/11 8/11 9/11 10/11 11/11 12/11 12/10 12/9 12/8 12/7 11/7 10/7 9/7 8/7 7/7,20/3 21/3 22/3 23/3 24/3 25/3 26/3 26/4 26/5 26/6,1500,27/10,False
992,1,down,05/09/2025 19:06:14,4/12,0/0/-1,4 12 25 6,10,4/12 4/11 5/11 6/11 7/11 8/11 9/11 10/11 11/11 12/11 12/10 12/9 12/8 12/7 11/7 10/7 9/7 8/7,19/3 20/3 21/3 22/3 23/3 24/3 25/3 26/3 26/4 26/5,1500,27/10,False
993,1,right,05/09/2025 19:06:14,4/13,0/0/-1,4 13 25 5,10,4/13 4/12 4/11 5/11 6/11 7/11 8/11 9/11 10/11 11/11 12/11 12/10 12/9 12/8 12/7 11/7 10/7 9/7,18/3 19/3 20/3 21/3 22/3 23/3 24/3 25/3 26/3 26/4,1500,27/10,False
994,1,right,05/09/2025 19:06:14,5/13,1/0/0,5 13 24 5,10,5/13 4/13 4/12 4/11 5/11 6/11 7/11 8/11 9/11 10/11 11/11 12/11 12/10 12/9 12/8 12/7 11/7 10/7,17/3 18/3 19/3 20/3 21/3 22/3 23/3 24/3 25/3 26/3,1500,27/10,False
995,1,right,05/09/2025 19:06:14,6/13,1/0/0,6 13 23 5,10,6/13 5/13 4/13 4/12 4/11 5/11 6/11 7/11 8/11 9/11 10/11 11/11 12/11 12/10 12/9 12/8 12/7 11/7,16/3 17/3 18/3 19/3 20/3 21/3 22/3 23/3 24/3 25/3,1500,27/10,False
996,1,right,05/09/2025 19:06:14,7/13,1/0/0,7 13 22 5,10,7/13 6/13 5/13 4/13 4/12 4/11 5/11 6/11 7/11 8/11 9/11 10/11 11/11 12/11 12/10 12/9 12/8 12/7,15/3 16/3 17/3 18/3 19/3 20/3 21/3 22/3 23/3 24/3,1500,27/10,False
997,1,right,05/09/2025 19:06:15,8/13,1/0/0,8 13 21 5,10,8/13 7/13 6/13 5/13 4/13 4/12 4/11 5/11 6/11 7/11 8/11 9/11 10/11 11/11 12/11 12/10 12/9 12/8,14/3 15/3 16/3 17/3 18/3 19/3 20/3 21/3 22/3 23/3,1500,27/10,False
998,1,right,05/09/2025 19:06:15,9/13,1/0/0,9 13 20 5,10,9/13 8/13 7/13 6/13 5/13 4/13 4/12 4/11 5/11 6/11 7/11 8/11 9/11 10/11 11/11 12/11 12/10 12/9,13/3 14/3 15/3 16/3 17/3 18/3 19/3 20/3 21/3 22/3,1500,27/10,False
999,1,right,05/09/2025 19:06:15,10/13,1/0/0,10 13 19 5,10,10/13 9/13 8/13 7/13 6/13 5/13 4/13 4/12 4/11 5/11 6/11 7/11 8/11 9/11 10/11 11/11 12/11 12/10,12/3 13/3 14/3 15/3 16/3 17/3 18/3 19/3 20/3 21/3,1500,27/10,False
1000,1,right,05/09/2025 19:06:15,11/13,1/0/0,11 13 18 5,10,11/13 10/13 9/13 8/13 7/13 6/13 5/13 4/13 4/12 4/11 5/11 6/11 7/11 8/11 9/11 10/11 11/11 12/11,11/3 12/3 13/3 14/3 15/3 16/3 17/3 18/3 19/3 20/3,1500,27/10,False
1001,1,right,05/09/2025 19:06:15,12/13,1/0/0,12 13 17 5,10,12/13 11/13 10/13 9/13 8/13 7/13 6/13 5/13 4/13 4/12 4/11 5/11 6/11 7/11 8/11 9/11 10/11 11/11,10/3 11/3 12/3 13/3 14/3 15/3 16/3 17/3 18/3 19/3,1500,27/10,False
1002,1,right,05/09/2025 19:06:16,13/13,1/0/0,13 13 16 5,10,13/13 12/13 11/13 10/13 9/13 8/13 7/13 6/13 5/13 4/13 4/12 4/11 5/11 6/11 7/11 8/11 9/11 10/11,9/3 10/3 11/3 12/3 13/3 14/3 15/3 16/3 17/3 18/3,1500,27/10,False
1003,1,right,05/09/2025 19:06:16,14/13,1/0/0,14 13 15 5,10,14/13 13/13 12/13 11/13 10/13 9/13 8/13 7/13 6/13 5/13 4/13 4/12 4/11 5/11 6/11 7/11 8/11 9/11,8/3 9/3 10/3 11/3 12/3 13/3 14/3 15/3 16/3 17/3,1500,27/10,False
1004,1,right,05/09/2025 19:06:16,15/13,1/0/0,15 13 14 5,10,15/13 14/13 13/13 12/13 11/13 10/13 9/13 8/13 7/13 6/13 5/13 4/13 4/12 4/11 5/11 6/11 7/11 8/11,8/4 8/3 9/3 10/3 11/3 12/3 13/3 14/3 15/3 16/3,1500,27/10,False
1005,1,right,05/09/2025 19:06:16,16/13,1/0/0,16 13 13 5,10,16/13 15/13 14/13 13/13 12/13 11/13 10/13 9/13 8/13 7/13 6/13 5/13 4/13 4/12 4/11 5/11 6/11 7/11,8/5 8/4 8/3 9/3 10/3 11/3 12/3 13/3 14/3 15/3,1500,27/10,False
1006,1,right,05/09/2025 19:06:16,17/13,1/0/0,17 13 12 5,10,17/13 16/13 15/13 14/13 13/13 12/13 11/13 10/13 9/13 8/13 7/13 6/13 5/13 4/13 4/12 4/11 5/11 6/11,8/6 8/5 8/4 8/3 9/3 10/3 11/3 12/3 13/3 14/3,1500,27/10,False
1007,1,right,05/09/2025 19:06:17,18/13,1/0/0,18 13 11 5,10,18/13 17/13 16/13 15/13 14/13 13/13 12/13 11/13 10/13 9/13 8/13 7/13 6/13 5/13 4/13 4/12 4/11 5/11,8/7 8/6 8/5 8/4 8/3 9/3 10/3 11/3 12/3 13/3,1500,27/10,False
1008,1,right,05/09/2025 19:06:17,19/13,1/0/0,19 13 10 5,10,19/13 18/13 17/13 16/13 15/13 14/13 13/13 12/13 11/13 10/13 9/13 8/13 7/13 6/13 5/13 4/13 4/12 4/11,8/8 8/7 8/6 8/5 8/4 8/3 9/3 10/3 11/3 12/3,1500,27/10,False
1009,1,right,05/09/2025 19:06:17,20/13,1/0/0,20 13 9 5,10,20/13 19/13 18/13 17/13 16/13 15/13 14/13 13/13 12/13 11/13 10/13 9/13 8/13 7/13 6/13 5/13 4/13 4/12,9/8 8/8 8/7 8/6 8/5 8/4 8/3 9/3 10/3 11/3,1500,27/10,False
1010,1,right,05/09/2025 19:06:17,21/13,1/0/0,21 13 8 5,10,21/13 20/13 19/13 18/13 17/13 16/13 15/13 14/13 13/13 12/13 11/13 10/13 9/13 8/13 7/13 6/13 5/13 4/13,10/8 9/8 8/8 8/7 8/6 8/5 8/4 8/3 9/3 10/3,1500,27/10,False
1011,1,right,05/09/2025 19:06:17,22/13,1/0/0,22 13 7 5,10,22/13 21/13 20/13 19/13 18/13 17/13 16/13 15/13 14/13 13/13 12/13 11/13 10/13 9/13 8/13 7/13 6/13 5/13,11/8 10/8 9/8 8/8 8/7 8/6 8/5 8/4 8/3 9/3,1500,27/10,False
1012,1,right,05/09/2025 19:06:18,23/13,1/0/0,23 13 6 5,10,23/13 22/13 21/13 20/13 19/13 18/13 17/13 16/13 15/13 14/13 13/13 12/13 11/13 10/13 9/13 8/13 7/13 6/13,12/8 11/8 10/8 9/8 8/8 8/7 8/6 8/5 8/4 8/3,1500,27/10,False
1013,1,right,05/09/2025 19:06:18,24/13,1/0/0,24 13 5 5,10,24/13 23/13 22/13 21/13 20/13 19/13 18/13 17/13 16/13 15/13 14/13 13/13 12/13 11/13 10/13 9/13 8/13 7/13,13/8 12/8 11/8 10/8 9/8 8/8 8/7 8/6 8/5 8/4,1500,27/10,False
1014,1,right,05/09/2025 19:06:18,25/13,1/0/0,25 13 4 5,10,25/13 24/13 23/13 22/13 21/13 20/13 19/13 18/13 17/13 16/13 15/13 14/13 13/13 12/13 11/13 10/13 9/13 8/13,14/8 13/8 12/8 11/8 10/8 9/8 8/8 8/7 8/6 8/5,1500,27/10,False
1015,1,right,05/09/2025 19:06:18,26/13,1/0/0,26 13 3 5,10,26/13 25/13 24/13 23/13 22/13 21/13 20/13 19/13 18/13 17/13 16/13 15/13 14/13 13/13 12/13 11/13 10/13 9/13,15/8 14/8 13/8 12/8 11/8 10/8 9/8 8/8 8/7 8/6,1500,27/10,False
1016,1,up,05/09/2025 19:06:18,27/13,1/0/0,27 13 2 5,10,27/13 26/13 25/13 24/13 23/13 22/13 21/13 20/13 19/13 18/13 17/13 16/13 15/13 14/13 13/13 12/13 11/13 10/13,16/8 15/8 14/8 13/8 12/8 11/8 10/8 9/8 8/8 8/7,1500,27/10,False
1017,1,up,05/09/2025 19:06:19,27/12,0/0/1,27 12 2 6,10,27/12 27/13 26/13 25/13 24/13 23/13 22/13 21/13 20/13 19/13 18/13 17/13 16/13 15/13 14/13 13/13 12/13 11/13,17/8 16/8 15/8 14/8 13/8 12/8 11/8 10/8 9/8 8/8,1500,27/10,False
1018,1,up,05/09/2025 19:06:19,27/11,0/0/1,27 11 2 7,10,27/11 27/12 27/13 26/13 25/13 24/13 23/13 22/13 21/13 20/13 19/13 18/13 17/13 16/13 15/13 14/13 13/13 12/13,18/8 17/8 16/8 15/8 14/8 13/8 12/8 11/8 10/8 9/8,1500,27/10,False
1019,1,left,05/09/2025 19:06:19,27/10,0/0/1,27 10 2 8,10,27/10 27/11 27/12 27/13 26/13 25/13 24/13 23/13 22/13 21/13 20/13 19/13 18/13 17/13 16/13 15/13 14/13,19/8 18/8 17/8 16/8 15/8 14/8 13/8 12/8 11/8 10/8,1600,7/6,False
1020,1,left,05/09/2025 19:06:19,26/10,-1/0/0,26 10 3 8,10,26/10 27/10 27/11 27/12 27/13 26/13 25/13 24/13 23/13 22/13 21/13 20/13 19/13 18/13 17/13 16/13 15/13 14/13 13/13,20/8 19/8 18/8 17/8 16/8 15/8 14/8 13/8 12/8 11/8,1600,7/6,False
1021,1,left,05/09/2025 19:06:19,25/10,-1/0/0,25 10 4 8,10,25/10 26/10 27/10 27/11 27/12 27/13 26/13 25/13 24/13 23/13 22/13 21/13 20/13 19/13 18/13 17/13 16/13 15/13 14/13,21/8 20/8 19/8 18/8 17/8 16/8 15/8 14/8 13/8 12/8,1600,7/6,False
1022,1,left,05/09/2025 19:06:20,24/10,-1/0/0,24 10 5 8,10,24/10 25/10 26/10 27/10 27/11 27/12 27/13 26/13 25/13 24/13 23/13 22/13 21/13 20/13 19/13 18/13 17/13 16/13 15/13,22/8 21/8 20/8 19/8 18/8 17/8 16/8 15/8 14/8 13/8,1600,7/6,False
1023,1,left,05/09/2025 19:06:20,23/10,-1/0/0,23 10 6 8,10,23/10 24/10 25/10 26/10 27/10 27/11 27/12 27/13 26/13 25/13 24/13 23/13 22/13 21/13 20/13 19/13 18/13 17/13 16/13,23/8 22/8 21/8 20/8 19/8 18/8 17/8 16/8 15/8 14/8,1600,7/6,False
1024,1,left,05/09/2025 19:06:20,22/10,-1/0/0,22 10 7 8,10,22/10 23/10 24/10 25/10 26/10 27/10 27/11 27/12 27/13 26/13 25/13 24/13 23/13 22/13 21/13 20/13 19/13 18/13 17/13,24/8 23/8 22/8 21/8 20/8 19/8 18/8 17/8 16/8 15/8,1600,7/6,False
1025,1,left,05/09/2025 19:06:20,21/10,-1/0/0,21 10 8 8,10,21/10 22/10 23/10 24/10 25/10 26/10 27/10 27/11 27/12 27/13 26/13 25/13 24/13 23/13 22/13 21/13 20/13 19/13 18/13,25/8 24/8 23/8 22/8 21/8 20/8 19/8 18/8 17/8 16/8,1600,7/6,False
1026,1,left,05/09/2025 19:06:20,20/10,-1/0/0,20 10 9 8,10,20/10 21/10 22/10 23/10 24/10 25/10 26/10 27/10 27/11 27/12 27/13 26/13 25/13 24/13 23/13 22/13 21/13 20/13 19/13,26/8 25/8 24/8 23/8 22/8 21/8 20/8 19/8 18/8 17/8,1600,7/6,False
1027,1,left,05/09/2025 19:06:21,19/10,-1/0/0,19 10 10 8,10,19/10 20/10 21/10 22/10 23/10 24/10 25/10 26/10 27/10 27/11 27/12 27/13 26/13 25/13 24/13 23/13 22/13 21/13 20/13,27/8 26/8 25/8 24/8 23/8 22/8 21/8 20/8 19/8 18/8,1600,7/6,False
1028,1,left,05/09/2025 19:06:21,18/10,-1/0/0,18 10 11 8,10,18/10 19/10 20/10 21/10 22/10 23/10 24/10 25/10 26/10 27/10 27/11 27/12 27/13 26/13 25/13 24/13 23/13 22/13 21/13,28/8 27/8 26/8 25/8 24/8 23/8 22/8 21/8 20/8 19/8,1600,7/6,False
1029,1,left,05/09/2025 19:06:23,17/10,1/0/0,17 10 12 8,10,3/9 2/9 1/9,26/9 27/9 28/9,1600,7/6,False
1030,1,left,05/09/2025 19:06:23,4/9,1/0/0,4 9 25 9,10,4/9 3/9 2/9,25/9 26/9 27/9,1600,2/3,False
1031,1,left,05/09/2025 19:06:23,5/9,1/0/0,5 9 24 9,10,5/9 4/9 3/9,24/9 25/9 26/9,1600,2/3,False
1032,1,left,05/09/2025 19:06:23,6/9,1/0/0,6 9 23 9,10,6/9 5/9 4/9,23/9 24/9 25/9,1600,2/3,False
1033,1,up,05/09/2025 19:06:23,7/9,1/0/0,7 9 22 9,10,7/9 6/9 5/9,22/9 23/9 24/9,1600,2/3,False
1034,1,up,05/09/2025 19:06:23,7/8,0/0/1,7 8 22 10,10,7/8 7/9 6/9,21/9 22/9 23/9,1600,2/3,False
1035,1,up,05/09/2025 19:06:24,7/7,0/0/1,7 7 22 11,10,7/7 7/8 7/9,20/9 21/9 22/9,1600,2/3,False
1036,1,up,05/09/2025 19:06:24,7/6,0/0/1,7 6 22 12,10,7/6 7/7 7/8,19/9 20/9 21/9,1600,2/3,False
1037,1,up,05/09/2025 19:06:24,7/5,0/0/1,7 5 22 13,10,7/5 7/6 7/7,18/9 19/9 20/9,1600,2/3,False
1038,1,up,05/09/2025 19:06:24,7/4,0/0/1,7 4 22 14,10,7/4 7/5 7/6,17/9 18/9 19/9,1600,2/3,False
1039,1,left,05/09/2025 19:06:24,7/3,0/0/1,7 3 22 15,10,7/3 7/4 7/5,16/9 17/9 18/9,1600,2/3,False
1040,1,left,05/09/2025 19:06:25,6/3,-1/0/0,6 3 23 15,10,6/3 7/3 7/4,15/9 16/9 17/9,1600,2/3,False
1041,1,left,05/09/2025 19:06:25,5/3,-1/0/0,5 3 24 15,10,5/3 6/3 7/3,14/9 15/9 16/9,1600,2/3,False
1042,1,left,05/09/2025 19:06:25,4/3,-1/0/0,4 3 25 15,10,4/3 5/3 6/3,13/9 14/9 15/9,1600,2/3,False
1043,1,left,05/09/2025 19:06:25,3/3,-1/0/0,3 3 26 15,10,3/3 4/3 5/3,12/9 13/9 14/9,1600,2/3,False
1044,1,down,05/09/2025 19:06:26,2/3,-1/0/0,2 3 27 15,10,2/3 3/3,11/9 12/9 13/9,1700,18/10,False
1045,1,down,05/09/2025 19:06:26,2/4,0/0/-1,2 4 27 14,10,2/4 2/3 3/3 4/3,10/9 11/9 12/9,1700,18/10,False
1046,1,right,05/09/2025 19:06:26,2/5,0/0/-1,2 5 27 13,10,2/5 2/4 2/3 3/3,9/9 10/9 11/9,1700,18/10,False
1047,1,right,05/09/2025 19:06:26,3/5,1/0/0,3 5 26 13,10,3/5 2/5 2/4 2/3,8/9 9/9 10/9,1700,18/10,False
1048,1,right,05/09/2025 19:06:26,4/5,1/0/0,4 5 25 13,10,4/5 3/5 2/5 2/4,7/9 8/9 9/9,1700,18/10,False
1049,1,right,05/09/2025 19:06:27,5/5,1/0/0,5 5 24 13,10,5/5 4/5 3/5 2/5,7/10 7/9 8/9,1700,18/10,False
1050,1,right,05/09/2025 19:06:27,6/5,1/0/0,6 5 23 13,10,6/5 5/5 4/5 3/5,7/11 7/10 7/9,1700,18/10,False
1051,1,right,05/09/2025 19:06:27,7/5,1/0/0,7 5 22 13,10,7/5 6/5 5/5 4/5,7/12 7/11 7/10,1700,18/10,False
1052,1,right,05/09/2025 19:06:27,8/5,1/0/0,8 5 21 13,10,8/5 7/5 6/5 5/5,8/12 7/12 7/11,1700,18/10,False
1053,1,right,05/09/2025 19:06:27,9/5,1/0/0,9 5 20 13,10,9/5 8/5 7/5 6/5,9/12 8/12 7/12,1700,18/10,False
1054,1,right,05/09/2025 19:06:28,10/5,1/0/0,10 5 19 13,10,10/5 9/5 8/5 7/5,10/12 9/12 8/12,1700,18/10,False
1055,1,right,05/09/2025 19:06:28,11/5,1/0/0,11 5 18 13,10,11/5 10/5 9/5 8/5,11/12 10/12 9/12,1700,18/10,False
1056,1,right,05/09/2025 19:06:28,12/5,1/0/0,12 5 17 13,10,12/5 11/5 10/5 9/5,12/12 11/12 10/12,1700,18/10,False
1057,1,right,05/09/2025 19:06:28,13/5,1/0/0,13 5 16 13,10,13/5 12/5 11/5 10/5,13/12 12/12 11/12,1700,18/10,False
1058,1,right,05/09/2025 19:06:28,14/5,1/0/0,14 5 15 13,10,14/5 13/5 12/5 11/5,14/12 13/12 12/12,1700,18/10,False
1059,1,right,05/09/2025 19:06:29,15/5,1/0/0,15 5 14 13,10,15/5 14/5 13/5 12/5,15/12 14/12 13/12,1700,18/10,False
1060,1,right,05/09/2025 19:06:29,16/5,1/0/0,16 5 13 13,10,16/5 15/5 14/5 13/5,15/11 15/12 14/12,1700,18/10,False
1061,1,right,05/09/2025 19:06:29,17/5,1/0/0,17 5 12 13,10,17/5 16/5 15/5 14/5,14/11 15/11 15/12,1700,18/10,False
1062,1,right,05/09/2025 19:06:29,18/5,1/0/0,18 5 11 13,10,18/5 17/5 16/5 15/5,13/11 14/11 15/11,1700,18/10,False
1063,1,down,05/09/2025 19:06:29,19/5,1/0/0,19 5 10 13,10,19/5 18/5 17/5 16/5,12/11 13/11 14/11,1700,18/10,False
1064,1,down,05/09/2025 19:06:30,19/6,0/0/-1,19 6 10 12,10,19/6 19/5 18/5 17/5,11/11 12/11 13/11,1700,18/10,False
1065,1,down,05/09/2025 19:06:30,19/7,0/0/-1,19 7 10 11,10,19/7 19/6 19/5 18/5,10/11 11/11 12/11,1700,18/10,False
1066,1,down,05/09/2025 19:06:30,19/8,0/0/-1,19 8 10 10,10,19/8 19/7 19/6 19/5,9/11 10/11 11/11,1700,18/10,False
1067,1,down,05/09/2025 19:06:30,19/9,0/0/-1,19 9 10 9,10,19/9 19/8 19/7 19/6,8/11 9/11 10/11,1700,18/10,False
1068,1,left,05/09/2025 19:06:30,19/10,0/0/-1,19 10 10 8,10,19/10 19/9 19/8 19/7,7/11 8/11 9/11,1700,18/10,False
1069,1,left,05/09/2025 19:06:31,18/10,-1/0/0,18 10 11 8,10,18/10 19/10 19/9,6/11 7/11 8/11,1800,19/2,False
1070,1,left,05/09/2025 19:06:31,17/10,-1/0/0,17 10 12 8,10,17/10 18/10 19/10 19/9 19/8,6/10 6/11 7/11,1800,19/2,False
1071,1,left,05/09/2025 19:06:31,16/10,-1/0/0,16 10 13 8,10,16/10 17/10 18/10 19/10 19/9,6/9 6/10 6/11,1800,19/2,False
1072,1,left,05/09/2025 19:06:31,15/10,-1/0/0,15 10 14 8,10,15/10 16/10 17/10 18/10 19/10,6/8 6/9 6/10,1800,19/2,False
1073,1,up,05/09/2025 19:06:31,14/10,-1/0/0,14 10 15 8,10,14/10 15/10 16/10 17/10 18/10,6/7 6/8 6/9,1800,19/2,False
1074,1,up,05/09/2025 19:06:32,14/9,0/0/1,14 9 15 9,10,14/9 14/10 15/10 16/10 17/10,6/6 6/7 6/8,1800,19/2,False
1075,1,up,05/09/2025 19:06:32,14/8,0/0/1,14 8 15 10,10,14/8 14/9 14/10 15/10 16/10,6/5 6/6 6/7,1800,19/2,False
1076,1,up,05/09/2025 19:06:32,14/7,0/0/1,14 7 15 11,10,14/7 14/8 14/9 14/10 15/10,6/4 6/5 6/6,1800,19/2,False
1077,1,up,05/09/2025 19:06:32,14/6,0/0/1,14 6 15 12,10,14/6 14/7 14/8 14/9 14/10,7/4 6/4 6/5,1800,19/2,False
1078,1,up,05/09/2025 19:06:32,14/5,0/0/1,14 5 15 13,10,14/5 14/6 14/7 14/8 14/9,8/4 7/4 6/4,1800,19/2,False
1079,1,up,05/09/2025 19:06:33,14/4,0/0/1,14 4 15 14,10,14/4 14/5 14/6 14/7 14/8,9/4 8/4 7/4,1800,19/2,False
1080,1,up,05/09/2025 19:06:33,14/3,0/0/1,14 3 15 15,10,14/3 14/4 14/5 14/6 14/7,9/5 9/4 8/4,1800,19/2,False
1081,1,up,05/09/2025 19:06:33,14/2,0/0/1,14 2 15 16,10,14/2 14/3 14/4 14/5 14/6,9/6 9/5 9/4,1800,19/2,False
1082,1,right,05/09/2025 19:06:33,14/1,0/0/1,14 1 15 17,10,14/1 14/2 14/3 14/4 14/5,9/7 9/6 9/5,1800,19/2,True
1083,1,right,05/09/2025 19:06:33,15/1,1/0/0,15 1 14 17,10,15/1 14/1 14/2 14/3 14/4,9/8 9/7 9/6,1800,19/2,False
1084,1,right,05/09/2025 19:06:34,16/1,1/0/0,16 1 13 17,10,16/1 15/1 14/1 14/2 14/3,9/9 9/8 9/7,1800,19/2,False
1085,1,right,05/09/2025 19:06:34,17/1,1/0/0,17 1 12 17,10,17/1 16/1 15/1 14/1 14/2,9/10 9/9 9/8,1800,19/2,False
1086,1,right,05/09/2025 19:06:34,18/1,1/0/0,18 1 11 17,10,18/1 17/1 16/1 15/1 14/1,9/11 9/10 9/9,1800,19/2,False
1087,1,down,05/09/2025 19:06:34,19/1,1/0/0,19 1 10 17,10,19/1 18/1 17/1 16/1 15/1,9/12 9/11 9/10,1800,19/2,False
1088,1,down,05/09/2025 19:06:34,19/2,0/0/-1,19 2 10 16,10,19/2 19/1 18/1 17/1,9/13 9/12 9/11,1900,25/6,False
1089,1,down,05/09/2025 19:06:35,19/3,0/0/-1,19 3 10 15,10,19/3 19/2 19/1 18/1 17/1 16/1,9/14 9/13 9/12,1900,25/6,False
1090,1,down,05/09/2025 19:06:35,19/4,0/0/-1,19 4 10 14,10,19/4 19/3 19/2 19/1 18/1 17/1,9/15 9/14 9/13,1900,25/6,False
1091,1,down,05/09/2025 19:06:35,19/5,0/0/-1,19 5 10 13,10,19/5 19/4 19/3 19/2 19/1 18/1,9/16 9/15 9/14,1900,25/6,False
1092,1,down,05/09/2025 19:06:35,19/6,0/0/-1,19 6 10 12,10,19/6 19/5 19/4 19/3 19/2 19/1,10/16 9/16 9/15,1900,25/6,False
1093,1,down,05/09/2025 19:06:35,19/7,0/0/-1,19 7 10 11,10,19/7 19/6 19/5 19/4 19/3 19/2,11/16 10/16 9/16,1900,25/6,False
1094,1,right,05/09/2025 19:06:36,19/8,0/0/-1,19 8 10 10,10,19/8 19/7 19/6 19/5 19/4 19/3,12/16 11/16 10/16,1900,25/6,False
1095,1,right,05/09/2025 19:06:36,20/8,1/0/0,20 8 9 10,10,20/8 19/8 19/7 19/6 19/5 19/4,13/16 12/16 11/16,1900,25/6,False
1096,1,right,05/09/2025 19:06:36,21/8,1/0/0,21 8 8 10,10,21/8 20/8 19/8 19/7 19/6 19/5,14/16 13/16 12/16,1900,25/6,False
1097,1,right,05/09/2025 19:06:36,22/8,1/0/0,22 8 7 10,10,22/8 21/8 20/8 19/8 19/7 19/6,15/16 14/16 13/16,1900,25/6,False
1098,1,right,05/09/2025 19:06:36,23/8,1/0/0,23 8 6 10,10,23/8 22/8 21/8 20/8 19/8 19/7,16/16 15/16 14/16,1900,25/6,False
1099,1,right,05/09/2025 19:06:37,24/8,1/0/0,24 8 5 10,10,24/8 23/8 22/8 21/8 20/8 19/8,17/16 16/16 15/16,1900,25/6,False
1100,1,up,05/09/2025 19:06:37,25/8,1/0/0,25 8 4 10,10,25/8 24/8 23/8 22/8 21/8 20/8,18/16 17/16 16/16,1900,25/6,False
1101,1,up,05/09/2025 19:06:37,25/7,0/0/1,25 7 4 11,10,25/7 25/8 24/8 23/8 22/8 21/8,19/16 18/16 17/16,1900,25/6,False
1102,1,up,05/09/2025 19:06:37,25/6,0/0/1,25 6 4 12,10,25/6 25/7 25/8 24/8 23/8,20/16 19/16 18/16,2000,22/7,False
1103,1,left,05/09/2025 19:06:37,25/5,0/0/1,25 5 4 13,10,25/5 25/6 25/7 25/8 24/8 23/8 22/8,21/16 20/16 19/16,2000,22/7,False
1104,1,left,05/09/2025 19:06:38,24/5,-1/0/0,24 5 5 13,10,24/5 25/5 25/6 25/7 25/8 24/8 23/8,22/16 21/16 20/16,2000,22/7,False
1105,1,left,05/09/2025 19:06:38,23/5,-1/0/0,23 5 6 13,10,23/5 24/5 25/5 25/6 25/7 25/8 24/8,23/16 22/16 21/16,2000,22/7,False
1106,1,down,05/09/2025 19:06:38,22/5,-1/0/0,22 5 7 13,10,22/5 23/5 24/5 25/5 25/6 25/7 25/8,24/16 23/16 22/16,2000,22/7,False
1107,1,down,05/09/2025 19:06:38,22/6,0/0/-1,22 6 7 12,10,22/6 22/5 23/5 24/5 25/5 25/6 25/7,25/16 24/16 23/16,2000,22/7,False
1108,1,down,05/09/2025 19:06:38,22/7,0/0/-1,22 7 7 11,10,22/7 22/6 22/5 23/5 24/5 25/5,25/15 25/16 24/16,2100,12/4,False
1109,1,down,05/09/2025 19:06:39,22/8,0/0/-1,22 8 7 10,10,22/8 22/7 22/6 22/5 23/5 24/5 25/5 25/6,25/14 25/15 25/16,2100,12/4,False
1110,1,down,05/09/2025 19:06:39,22/9,0/0/-1,22 9 7 9,10,22/9 22/8 22/7 22/6 22/5 23/5 24/5 25/5,25/13 25/14 25/15,2100,12/4,False
1111,1,down,05/09/2025 19:06:39,22/10,0/0/-1,22 10 7 8,10,22/10 22/9 22/8 22/7 22/6 22/5 23/5 24/5,24/13 25/13 25/14,2100,12/4,False
1112,1,down,05/09/2025 19:06:39,22/11,0/0/-1,22 11 7 7,10,22/11 22/10 22/9 22/8 22/7 22/6 22/5 23/5,23/13 24/13 25/13,2100,12/4,False
1113,1,left,05/09/2025 19:06:39,22/12,0/0/-1,22 12 7 6,10,22/12 22/11 22/10 22/9 22/8 22/7 22/6 22/5,22/13 23/13 24/13,2100,12/4,True
1114,1,left,05/09/2025 19:06:40,21/12,-1/0/0,21 12 8 6,10,21/12 22/12 22/11 22/10 22/9 22/8 22/7 22/6,21/13 22/13 23/13,2100,12/4,False
1115,1,left,05/09/2025 19:06:40,20/12,-1/0/0,20 12 9 6,10,20/12 21/12 22/12 22/11 22/10 22/9 22/8 22/7,20/13 21/13 22/13,2100,12/4,False
1116,1,left,05/09/2025 19:06:40,19/12,-1/0/0,19 12 10 6,10,19/12 20/12 21/12 22/12 22/11 22/10 22/9 22/8,19/13 20/13 21/13,2100,12/4,False
1117,1,left,05/09/2025 19:06:40,18/12,-1/0/0,18 12 11 6,10,18/12 19/12 20/12 21/12 22/12 22/11 22/10 22/9,18/13 19/13 20/13,2100,12/4,False
1118,1,left,05/09/2025 19:06:40,17/12,-1/0/0,17 12 12 6,10,17/12 18/12 19/12 20/12 21/12 22/12 22/11 22/10,17/13 18/13 19/13,2100,12/4,False
1119,1,left,05/09/2025 19:06:41,16/12,-1/0/0,16 12 13 6,10,16/12 17/12 18/12 19/12 20/12 21/12 22/12 22/11,16/13 17/13 18/13,2100,12/4,False
1120,1,left,05/09/2025 19:06:41,15/12,-1/0/0,15 12 14 6,10,15/12 16/12 17/12 18/12 19/12 20/12 21/12 22/12,15/13 16/13 17/13,2100,12/4,False
1121,1,left,05/09/2025 19:06:41,14/12,-1/0/0,14 12 15 6,10,14/12 15/12 16/12 17/12 18/12 19/12 20/12 21/12,14/13 15/13 16/13,2100,12/4,False
1122,1,left,05/09/2025 19:06:41,13/12,-1/0/0,13 12 16 6,10,13/12 14/12 15/12 16/12 17/12 18/12 19/12 20/12,13/13 14/13 15/13,2100,12/4,False
1123,1,up,05/09/2025 19:06:41,12/12,-1/0/0,12 12 17 6,10,12/12 13/12 14/12 15/12 16/12 17/12 18/12 19/12,12/13 13/13 14/13,2100,12/4,False
1124,1,up,05/09/2025 19:06:42,12/11,0/0/1,12 11 17 7,10,12/11 12/12 13/12 14/12 15/12 16/12 17/12 18/12,11/13 12/13 13/13,2100,12/4,False
1125,1,up,05/09/2025 19:06:42,12/10,0/0/1,12 10 17 8,10,12/10 12/11 12/12 13/12 14/12 15/12 16/12 17/12,10/13 11/13 12/13,2100,12/4,False
1126,1,up,05/09/2025 19:06:42,12/9,0/0/1,12 9 17 9,10,12/9 12/10 12/11 12/12 13/12 14/12 15/12 16/12,9/13 10/13 11/13,2100,12/4,False
1127,1,up,05/09/2025 19:06:42,12/8,0/0/1,12 8 17 10,10,12/8 12/9 12/10 12/11 12/12 13/12 14/12 15/12,8/13 9/13 10/13,2100,12/4,False
1128,1,up,05/09/2025 19:06:42,12/7,0/0/1,12 7 17 11,10,12/7 12/8 12/9 12/10 12/11 12/12 13/12 14/12,7/13 8/13 9/13,2100,12/4,False
1129,1,up,05/09/2025 19:06:43,12/6,0/0/1,12 6 17 12,10,12/6 12/7 12/8 12/9 12/10 12/11 12/12 13/12,6/13 7/13 8/13,2100,12/4,False
1130,1,up,05/09/2025 19:06:43,12/5,0/0/1,12 5 17 13,10,12/5 12/6 12/7 12/8 12/9 12/10 12/11 12/12,5/13 6/13 7/13,2100,12/4,False
1131,1,right,05/09/2025 19:06:43,12/4,0/0/1,12 4 17 14,10,12/4 12/5 12/6 12/7 12/8 12/9 12/10,4/13 5/13 6/13,2200,28/15,False
1132,1,right,05/09/2025 19:06:43,13/4,1/0/0,13 4 16 14,10,13/4 12/4 12/5 12/6 12/7 12/8 12/9 12/10 12/11,3/13 4/13 5/13,2200,28/15,False
1133,1,right,05/09/2025 19:06:43,14/4,1/0/0,14 4 15 14,10,14/4 13/4 12/4 12/5 12/6 12/7 12/8 12/9 12/10,2/13 3/13 4/13,2200,28/15,False
1134,1,right,05/09/2025 19:06:44,15/4,1/0/0,15 4 14 14,10,15/4 14/4 13/4 12/4 12/5 12/6 12/7 12/8 12/9,1/13 2/13 3/13,2200,28/15,False
1135,1,right,05/09/2025 19:06:44,16/4,1/0/0,16 4 13 14,10,16/4 15/4 14/4 13/4 12/4 12/5 12/6 12/7 12/8,1/12 1/13 2/13,2200,28/15,False
1136,1,right,05/09/2025 19:06:44,17/4,1/0/0,17 4 12 14,10,17/4 16/4 15/4 14/4 13/4 12/4 12/5 12/6 12/7,1/11 1/12 1/13,2200,28/15,False
1137,1,right,05/09/2025 19:06:44,18/4,1/0/0,18 4 11 14,10,18/4 17/4 16/4 15/4 14/4 13/4 12/4 12/5 12/6,2/11 1/11 1/12,2200,28/15,False
1138,1,right,05/09/2025 19:06:44,19/4,1/0/0,19 4 10 14,10,19/4 18/4 17/4 16/4 15/4 14/4 13/4 12/4 12/5,3/11 2/11 1/11,2200,28/15,False
1139,1,right,05/09/2025 19:06:45,20/4,1/0/0,20 4 9 14,10,20/4 19/4 18/4 17/4 16/4 15/4 14/4 13/4 12/4,4/11 3/11 2/11,2200,28/15,False
1140,1,right,05/09/2025 19:06:45,21/4,1/0/0,21 4 8 14,10,21/4 20/4 19/4 18/4 17/4 16/4 15/4 14/4 13/4,5/11 4/11 3/11,2200,28/15,False
1141,1,right,05/09/2025 19:06:45,22/4,1/0/0,22 4 7 14,10,22/4 21/4 20/4 19/4 18/4 17/4 16/4 15/4 14/4,6/11 5/11 4/11,2200,28/15,False
1142,1,right,05/09/2025 19:06:45,23/4,1/0/0,23 4 6 14,10,23/4 22/4 21/4 20/4 19/4 18/4 17/4 16/4 15/4,7/11 6/11 5/11,2200,28/15,False
1143,1,right,05/09/2025 19:06:45,24/4,1/0/0,24 4 5 14,10,24/4 23/4 22/4 21/4 20/4 19/4 18/4 17/4 16/4,8/11 7/11 6/11,2200,28/15,False
1144,1,right,05/09/2025 19:06:46,25/4,1/0/0,25 4 4 14,10,25/4 24/4 23/4 22/4 21/4 20/4 19/4 18/4 17/4,9/11 8/11 7/11,2200,28/15,False
1145,1,right,05/09/2025 19:06:46,26/4,1/0/0,26 4 3 14,10,26/4 25/4 24/4 23/4 22/4 21/4 20/4 19/4 18/4,10/11 9/11 8/11,2200,28/15,False
1146,1,right,05/09/2025 19:06:46,27/4,1/0/0,27 4 2 14,10,27/4 26/4 25/4 24/4 23/4 22/4 21/4 20/4 19/4,11/11 10/11 9/11,2200,28/15,False
1147,1,down,05/09/2025 19:06:46,28/4,1/0/0,28 4 1 14,10,28/4 27/4 26/4 25/4 24/4 23/4 22/4 21/4 20/4,12/11 11/11 10/11,2200,28/15,True
1148,1,down,05/09/2025 19:06:46,28/5,0/0/-1,28 5 1 13,10,28/5 28/4 27/4 26/4 25/4 24/4 23/4 22/4 21/4,13/11 12/11 11/11,2200,28/15,False
1149,1,down,05/09/2025 19:06:47,28/6,0/0/-1,28 6 1 12,10,28/6 28/5 28/4 27/4 26/4 25/4 24/4 23/4 22/4,14/11 13/11 12/11,2200,28/15,False
1150,1,down,05/09/2025 19:06:47,28/7,0/0/-1,28 7 1 11,10,28/7 28/6 28/5 28/4 27/4 26/4 25/4 24/4 23/4,15/11 14/11 13/11,2200,28/15,False
1151,1,down,05/09/2025 19:06:47,28/8,0/0/-1,28 8 1 10,10,28/8 28/7 28/6 28/5 28/4 27/4 26/4 25/4 24/4,16/11 15/11 14/11,2200,28/15,False
1152,1,down,05/09/2025 19:06:47,28/9,0/0/-1,28 9 1 9,10,28/9 28/8 28/7 28/6 28/5 28/4 27/4 26/4 25/4,17/11 16/11 15/11,2200,28/15,False
1153,1,down,05/09/2025 19:06:47,28/10,0/0/-1,28 10 1 8,10,28/10 28/9 28/8 28/7 28/6 28/5 28/4 27/4 26/4,18/11 17/11 16/11,2200,28/15,False
1154,1,down,05/09/2025 19:06:48,28/11,0/0/-1,28 11 1 7,10,28/11 28/10 28/9 28/8 28/7 28/6 28/5 28/4 27/4,19/11 18/11 17/11,2200,28/15,False
1155,1,down,05/09/2025 19:06:48,28/12,0/0/-1,28 12 1 6,10,28/12 28/11 28/10 28/9 28/8 28/7 28/6 28/5 28/4,20/11 19/11 18/11,2200,28/15,False
1156,1,down,05/09/2025 19:06:48,28/13,0/0/-1,28 13 1 5,10,28/13 28/12 28/11 28/10 28/9 28/8 28/7 28/6 28/5,21/11 20/11 19/11,2200,28/15,False
1157,1,down,05/09/2025 19:06:48,28/14,0/0/-1,28 14 1 4,10,28/14 28/13 28/12 28/11 28/10 28/9 28/8 28/7 28/6,22/11 21/11 20/11,2200,28/15,False
1158,1,down,05/09/2025 19:06:48,28/15,0/0/-1,28 15 1 3,10,28/15 28/14 28/13 28/12 28/11 28/10 28/9 28/8,23/11 22/11 21/11,2300,7/8,False
1159,1,left,05/09/2025 19:06:49,28/16,0/0/-1,28 16 1 2,10,28/16 28/15 28/14 28/13 28/12 28/11 28/10 28/9 28/8 28/7,24/11 23/11 22/11,2300,7/8,False
1160,1,left,05/09/2025 19:06:49,27/16,-1/0/0,27 16 2 2,10,27/16 28/16 28/15 28/14 28/13 28/12 28/11 28/10 28/9 28/8,25/11 24/11 23/11,2300,7/8,False
1161,1,left,05/09/2025 19:06:49,26/16,-1/0/0,26 16 3 2,10,26/16 27/16 28/16 28/15 28/14 28/13 28/12 28/11 28/10 28/9,26/11 25/11 24/11,2300,7/8,False
1162,1,left,05/09/2025 19:06:49,25/16,-1/0/0,25 16 4 2,10,25/16 26/16 27/16 28/16 28/15 28/14 28/13 28/12 28/11 28/10,26/12 26/11 25/11,2300,7/8,False
1163,1,left,05/09/2025 19:06:49,24/16,-1/0/0,24 16 5 2,10,24/16 25/16 26/16 27/16 28/16 28/15 28/14 28/13 28/12 28/11,25/12 26/12 26/11,2300,7/8,False
1164,1,left,05/09/2025 19:06:50,23/16,-1/0/0,23 16 6 2,10,23/16 24/16 25/16 26/16 27/16 28/16 28/15 28/14 28/13 28/12,24/12 25/12 26/12,2300,7/8,False
1165,1,left,05/09/2025 19:06:50,22/16,-1/0/0,22 16 7 2,10,22/16 23/16 24/16 25/16 26/16 27/16 28/16 28/15 28/14 28/13,23/12 24/12 25/12,2300,7/8,False
1166,1,left,05/09/2025 19:06:50,21/16,-1/0/0,21 16 8 2,10,21/16 22/16 23/16 24/16 25/16 26/16 27/16 28/16 28/15 28/14,22/12 23/12 24/12,2300,7/8,False
1167,1,left,05/09/2025 19:06:50,20/16,-1/0/0,20 16 9 2,10,20/16 21/16 22/16 23/16 24/16 25/16 26/16 27/16 28/16 28/15,21/12 22/12 23/12,2300,7/8,False
1168,1,left,05/09/2025 19:06:50,19/16,-1/0/0,19 16 10 2,10,19/16 20/16 21/16 22/16 23/16 24/16 25/16 26/16 27/16 28/16,20/12 21/12 22/12,2300,7/8,False
1169,1,left,05/09/2025 19:06:51,18/16,-1/0/0,18 16 11 2,10,18/16 19/16 20/16 21/16 22/16 23/16 24/16 25/16 26/16 27/16,19/12 20/12 21/12,2300,7/8,False
1170,1,left,05/09/2025 19:06:51,17/16,-1/0/0,17 16 12 2,10,17/16 18/16 19/16 20/16 21/16 22/16 23/16 24/16 25/16 26/16,18/12 19/12 20/12,2300,7/8,False
1171,1,left,05/09/2025 19:06:51,16/16,-1/0/0,16 16 13 2,10,16/16 17/16 18/16 19/16 20/16 21/16 22/16 23/16 24/16 25/16,17/12 18/12 19/12,2300,7/8,False
1172,1,left,05/09/2025 19:06:51,15/16,-1/0/0,15 16 14 2,10,15/16 16/16 17/16 18/16 19/16 20/16 21/16 22/16 23/16 24/16,16/12 17/12 18/12,2300,7/8,False
1173,1,left,05/09/2025 19:06:51,14/16,-1/0/0,14 16 15 2,10,14/16 15/16 16/16 17/16 18/16 19/16 20/16 21/16 22/16 23/16,15/12 16/12 17/12,2300,7/8,False
1174,1,left,05/09/2025 19:06:52,13/16,-1/0/0,13 16 16 2,10,13/16 14/16 15/16 16/16 17/16 18/16 19/16 20/16 21/16 22/16,14/12 15/12 16/12,2300,7/8,False
1175,1,left,05/09/2025 19:06:52,12/16,-1/0/0,12 16 17 2,10,12/16 13/16 14/16 15/16 16/16 17/16 18/16 19/16 20/16 21/16,13/12 14/12 15/12,2300,7/8,False
1176,1,left,05/09/2025 19:06:52,11/16,-1/0/0,11 16 18 2,10,11/16 12/16 13/16 14/16 15/16 16/16 17/16 18/16 19/16 20/16,12/12 13/12 14/12,2300,7/8,False
1177,1,left,05/09/2025 19:06:52,10/16,-1/0/0,10 16 19 2,10,10/16 11/16 12/16 13/16 14/16 15/16 16/16 17/16 18/16 19/16,11/12 12/12 13/12,2300,7/8,False
1178,1,left,05/09/2025 19:06:52,9/16,-1/0/0,9 16 20 2,10,9/16 10/16 11/16 12/16 13/16 14/16 15/16 16/16 17/16 18/16,10/12 11/12 12/12,2300,7/8,False
1179,1,left,05/09/2025 19:06:53,8/16,-1/0/0,8 16 21 2,10,8/16 9/16 10/16 11/16 12/16 13/16 14/16 15/16 16/16 17/16,9/12 10/12 11/12,2300,7/8,False
1180,1,left,05/09/2025 19:06:53,7/16,-1/0/0,7 16 22 2,10,7/16 8/16 9/16 10/16 11/16 12/16 13/16 14/16 15/16 16/16,8/12 9/12 10/12,2300,7/8,False
1181,1,left,05/09/2025 19:06:53,6/16,-1/0/0,6 16 23 2,10,6/16 7/16 8/16 9/16 10/16 11/16 12/16 13/16 14/16 15/16,7/12 8/12 9/12,2300,7/8,False
1182,1,left,05/09/2025 19:06:53,5/16,-1/0/0,5 16 24 2,10,5/16 6/16 7/16 8/16 9/16 10/16 11/16 12/16 13/16 14/16,7/11 7/12 8/12,2300,7/8,False
1183,1,left,05/09/2025 19:06:53,4/16,-1/0/0,4 16 25 2,10,4/16 5/16 6/16 7/16 8/16 9/16 10/16 11/16 12/16 13/16,7/10 7/11 7/12,2300,7/8,False
1184,1,left,05/09/2025 19:06:54,3/16,-1/0/0,3 16 26 2,10,3/16 4/16 5/16 6/16 7/16 8/16 9/16 10/16 11/16 12/16,7/9 7/10 7/11,2300,7/8,False
1185,1,up,05/09/2025 19:06:54,2/16,-1/0/0,2 16 27 2,10,2/16 3/16 4/16 5/16 6/16 7/16 8/16 9/16 10/16 11/16,7/8 7/9,2300,7/8,False
1186,1,up,05/09/2025 19:06:54,2/15,0/0/1,2 15 27 3,10,2/15 2/16 3/16 4/16 5/16 6/16 7/16 8/16 9/16 10/16,7/7 7/8 7/9 7/10,2300,18/2,False
1187,1,up,05/09/2025 19:06:54,2/14,0/0/1,2 14 27 4,10,2/14 2/15 2/16 3/16 4/16 5/16 6/16 7/16 8/16 9/16,7/6 7/7 7/8 7/9,2300,18/2,False
1188,1,up,05/09/2025 19:06:54,2/13,0/0/1,2 13 27 5,10,2/13 2/14 2/15 2/16 3/16 4/16 5/16 6/16 7/16 8/16,7/5 7/6 7/7 7/8,2300,18/2,False
1189,1,up,05/09/2025 19:06:55,2/12,0/0/1,2 12 27 6,10,2/12 2/13 2/14 2/15 2/16 3/16 4/16 5/16 6/16 7/16,8/5 7/5 7/6 7/7,2300,18/2,False
1190,1,up,05/09/2025 19:06:55,2/11,0/0/1,2 11 27 7,10,2/11 2/12 2/13 2/14 2/15 2/16 3/16 4/16 5/16 6/16,9/5 8/5 7/5 7/6,2300,18/2,False
1191,1,up,05/09/2025 19:06:55,2/10,0/0/1,2 10 27 8,10,2/10 2/11 2/12 2/13 2/14 2/15 2/16 3/16 4/16 5/16,10/5 9/5 8/5 7/5,2300,18/2,False
1192,1,up,05/09/2025 19:06:55,2/9,0/0/1,2 9 27 9,10,2/9 2/10 2/11 2/12 2/13 2/14 2/15 2/16 3/16 4/16,11/5 10/5 9/5 8/5,2300,18/2,False
1193,1,up,05/09/2025 19:06:55,2/8,0/0/1,2 8 27 10,10,2/8 2/9 2/10 2/11 2/12 2/13 2/14 2/15 2/16 3/16,12/5 11/5 10/5 9/5,2300,18/2,False
1194,1,up,05/09/2025 19:06:56,2/7,0/0/1,2 7 27 11,10,2/7 2/8 2/9 2/10 2/11 2/12 2/13 2/14 2/15 2/16,13/5 12/5 11/5 10/5,2300,18/2,False
1195,1,up,05/09/2025 19:06:56,2/6,0/0/1,2 6 27 12,10,2/6 2/7 2/8 2/9 2/10 2/11 2/12 2/13 2/14 2/15,14/5 13/5 12/5 11/5,2300,18/2,False
1196,1,up,05/09/2025 19:06:56,2/5,0/0/1,2 5 27 13,10,2/5 2/6 2/7 2/8 2/9 2/10 2/11 2/12 2/13 2/14,15/5 14/5 13/5 12/5,2300,18/2,False
1197,1,up,05/09/2025 19:06:56,2/4,0/0/1,2 4 27 14,10,2/4 2/5 2/6 2/7 2/8 2/9 2/10 2/11 2/12 2/13,16/5 15/5 14/5 13/5,2300,18/2,False
1198,1,right,05/09/2025 19:06:56,2/3,0/0/1,2 3 27 15,10,2/3 2/4 2/5 2/6 2/7 2/8 2/9 2/10 2/11 2/12,17/5 16/5 15/5 14/5,2300,18/2,False
1199,1,right,05/09/2025 19:06:57,3/3,1/0/0,3 3 26 15,10,3/3 2/3 2/4 2/5 2/6 2/7 2/8 2/9 2/10 2/11,18/5 17/5 16/5 15/5,2300,18/2,False
1200,1,right,05/09/2025 19:06:57,4/3,1/0/0,4 3 25 15,10,4/3 3/3 2/3 2/4 2/5 2/6 2/7 2/8 2/9 2/10,19/5 18/5 17/5 16/5,2300,18/2,False
1201,1,right,05/09/2025 19:06:57,5/3,1/0/0,5 3 24 15,10,5/3 4/3 3/3 2/3 2/4 2/5 2/6 2/7 2/8 2/9,20/5 19/5 18/5 17/5,2300,18/2,False
1202,1,right,05/09/2025 19:06:57,6/3,1/0/0,6 3 23 15,10,6/3 5/3 4/3 3/3 2/3 2/4 2/5 2/6 2/7 2/8,21/5 20/5 19/5 18/5,2300,18/2,False
1203,1,right,05/09/2025 19:06:57,7/3,1/0/0,7 3 22 15,10,7/3 6/3 5/3 4/3 3/3 2/3 2/4 2/5 2/6 2/7,22/5 21/5 20/5 19/5,2300,18/2,False
1204,1,right,05/09/2025 19:06:58,8/3,1/0/0,8 3 21 15,10,8/3 7/3 6/3 5/3 4/3 3/3 2/3 2/4 2/5 2/6,23/5 22/5 21/5 20/5,2300,18/2,False
1205,1,up,05/09/2025 19:06:58,9/3,1/0/0,9 3 20 15,10,9/3 8/3 7/3 6/3 5/3 4/3 3/3 2/3 2/4 2/5,24/5 23/5 22/5 21/5,2300,18/2,False
1206,1,right,05/09/2025 19:06:58,9/2,0/0/1,9 2 20 16,10,9/2 9/3 8/3 7/3 6/3 5/3 4/3 3/3 2/3 2/4,25/5 24/5 23/5 22/5,2300,18/2,False
1207,1,right,05/09/2025 19:06:58,10/2,1/0/0,10 2 19 16,10,10/2 9/2 9/3 8/3 7/3 6/3 5/3 4/3 3/3 2/3,26/5 25/5 24/5 23/5,2300,18/2,False
1208,1,right,05/09/2025 19:06:58,11/2,1/0/0,11 2 18 16,10,11/2 10/2 9/2 9/3 8/3 7/3 6/3 5/3 4/3 3/3,27/5 26/5 25/5 24/5,2300,18/2,False
1209,1,right,05/09/2025 19:06:59,12/2,1/0/0,12 2 17 16,10,12/2 11/2 10/2 9/2 9/3 8/3 7/3 6/3 5/3 4/3,27/6 27/5 26/5 25/5,2300,18/2,False
1210,1,right,05/09/2025 19:06:59,13/2,1/0/0,13 2 16 16,10,13/2 12/2 11/2 10/2 9/2 9/3 8/3 7/3 6/3 5/3,27/7 27/6 27/5 26/5,2300,18/2,False
1211,1,right,05/09/2025 19:06:59,14/2,1/0/0,14 2 15 16,10,14/2 13/2 12/2 11/2 10/2 9/2 9/3 8/3 7/3 6/3,27/8 27/7 27/6 27/5,2300,18/2,False
1212,1,right,05/09/2025 19:06:59,15/2,1/0/0,15 2 14 16,10,15/2 14/2 13/2 12/2 11/2 10/2 9/2 9/3 8/3 7/3,27/9 27/8 27/7 27/6,2300,18/2,False
1213,1,right,05/09/2025 19:06:59,16/2,1/0/0,16 2 13 16,10,16/2 15/2 14/2 13/2 12/2 11/2 10/2 9/2 9/3 8/3,27/10 27/9 27/8 27/7,2300,18/2,False
1214,1,right,05/09/2025 19:07:00,17/2,1/0/0,17 2 12 16,10,17/2 16/2 15/2 14/2 13/2 12/2 11/2 10/2 9/2 9/3,27/11 27/10 27/9 27/8,2300,18/2,False
1215,1,down,05/09/2025 19:07:00,18/2,1/0/0,18 2 11 16,10,18/2 17/2 16/2 15/2 14/2 13/2 12/2 11/2 10/2,27/12 27/11 27/10 27/9,2400,22/2,False
1216,1,down,05/09/2025 19:07:00,18/3,0/0/-1,18 3 11 15,10,18/3 18/2 17/2 16/2 15/2 14/2 13/2 12/2 11/2 10/2 9/2,27/13 27/12 27/11 27/10,2400,22/2,False
1217,1,down,05/09/2025 19:07:00,18/4,0/0/-1,18 4 11 14,10,18/4 18/3 18/2 17/2 16/2 15/2 14/2 13/2 12/2 11/2 10/2,27/14 27/13 27/12 27/11,2400,22/2,False
1218,1,down,05/09/2025 19:07:00,18/5,0/0/-1,18 5 11 13,10,18/5 18/4 18/3 18/2 17/2 16/2 15/2 14/2 13/2 12/2 11/2,27/15 27/14 27/13 27/12,2400,22/2,False
1219,1,down,05/09/2025 19:07:01,18/6,0/0/-1,18 6 11 12,10,18/6 18/5 18/4 18/3 18/2 17/2 16/2 15/2 14/2 13/2 12/2,26/15 27/15 27/14 27/13,2400,22/2,False
1220,1,down,05/09/2025 19:07:01,18/7,0/0/-1,18 7 11 11,10,18/7 18/6 18/5 18/4 18/3 18/2 17/2 16/2 15/2 14/2 13/2,25/15 26/15 27/15 27/14,2400,22/2,False
1221,1,right,05/09/2025 19:07:01,18/8,0/0/-1,18 8 11 10,10,18/8 18/7 18/6 18/5 18/4 18/3 18/2 17/2 16/2 15/2 14/2,24/15 25/15 26/15 27/15,2400,22/2,False
1222,1,right,05/09/2025 19:07:01,19/8,1/0/0,19 8 10 10,10,19/8 18/8 18/7 18/6 18/5 18/4 18/3 18/2 17/2 16/2 15/2,23/15 24/15 25/15 26/15,2400,22/2,False
1223,1,right,05/09/2025 19:07:01,20/8,1/0/0,20 8 9 10,10,20/8 19/8 18/8 18/7 18/6 18/5 18/4 18/3 18/2 17/2 16/2,22/15 23/15 24/15 25/15,2400,22/2,False
1224,1,right,05/09/2025 19:07:02,21/8,1/0/0,21 8 8 10,10,21/8 20/8 19/8 18/8 18/7 18/6 18/5 18/4 18/3 18/2 17/2,21/15 22/15 23/15 24/15,2400,22/2,False
1225,1,right,05/09/2025 19:07:02,22/8,1/0/0,22 8 7 10,10,22/8 21/8 20/8 19/8 18/8 18/7 18/6 18/5 18/4 18/3 18/2,20/15 21/15 22/15 23/15,2400,22/2,False
1226,1,right,05/09/2025 19:07:02,23/8,1/0/0,23 8 6 10,10,23/8 22/8 21/8 20/8 19/8 18/8 18/7 18/6 18/5 18/4 18/3,19/15 20/15 21/15 22/15,2400,22/2,False
1227,1,right,05/09/2025 19:07:02,24/8,1/0/0,24 8 5 10,10,24/8 23/8 22/8 21/8 20/8 19/8 18/8 18/7 18/6 18/5 18/4,18/15 19/15 20/15 21/15,2400,22/2,False
1228,1,up,05/09/2025 19:07:02,25/8,1/0/0,25 8 4 10,10,25/8 24/8 23/8 22/8 21/8 20/8 19/8 18/8 18/7 18/6 18/5,17/15 18/15 19/15 20/15,2400,22/2,False
1229,1,up,05/09/2025 19:07:03,25/7,0/0/1,25 7 4 11,10,25/7 25/8 24/8 23/8 22/8 21/8 20/8 19/8 18/8 18/7 18/6,16/15 17/15 18/15 19/15,2400,22/2,False
1230,1,up,05/09/2025 19:07:03,25/6,0/0/1,25 6 4 12,10,25/6 25/7 25/8 24/8 23/8 22/8 21/8 20/8 19/8 18/8 18/7,15/15 16/15 17/15 18/15,2400,22/2,False
1231,1,up,05/09/2025 19:07:03,25/5,0/0/1,25 5 4 13,10,25/5 25/6 25/7 25/8 24/8 23/8 22/8 21/8 20/8 19/8 18/8,14/15 15/15 16/15 17/15,2400,22/2,False
1232,1,up,05/09/2025 19:07:03,25/4,0/0/1,25 4 4 14,10,25/4 25/5 25/6 25/7 25/8 24/8 23/8 22/8 21/8 20/8 19/8,13/15 14/15 15/15 16/15,2400,22/2,False
1233,1,up,05/09/2025 19:07:03,25/3,0/0/1,25 3 4 15,10,25/3 25/4 25/5 25/6 25/7 25/8 24/8 23/8 22/8 21/8 20/8,12/15 13/15 14/15 15/15,2400,22/2,False
1234,1,left,05/09/2025 19:07:04,25/2,0/0/1,25 2 4 16,10,25/2 25/3 25/4 25/5 25/6 25/7 25/8 24/8 23/8 22/8 21/8,11/15 12/15 13/15 14/15,2400,22/2,False
1235,1,left,05/09/2025 19:07:04,24/2,-1/0/0,24 2 5 16,10,24/2 25/2 25/3 25/4 25/5 25/6 25/7 25/8 24/8 23/8 22/8,10/15 11/15 12/15 13/15,2400,22/2,False
1236,1,left,05/09/2025 19:07:04,23/2,-1/0/0,23 2 6 16,10,23/2 24/2 25/2 25/3 25/4 25/5 25/6 25/7 25/8 24/8 23/8,9/15 10/15 11/15 12/15,2400,22/2,False
1237,1,left,05/09/2025 19:07:04,22/2,-1/0/0,22 2 7 16,10,22/2 23/2 24/2 25/2 25/3 25/4 25/5 25/6 25/7 25/8,8/15 9/15 10/15 11/15,2500,20/4,False
1238,1,left,05/09/2025 19:07:04,21/2,-1/0/0,21 2 8 16,10,21/2 22/2 23/2 24/2 25/2 25/3 25/4 25/5 25/6 25/7 25/8 24/8,7/15 8/15 9/15 10/15,2500,20/4,False
1239,1,down,05/09/2025 19:07:05,20/2,-1/0/0,20 2 9 16,10,20/2 21/2 22/2 23/2 24/2 25/2 25/3 25/4 25/5 25/6 25/7 25/8,6/15 7/15 8/15 9/15,2500,20/4,False
1240,1,down,05/09/2025 19:07:05,20/3,0/0/-1,20 3 9 15,10,20/3 20/2 21/2 22/2 23/2 24/2 25/2 25/3 25/4 25/5 25/6 25/7,5/15 6/15 7/15 8/15,2500,20/4,False
1241,1,down,05/09/2025 19:07:05,20/4,0/0/-1,20 4 9 14,10,20/4 20/3 20/2 21/2 22/2 23/2 24/2 25/2 25/3 25/4 25/5,4/15 5/15 6/15 7/15,2600,28/14,False
1242,1,down,05/09/2025 19:07:05,20/5,0/0/-1,20 5 9 13,10,20/5 20/4 20/3 20/2 21/2 22/2 23/2 24/2 25/2 25/3 25/4 25/5 25/6,3/15 4/15 5/15 6/15,2600,28/14,False
1243,1,down,05/09/2025 19:07:05,20/6,0/0/-1,20 6 9 12,10,20/6 20/5 20/4 20/3 20/2 21/2 22/2 23/2 24/2 25/2 25/3 25/4 25/5,2/15 3/15 4/15 5/15,2600,28/14,False
1244,1,down,05/09/2025 19:07:06,20/7,0/0/-1,20 7 9 11,10,20/7 20/6 20/5 20/4 20/3 20/2 21/2 22/2 23/2 24/2 25/2 25/3 25/4,1/15 2/15 3/15 4/15,2600,28/14,False
1245,1,down,05/09/2025 19:07:06,20/8,0/0/-1,20 8 9 10,10,20/8 20/7 20/6 20/5 20/4 20/3 20/2 21/2 22/2 23/2 24/2 25/2 25/3,1/14 1/15 2/15 3/15,2600,28/14,False
1246,1,down,05/09/2025 19:07:06,20/9,0/0/-1,20 9 9 9,10,20/9 20/8 20/7 20/6 20/5 20/4 20/3 20/2 21/2 22/2 23/2 24/2 25/2,1/13 1/14 1/15 2/15,2600,28/14,False
1247,1,down,05/09/2025 19:07:06,20/10,0/0/-1,20 10 9 8,10,20/10 20/9 20/8 20/7 20/6 20/5 20/4 20/3 20/2 21/2 22/2 23/2 24/2,2/13 1/13 1/14 1/15,2600,28/14,False
1248,1,down,05/09/2025 19:07:06,20/11,0/0/-1,20 11 9 7,10,20/11 20/10 20/9 20/8 20/7 20/6 20/5 20/4 20/3 20/2 21/2 22/2 23/2,3/13 2/13 1/13 1/14,2600,28/14,False
1249,1,down,05/09/2025 19:07:07,20/12,0/0/-1,20 12 9 6,10,20/12 20/11 20/10 20/9 20/8 20/7 20/6 20/5 20/4 20/3 20/2 21/2 22/2,4/13 3/13 2/13 1/13,2600,28/14,False
1250,1,down,05/09/2025 19:07:07,20/13,0/0/-1,20 13 9 5,10,20/13 20/12 20/11 20/10 20/9 20/8 20/7 20/6 20/5 20/4 20/3 20/2 21/2,5/13 4/13 3/13 2/13,2600,28/14,False
1251,1,down,05/09/2025 19:07:07,20/14,0/0/-1,20 14 9 4,10,20/14 20/13 20/12 20/11 20/10 20/9 20/8 20/7 20/6 20/5 20/4 20/3 20/2,6/13 5/13 4/13 3/13,2600,28/14,False
1252,1,left,05/09/2025 19:07:07,20/15,0/0/-1,20 15 9 3,10,20/15 20/14 20/13 20/12 20/11 20/10 20/9 20/8 20/7 20/6 20/5 20/4 20/3,7/13 6/13 5/13 4/13,2600,28/14,False
1253,1,left,05/09/2025 19:07:07,19/15,-1/0/0,19 15 10 3,10,19/15 20/15 20/14 20/13 20/12 20/11 20/10 20/9 20/8 20/7 20/6 20/5 20/4,8/13 7/13 6/13 5/13,2600,28/14,False
1254,1,left,05/09/2025 19:07:08,18/15,-1/0/0,18 15 11 3,10,18/15 19/15 20/15 20/14 20/13 20/12 20/11 20/10 20/9 20/8 20/7 20/6 20/5,9/13 8/13 7/13 6/13,2600,28/14,False
1255,1,left,05/09/2025 19:07:08,17/15,-1/0/0,17 15 12 3,10,17/15 18/15 19/15 20/15 20/14 20/13 20/12 20/11 20/10 20/9 20/8 20/7 20/6,10/13 9/13 8/13 7/13,2600,28/14,False
1256,1,left,05/09/2025 19:07:08,16/15,-1/0/0,16 15 13 3,10,16/15 17/15 18/15 19/15 20/15 20/14 20/13 20/12 20/11 20/10 20/9 20/8 20/7,11/13 10/13 9/13 8/13,2600,28/14,False
1257,1,left,05/09/2025 19:07:08,15/15,-1/0/0,15 15 14 3,10,15/15 16/15 17/15 18/15 19/15 20/15 20/14 20/13 20/12 20/11 20/10 20/9 20/8,12/13 11/13 10/13 9/13,2600,28/14,False
1258,1,left,05/09/2025 19:07:08,14/15,-1/0/0,14 15 15 3,10,14/15 15/15 16/15 17/15 18/15 19/15 20/15 20/14 20/13 20/12 20/11 20/10 20/9,13/13 12/13 11/13 10/13,2600,28/14,False
1259,1,left,05/09/2025 19:07:09,13/15,-1/0/0,13 15 16 3,10,13/15 14/15 15/15 16/15 17/15 18/15 19/15 20/15 20/14 20/13 20/12 20/11 20/10,14/13 13/13 12/13 11/13,2600,28/14,False
1260,1,left,05/09/2025 19:07:09,12/15,-1/0/0,12 15 17 3,10,12/15 13/15 14/15 15/15 16/15 17/15 18/15 19/15 20/15 20/14 20/13 20/12 20/11,15/13 14/13 13/13 12/13,2600,28/14,False
1261,1,left,05/09/2025 19:07:09,11/15,-1/0/0,11 15 18 3,10,11/15 12/15 13/15 14/15 15/15 16/15 17/15 18/15 19/15 20/15 20/14 20/13 20/12,16/13 15/13 14/13 13/13,2600,28/14,False
1262,1,left,05/09/2025 19:07:09,10/15,-1/0/0,10 15 19 3,10,10/15 11/15 12/15 13/15 14/15 15/15 16/15 17/15 18/15 19/15 20/15 20/14 20/13,17/13 16/13 15/13 14/13,2600,28/14,False
1263,1,left,05/09/2025 19:07:09,9/15,-1/0/0,9 15 20 3,10,9/15 10/15 11/15 12/15 13/15 14/15 15/15 16/15 17/15 18/15 19/15 20/15 20/14,18/13 17/13 16/13 15/13,2600,28/14,False
1264,1,left,05/09/2025 19:07:10,8/15,-1/0/0,8 15 21 3,10,8/15 9/15 10/15 11/15 12/15 13/15 14/15 15/15 16/15 17/15 18/15 19/15 20/15,19/13 18/13 17/13 16/13,2600,28/14,False
1265,1,left,05/09/2025 19:07:10,7/15,-1/0/0,7 15 22 3,10,7/15 8/15 9/15 10/15 11/15 12/15 13/15 14/15 15/15 16/15 17/15 18/15 19/15,20/13 19/13 18/13 17/13,2600,28/14,False
1266,1,up,05/09/2025 19:07:10,6/15,-1/0/0,6 15 23 3,10,6/15 7/15 8/15 9/15 10/15 11/15 12/15 13/15 14/15 15/15 16/15 17/15 18/15,21/13 20/13 19/13 18/13,2600,28/14,False
1267,1,up,05/09/2025 19:07:10,6/14,0/0/1,6 14 23 4,10,6/14 6/15 7/15 8/15 9/15 10/15 11/15 12/15 13/15 14/15 15/15 16/15 17/15,22/13 21/13 20/13 19/13,2600,28/14,False
1268,1,up,05/09/2025 19:07:11,6/13,0/0/1,6 13 23 5,10,6/13 6/14 6/15 7/15 8/15 9/15 10/15 11/15 12/15 13/15 14/15 15/15 16/15,23/13 22/13 21/13 20/13,2600,28/14,False
1269,1,up,05/09/2025 19:07:11,6/12,0/0/1,6 12 23 6,10,6/12 6/13 6/14 6/15 7/15 8/15 9/15 10/15 11/15 12/15 13/15 14/15 15/15,24/13 23/13 22/13 21/13,2600,28/14,False
1270,1,up,05/09/2025 19:07:11,6/11,0/0/1,6 11 23 7,10,6/11 6/12 6/13 6/14 6/15 7/15 8/15 9/15 10/15 11/15 12/15 13/15 14/15,25/13 24/13 23/13 22/13,2600,28/14,False
1271,1,up,05/09/2025 19:07:11,6/10,0/0/1,6 10 23 8,10,6/10 6/11 6/12 6/13 6/14 6/15 7/15 8/15 9/15 10/15 11/15 12/15 13/15,26/13 25/13 24/13 23/13,2600,28/14,False
1272,1,up,05/09/2025 19:07:11,6/9,0/0/1,6 9 23 9,10,6/9 6/10 6/11 6/12 6/13 6/14 6/15 7/15 8/15 9/15 10/15 11/15 12/15,27/13 26/13 25/13 24/13,2600,28/14,False
1273,1,up,05/09/2025 19:07:12,6/8,0/0/1,6 8 23 10,10,6/8 6/9 6/10 6/11 6/12 6/13 6/14 6/15 7/15 8/15 9/15 10/15 11/15,28/13 27/13 26/13 25/13,2600,28/14,False
1274,1,up,05/09/2025 19:07:12,6/7,0/0/1,6 7 23 11,10,6/7 6/8 6/9 6/10 6/11 6/12 6/13 6/14 6/15 7/15 8/15 9/15 10/15,28/14 28/13 27/13,2600,28/14,False
1275,1,up,05/09/2025 19:07:12,6/6,0/0/1,6 6 23 12,10,6/6 6/7 6/8 6/9 6/10 6/11 6/12 6/13 6/14 6/15 7/15 8/15 9/15,28/15 28/14 28/13 27/13 26/13,2600,1/16,False
1276,1,right,05/09/2025 19:07:12,6/5,0/0/1,6 5 23 13,10,6/5 6/6 6/7 6/8 6/9 6/10 6/11 6/12 6/13 6/14 6/15 7/15 8/15,28/16 28/15 28/14 28/13 27/13,2600,1/16,False
1277,1,right,05/09/2025 19:07:12,7/5,1/0/0,7 5 22 13,10,7/5 6/5 6/6 6/7 6/8 6/9 6/10 6/11 6/12 6/13 6/14 6/15 7/15,27/16 28/16 28/15 28/14 28/13,2600,1/16,False
1278,1,right,05/09/2025 19:07:13,8/5,1/0/0,8 5 21 13,10,8/5 7/5 6/5 6/6 6/7 6/8 6/9 6/10 6/11 6/12 6/13 6/14 6/15,26/16 27/16 28/16 28/15 28/14,2600,1/16,False
1279,1,right,05/09/2025 19:07:13,9/5,1/0/0,9 5 20 13,10,9/5 8/5 7/5 6/5 6/6 6/7 6/8 6/9 6/10 6/11 6/12 6/13 6/14,25/16 26/16 27/16 28/16 28/15,2600,1/16,False
1280,1,right,05/09/2025 19:07:13,10/5,1/0/0,10 5 19 13,10,10/5 9/5 8/5 7/5 6/5 6/6 6/7 6/8 6/9 6/10 6/11 6/12 6/13,24/16 25/16 26/16 27/16 28/16,2600,1/16,False
1281,1,right,05/09/2025 19:07:13,11/5,1/0/0,11 5 18 13,10,11/5 10/5 9/5 8/5 7/5 6/5 6/6 6/7 6/8 6/9 6/10 6/11 6/12,23/16 24/16 25/16 26/16 27/16,2600,1/16,False
1282,1,right,05/09/2025 19:07:13,12/5,1/0/0,12 5 17 13,10,12/5 11/5 10/5 9/5 8/5 7/5 6/5 6/6 6/7 6/8 6/9 6/10 6/11,22/16 23/16 24/16 25/16 26/16,2600,1/16,False
1283,1,right,05/09/2025 19:07:14,13/5,1/0/0,13 5 16 13,10,13/5 12/5 11/5 10/5 9/5 8/5 7/5 6/5 6/6 6/7 6/8 6/9 6/10,21/16 22/16 23/16 24/16 25/16,2600,1/16,False
1284,1,right,05/09/2025 19:07:14,14/5,1/0/0,14 5 15 13,10,14/5 13/5 12/5 11/5 10/5 9/5 8/5 7/5 6/5 6/6 6/7 6/8 6/9,20/16 21/16 22/16 23/16 24/16,2600,1/16,False
1285,1,right,05/09/2025 19:07:14,15/5,1/0/0,15 5 14 13,10,15/5 14/5 13/5 12/5 11/5 10/5 9/5 8/5 7/5 6/5 6/6 6/7 6/8,19/16 20/16 21/16 22/16 23/16,2600,1/16,False
1286,1,right,05/09/2025 19:07:14,16/5,1/0/0,16 5 13 13,10,16/5 15/5 14/5 13/5 12/5 11/5 10/5 9/5 8/5 7/5 6/5 6/6 6/7,18/16 19/16 20/16 21/16 22/16,2600,1/16,False
1287,1,right,05/09/2025 19:07:14,17/5,1/0/0,17 5 12 13,10,17/5 16/5 15/5 14/5 13/5 12/5 11/5 10/5 9/5 8/5 7/5 6/5 6/6,17/16 18/16 19/16 20/16 21/16,2600,1/16,False
1288,1,right,05/09/2025 19:07:15,18/5,1/0/0,18 5 11 13,10,18/5 17/5 16/5 15/5 14/5 13/5 12/5 11/5 10/5 9/5 8/5 7/5 6/5,16/16 17/16 18/16 19/16 20/16,2600,1/16,False
1289,1,right,05/09/2025 19:07:15,19/5,1/0/0,19 5 10 13,10,19/5 18/5 17/5 16/5 15/5 14/5 13/5 12/5 11/5 10/5 9/5 8/5 7/5,15/16 16/16 17/16 18/16 19/16,2600,1/16,False
1290,1,right,05/09/2025 19:07:15,20/5,1/0/0,20 5 9 13,10,20/5 19/5 18/5 17/5 16/5 15/5 14/5 13/5 12/5 11/5 10/5 9/5 8/5,14/16 15/16 16/16 17/16 18/16,2600,1/16,False
1291,1,right,05/09/2025 19:07:15,21/5,1/0/0,21 5 8 13,10,21/5 20/5 19/5 18/5 17/5 16/5 15/5 14/5 13/5 12/5 11/5 10/5 9/5,13/16 14/16 15/16 16/16 17/16,2600,1/16,False
1292,1,right,05/09/2025 19:07:15,22/5,1/0/0,22 5 7 13,10,22/5 21/5 20/5 19/5 18/5 17/5 16/5 15/5 14/5 13/5 12/5 11/5 10/5,12/16 13/16 14/16 15/16 16/16,2600,1/16,False
1293,1,right,05/09/2025 19:07:16,23/5,1/0/0,23 5 6 13,10,23/5 22/5 21/5 20/5 19/5 18/5 17/5 16/5 15/5 14/5 13/5 12/5 11/5,11/16 12/16 13/16 14/16 15/16,2600,1/16,False
1294,1,right,05/09/2025 19:07:16,24/5,1/0/0,24 5 5 13,10,24/5 23/5 22/5 21/5 20/5 19/5 18/5 17/5 16/5 15/5 14/5 13/5 12/5,10/16 11/16 12/16 13/16 14/16,2600,1/16,False
1295,1,down,05/09/2025 19:07:16,25/5,1/0/0,25 5 4 13,10,25/5 24/5 23/5 22/5 21/5 20/5 19/5 18/5 17/5 16/5 15/5 14/5 13/5,9/16 10/16 11/16 12/16 13/16,2600,1/16,False
1296,1,down,05/09/2025 19:07:16,25/6,0/0/-1,25 6 4 12,10,25/6 25/5 24/5 23/5 22/5 21/5 20/5 19/5 18/5 17/5 16/5 15/5 14/5,8/16 9/16 10/16 11/16 12/16,2600,1/16,False
1297,1,down,05/09/2025 19:07:16,25/7,0/0/-1,25 7 4 11,10,25/7 25/6 25/5 24/5 23/5 22/5 21/5 20/5 19/5 18/5 17/5 16/5 15/5,7/16 8/16 9/16 10/16 11/16,2600,1/16,False
1298,1,down,05/09/2025 19:07:17,25/8,0/0/-1,25 8 4 10,10,25/8 25/7 25/6 25/5 24/5 23/5 22/5 21/5 20/5 19/5 18/5 17/5 16/5,6/16 7/16 8/16 9/16 10/16,2600,1/16,False
1299,1,down,05/09/2025 19:07:17,25/9,0/0/-1,25 9 4 9,10,25/9 25/8 25/7 25/6 25/5 24/5 23/5 22/5 21/5 20/5 19/5 18/5 17/5,5/16 6/16 7/16 8/16 9/16,2600,1/16,False
1300,1,down,05/09/2025 19:07:17,25/10,0/0/-1,25 10 4 8,10,25/10 25/9 25/8 25/7 25/6 25/5 24/5 23/5 22/5 21/5 20/5 19/5 18/5,4/16 5/16 6/16 7/16 8/16,2600,1/16,False
1301,1,down,05/09/2025 19:07:17,25/11,0/0/-1,25 11 4 7,10,25/11 25/10 25/9 25/8 25/7 25/6 25/5 24/5 23/5 22/5 21/5 20/5 19/5,3/16 4/16 5/16 6/16 7/16,2600,1/16,False
1302,1,down,05/09/2025 19:07:17,25/12,0/0/-1,25 12 4 6,10,25/12 25/11 25/10 25/9 25/8 25/7 25/6 25/5 24/5 23/5 22/5 21/5 20/5,2/16 3/16 4/16 5/16 6/16,2600,1/16,False
1303,1,down,05/09/2025 19:07:18,25/13,0/0/-1,25 13 4 5,10,25/13 25/12 25/11 25/10 25/9 25/8 25/7 25/6 25/5 24/5 23/5 22/5 21/5,1/16 2/16 3/16 4/16,2600,1/16,False
1304,1,down,05/09/2025 19:07:18,25/14,0/0/-1,25 14 4 4,10,25/14 25/13 25/12 25/11 25/10 25/9 25/8 25/7 25/6 25/5 24/5 23/5 22/5,1/15 1/16 2/16 3/16 4/16 5/16,2600,13/5,False
1305,1,down,05/09/2025 19:07:18,25/15,0/0/-1,25 15 4 3,10,25/15 25/14 25/13 25/12 25/11 25/10 25/9 25/8 25/7 25/6 25/5 24/5 23/5,1/14 1/15 1/16 2/16 3/16 4/16,2600,13/5,False
1306,1,down,05/09/2025 19:07:18,25/16,0/0/-1,25 16 4 2,10,25/16 25/15 25/14 25/13 25/12 25/11 25/10 25/9 25/8 25/7 25/6 25/5 24/5,1/13 1/14 1/15 1/16 2/16 3/16,2600,13/5,False
1307,1,left,05/09/2025 19:07:18,25/17,0/0/-1,25 17 4 1,10,25/17 25/16 25/15 25/14 25/13 25/12 25/11 25/10 25/9 25/8 25/7 25/6 25/5,1/12 1/13 1/14 1/15 1/16 2/16,2600,13/5,True
1308,1,left,05/09/2025 19:07:19,24/17,-1/0/0,24 17 5 1,10,24/17 25/17 25/16 25/15 25/14 25/13 25/12 25/11 25/10 25/9 25/8 25/7 25/6,1/11 1/12 1/13 1/14 1/15 1/16,2600,13/5,False
1309,1,left,05/09/2025 19:07:19,23/17,-1/0/0,23 17 6 1,10,23/17 24/17 25/17 25/16 25/15 25/14 25/13 25/12 25/11 25/10 25/9 25/8 25/7,1/10 1/11 1/12 1/13 1/14 1/15,2600,13/5,False
1310,1,left,05/09/2025 19:07:19,22/17,-1/0/0,22 17 7 1,10,22/17 23/17 24/17 25/17 25/16 25/15 25/14 25/13 25/12 25/11 25/10 25/9 25/8,1/9 1/10 1/11 1/12 1/13 1/14,2600,13/5,False
1311,1,left,05/09/2025 19:07:19,21/17,-1/0/0,21 17 8 1,10,21/17 22/17 23/17 24/17 25/17 25/16 25/15 25/14 25/13 25/12 25/11 25/10 25/9,1/8 1/9 1/10 1/11 1/12 1/13,2600,13/5,False
1312,1,left,05/09/2025 19:07:19,20/17,-1/0/0,20 17 9 1,10,20/17 21/17 22/17 23/17 24/17 25/17 25/16 25/15 25/14 25/13 25/12 25/11 25/10,1/7 1/8 1/9 1/10 1/11 1/12,2600,13/5,False
1313,1,left,05/09/2025 19:07:20,19/17,-1/0/0,19 17 10 1,10,19/17 20/17 21/17 22/17 23/17 24/17 25/17 25/16 25/15 25/14 25/13 25/12 25/11,2/7 1/7 1/8 1/9 1/10 1/11,2600,13/5,False
1314,1,left,05/09/2025 19:07:20,18/17,-1/0/0,18 17 11 1,10,18/17 19/17 20/17 21/17 22/17 23/17 24/17 25/17 25/16 25/15 25/14 25/13 25/12,3/7 2/7 1/7 1/8 1/9 1/10,2600,13/5,False
1315,1,left,05/09/2025 19:07:20,17/17,-1/0/0,17 17 12 1,10,17/17 18/17 19/17 20/17 21/17 22/17 23/17 24/17 25/17 25/16 25/15 25/14 25/13,4/7 3/7 2/7 1/7 1/8 1/9,2600,13/5,False
1316,1,left,05/09/2025 19:07:20,16/17,-1/0/0,16 17 13 1,10,16/17 17/17 18/17 19/17 20/17 21/17 22/17 23/17 24/17 25/17 25/16 25/15 25/14,5/7 4/7 3/7 2/7 1/7 1/8,2600,13/5,False
1317,1,left,05/09/2025 19:07:20,15/17,-1/0/0,15 17 14 1,10,15/17 16/17 17/17 18/17 19/17 20/17 21/17 22/17 23/17 24/17 25/17 25/16 25/15,6/7 5/7 4/7 3/7 2/7 1/7,2600,13/5,False
1318,1,left,05/09/2025 19:07:21,14/17,-1/0/0,14 17 15 1,10,14/17 15/17 16/17 17/17 18/17 19/17 20/17 21/17 22/17 23/17 24/17 25/17 25/16,7/7 6/7 5/7 4/7 3/7 2/7,2600,13/5,False
1319,1,left,05/09/2025 19:07:21,13/17,-1/0/0,13 17 16 1,10,13/17 14/17 15/17 16/17 17/17 18/17 19/17 20/17 21/17 22/17 23/17 24/17 25/17,8/7 7/7 6/7 5/7 4/7 3/7,2600,13/5,False
1320,1,left,05/09/2025 19:07:21,12/17,-1/0/0,12 17 17 1,10,12/17 13/17 14/17 15/17 16/17 17/17 18/17 19/17 20/17 21/17 22/17 23/17 24/17,9/7 8/7 7/7 6/7 5/7 4/7,2600,13/5,False
1321,1,left,05/09/2025 19:07:21,11/17,-1/0/0,11 17 18 1,10,11/17 12/17 13/17 14/17 15/17 16/17 17/17 18/17 19/17 20/17 21/17 22/17 23/17,10/7 9/7 8/7 7/7 6/7 5/7,2600,13/5,False
1322,1,left,05/09/2025 19:07:21,10/17,-1/0/0,10 17 19 1,10,10/17 11/17 12/17 13/17 14/17 15/17 16/17 17/17 18/17 19/17 20/17 21/17 22/17,11/7 10/7 9/7 8/7 7/7 6/7,2600,13/5,False
1323,1,left,05/09/2025 19:07:22,9/17,-1/0/0,9 17 20 1,10,9/17 10/17 11/17 12/17 13/17 14/17 15/17 16/17 17/17 18/17 19/17 20/17 21/17,12/7 11/7 10/7 9/7 8/7 7/7,2600,13/5,False
1324,1,left,05/09/2025 19:07:22,8/17,-1/0/0,8 17 21 1,10,8/17 9/17 10/17 11/17 12/17 13/17 14/17 15/17 16/17 17/17 18/17 19/17 20/17,13/7 12/7 11/7 10/7 9/7 8/7,2600,13/5,False
1325,1,left,05/09/2025 19:07:22,7/17,-1/0/0,7 17 22 1,10,7/17 8/17 9/17 10/17 11/17 12/17 13/17 14/17 15/17 16/17 17/17 18/17 19/17,13/6 13/7 12/7 11/7 10/7 9/7,2600,13/5,False
1326,1,left,05/09/2025 19:07:22,6/17,-1/0/0,6 17 23 1,10,6/17 7/17 8/17 9/17 10/17 11/17 12/17 13/17 14/17 15/17 16/17 17/17 18/17,13/5 13/6 13/7 12/7 11/7,2600,13/5,False
1327,1,left,05/09/2025 19:07:22,5/17,-1/0/0,5 17 24 1,10,5/17 6/17 7/17 8/17 9/17 10/17 11/17 12/17 13/17 14/17 15/17 16/17 17/17,13/4 13/5 13/6 13/7 12/7 11/7 10/7,2600,8/16,False
1328,1,up,05/09/2025 19:07:23,4/17,-1/0/0,4 17 25 1,10,4/17 5/17 6/17 7/17 8/17 9/17 10/17 11/17 12/17 13/17 14/17 15/17 16/17,13/3 13/4 13/5 13/6 13/7 12/7 11/7,2600,8/16,False
1329,1,up,05/09/2025 19:07:23,4/16,0/0/1,4 16 25 2,10,4/16 4/17 5/17 6/17 7/17 8/17 9/17 10/17 11/17 12/17 13/17 14/17 15/17,13/2 13/3 13/4 13/5 13/6 13/7 12/7,2600,8/16,False
1330,1,up,05/09/2025 19:07:23,4/15,0/0/1,4 15 25 3,10,4/15 4/16 4/17 5/17 6/17 7/17 8/17 9/17 10/17 11/17 12/17 13/17 14/17,13/1 13/2 13/3 13/4 13/5 13/6 13/7,2600,8/16,False
1331,1,left,05/09/2025 19:07:42,0/0,1/0/0,0 0 29 18,10,3/9 2/9 1/9,25/9 26/9 27/9,0,4/11,False
1332,1,left,05/09/2025 19:07:42,4/9,1/0/0,4 9 25 9,10,4/9 3/9 2/9,24/9 25/9 26/9,0,4/11,False
1333,1,left,05/09/2025 19:07:42,5/9,1/0/0,5 9 24 9,10,5/9 4/9 3/9,23/9 24/9 25/9,0,4/11,False
1334,1,down,05/09/2025 19:07:42,6/9,1/0/0,6 9 23 9,10,6/9 5/9 4/9,22/9 23/9 24/9,0,4/11,False
1335,1,down,05/09/2025 19:07:43,6/10,0/0/-1,6 10 23 8,10,6/10 6/9 5/9,21/9 22/9 23/9,0,4/11,False
1336,1,left,05/09/2025 19:07:43,6/11,0/0/-1,6 11 23 7,10,6/11 6/10 6/9,20/9 21/9 22/9,0,4/11,False
1337,1,left,05/09/2025 19:07:43,5/11,-1/0/0,5 11 24 7,10,5/11 6/11 6/10,19/9 20/9 21/9,0,4/11,False
1338,1,left,05/09/2025 19:07:43,4/11,-1/0/0,4 11 25 7,10,4/11 5/11,18/9 19/9 20/9,100,16/1,False
1339,1,up,05/09/2025 19:07:43,3/11,-1/0/0,3 11 26 7,10,3/11 4/11 5/11 6/11,17/9 18/9 19/9,100,16/1,False
1340,1,up,05/09/2025 19:07:44,3/10,0/0/1,3 10 26 8,10,3/10 3/11 4/11 5/11,16/9 17/9 18/9,100,16/1,False
1341,1,up,05/09/2025 19:07:44,3/9,0/0/1,3 9 26 9,10,3/9 3/10 3/11 4/11,15/9 16/9 17/9,100,16/1,False
1342,1,up,05/09/2025 19:07:44,3/8,0/0/1,3 8 26 10,10,3/8 3/9 3/10 3/11,14/9 15/9 16/9,100,16/1,False
1343,1,up,05/09/2025 19:07:44,3/7,0/0/1,3 7 26 11,10,3/7 3/8 3/9 3/10,13/9 14/9 15/9,100,16/1,False
1344,1,up,05/09/2025 19:07:44,3/6,0/0/1,3 6 26 12,10,3/6 3/7 3/8 3/9,13/8 13/9 14/9,100,16/1,False
1345,1,up,05/09/2025 19:07:45,3/5,0/0/1,3 5 26 13,10,3/5 3/6 3/7 3/8,14/8 13/8 13/9,100,16/1,False
1346,1,up,05/09/2025 19:07:45,3/4,0/0/1,3 4 26 14,10,3/4 3/5 3/6 3/7,15/8 14/8 13/8,100,16/1,False
1347,1,up,05/09/2025 19:07:45,3/3,0/0/1,3 3 26 15,10,3/3 3/4 3/5 3/6,16/8 15/8 14/8,100,16/1,False
1348,1,up,05/09/2025 19:07:45,3/2,0/0/1,3 2 26 16,10,3/2 3/3 3/4 3/5,17/8 16/8 15/8,100,16/1,False
1349,1,right,05/09/2025 19:07:45,3/1,0/0/1,3 1 26 17,10,3/1 3/2 3/3 3/4,18/8 17/8 16/8,100,16/1,True
1350,1,right,05/09/2025 19:07:46,4/1,1/0/0,4 1 25 17,10,4/1 3/1 3/2 3/3,19/8 18/8 17/8,100,16/1,False
1351,1,right,05/09/2025 19:07:46,5/1,1/0/0,5 1 24 17,10,5/1 4/1 3/1 3/2,20/8 19/8 18/8,100,16/1,False
1352,1,right,05/09/2025 19:07:46,6/1,1/0/0,6 1 23 17,10,6/1 5/1 4/1 3/1,21/8 20/8 19/8,100,16/1,False
1353,1,right,05/09/2025 19:07:46,7/1,1/0/0,7 1 22 17,10,7/1 6/1 5/1 4/1,22/8 21/8 20/8,100,16/1,False
1354,1,right,05/09/2025 19:07:46,8/1,1/0/0,8 1 21 17,10,8/1 7/1 6/1 5/1,23/8 22/8 21/8,100,16/1,False
1355,1,right,05/09/2025 19:07:47,9/1,1/0/0,9 1 20 17,10,9/1 8/1 7/1 6/1,24/8 23/8 22/8,100,16/1,False
1356,1,right,05/09/2025 19:07:47,10/1,1/0/0,10 1 19 17,10,10/1 9/1 8/1 7/1,25/8 24/8 23/8,100,16/1,False
1357,1,right,05/09/2025 19:07:47,11/1,1/0/0,11 1 18 17,10,11/1 10/1 9/1 8/1,26/8 25/8 24/8,100,16/1,False
1358,1,right,05/09/2025 19:07:47,12/1,1/0/0,12 1 17 17,10,12/1 11/1 10/1 9/1,27/8 26/8 25/8,100,16/1,False
1359,1,right,05/09/2025 19:07:47,13/1,1/0/0,13 1 16 17,10,13/1 12/1 11/1 10/1,27/7 27/8 26/8,100,16/1,False
1360,1,right,05/09/2025 19:07:48,14/1,1/0/0,14 1 15 17,10,14/1 13/1 12/1 11/1,27/6 27/7 27/8,100,16/1,False
1361,1,right,05/09/2025 19:07:48,15/1,1/0/0,15 1 14 17,10,15/1 14/1 13/1 12/1,27/5 27/6 27/7,100,16/1,False
1362,1,down,05/09/2025 19:07:48,16/1,1/0/0,16 1 13 17,10,16/1 15/1 14/1,27/4 27/5 27/6,200,14/4,False
1363,1,down,05/09/2025 19:07:48,16/2,0/0/-1,16 2 13 16,10,16/2 16/1 15/1 14/1 13/1,27/3 27/4 27/5,200,14/4,False
1364,1,down,05/09/2025 19:07:48,16/3,0/0/-1,16 3 13 15,10,16/3 16/2 16/1 15/1 14/1,27/2 27/3 27/4,200,14/4,False
1365,1,left,05/09/2025 19:07:49,16/4,0/0/-1,16 4 13 14,10,16/4 16/3 16/2 16/1 15/1,27/1 27/2 27/3,200,14/4,False
1366,1,left,05/09/2025 19:07:50,15/4,1/0/0,15 4 14 14,10,3/9 2/9 1/9,26/9 27/9 28/9,200,14/4,False
1367,1,left,05/09/2025 19:07:50,4/9,1/0/0,4 9 25 9,10,4/9 3/9 2/9,25/9 26/9 27/9,200,8/1,False
1368,1,left,05/09/2025 19:07:51,5/9,1/0/0,5 9 24 9,10,5/9 4/9 3/9,24/9 25/9 26/9,200,8/1,False
1369,1,left,05/09/2025 19:07:51,6/9,1/0/0,6 9 23 9,10,6/9 5/9 4/9,23/9 24/9 25/9,200,8/1,False
1370,1,up,05/09/2025 19:07:51,7/9,1/0/0,7 9 22 9,10,7/9 6/9 5/9,22/9 23/9 24/9,200,8/1,False
1371,1,up,05/09/2025 19:07:51,7/8,0/0/1,7 8 22 10,10,7/8 7/9 6/9,21/9 22/9 23/9,200,8/1,False
1372,1,up,05/09/2025 19:07:51,7/7,0/0/1,7 7 22 11,10,7/7 7/8 7/9,20/9 21/9 22/9,200,8/1,False
1373,1,up,05/09/2025 19:07:52,7/6,0/0/1,7 6 22 12,10,7/6 7/7 7/8,19/9 20/9 21/9,200,8/1,False
1374,1,up,05/09/2025 19:07:52,7/5,0/0/1,7 5 22 13,10,7/5 7/6 7/7,18/9 19/9 20/9,200,8/1,False
1375,1,up,05/09/2025 19:07:52,7/4,0/0/1,7 4 22 14,10,7/4 7/5 7/6,17/9 18/9 19/9,200,8/1,False
1376,1,up,05/09/2025 19:07:52,7/3,0/0/1,7 3 22 15,10,7/3 7/4 7/5,16/9 17/9 18/9,200,8/1,False
1377,1,up,05/09/2025 19:07:52,7/2,0/0/1,7 2 22 16,10,7/2 7/3 7/4,15/9 16/9 17/9,200,8/1,False
1378,1,right,05/09/2025 19:07:53,7/1,0/0/1,7 1 22 17,10,7/1 7/2 7/3,14/9 15/9 16/9,200,8/1,True
1379,1,right,05/09/2025 19:07:53,8/1,1/0/0,8 1 21 17,10,8/1 7/1,13/9 14/9 15/9,300,2/2,False
1380,1,right,05/09/2025 19:07:53,9/1,1/0/0,9 1 20 17,10,9/1 8/1 7/1 7/2,12/9 13/9 14/9,300,2/2,False
1381,1,right,05/09/2025 19:07:53,10/1,1/0/0,10 1 19 17,10,10/1 9/1 8/1 7/1,11/9 12/9 13/9,300,2/2,False
1382,1,down,05/09/2025 19:07:53,11/1,1/0/0,11 1 18 17,10,11/1 10/1 9/1 8/1,10/9 11/9 12/9,300,2/2,False
1383,1,down,05/09/2025 19:07:54,11/2,0/0/-1,11 2 18 16,10,11/2 11/1 10/1 9/1,9/9 10/9 11/9,300,2/2,False
1384,1,down,05/09/2025 19:07:54,11/3,0/0/-1,11 3 18 15,10,11/3 11/2 11/1 10/1,8/9 9/9 10/9,300,2/2,False
1385,1,down,05/09/2025 19:07:54,11/4,0/0/-1,11 4 18 14,10,11/4 11/3 11/2 11/1,7/9 8/9 9/9,300,2/2,False
1386,1,down,05/09/2025 19:07:54,11/5,0/0/-1,11 5 18 13,10,11/5 11/4 11/3 11/2,6/9 7/9 8/9,300,2/2,False
1387,1,down,05/09/2025 19:07:54,11/6,0/0/-1,11 6 18 12,10,11/6 11/5 11/4 11/3,5/9 6/9 7/9,300,2/2,False
1388,1,down,05/09/2025 19:07:55,11/7,0/0/-1,11 7 18 11,10,11/7 11/6 11/5 11/4,4/9 5/9 6/9,300,2/2,False
1389,1,down,05/09/2025 19:07:55,11/8,0/0/-1,11 8 18 10,10,11/8 11/7 11/6 11/5,3/9 4/9 5/9,300,2/2,False
1390,1,down,05/09/2025 19:07:55,11/9,0/0/-1,11 9 18 9,10,11/9 11/8 11/7 11/6,2/9 3/9 4/9,300,2/2,False
1391,1,down,05/09/2025 19:07:55,11/10,0/0/-1,11 10 18 8,10,11/10 11/9 11/8 11/7,2/8 2/9 3/9,300,2/2,False
1392,1,down,05/09/2025 19:07:55,11/11,0/0/-1,11 11 18 7,10,11/11 11/10 11/9 11/8,2/7 2/8 2/9,300,2/2,False
1393,1,down,05/09/2025 19:07:56,11/12,0/0/-1,11 12 18 6,10,11/12 11/11 11/10 11/9,2/6 2/7 2/8,300,2/2,False
1394,1,down,05/09/2025 19:07:56,11/13,0/0/-1,11 13 18 5,10,11/13 11/12 11/11 11/10,2/5 2/6 2/7,300,2/2,False
1395,1,down,05/09/2025 19:07:56,11/14,0/0/-1,11 14 18 4,10,11/14 11/13 11/12 11/11,2/4 2/5 2/6,300,2/2,False
1396,1,down,05/09/2025 19:07:56,11/15,0/0/-1,11 15 18 3,10,11/15 11/14 11/13 11/12,2/3 2/4 2/5,300,2/2,False
1397,1,right,05/09/2025 19:07:56,11/16,0/0/-1,11 16 18 2,10,11/16 11/15 11/14 11/13,2/2 2/3,300,2/2,False
1398,1,right,05/09/2025 19:07:57,12/16,1/0/0,12 16 17 2,10,12/16 11/16 11/15 11/14,2/1 2/2 2/3 2/4,300,11/8,False
1399,1,right,05/09/2025 19:07:59,13/16,1/0/0,13 16 16 2,10,3/9 2/9 1/9,26/9 27/9 28/9,300,11/8,False
1400,1,right,05/09/2025 19:07:59,4/9,1/0/0,4 9 25 9,10,4/9 3/9 2/9,25/9 26/9 27/9,300,17/5,False
1401,1,right,05/09/2025 19:07:59,5/9,1/0/0,5 9 24 9,10,5/9 4/9 3/9,24/9 25/9 26/9,300,17/5,False
1402,1,right,05/09/2025 19:08:00,6/9,1/0/0,6 9 23 9,10,6/9 5/9 4/9,23/9 24/9 25/9,300,17/5,False
1403,1,right,05/09/2025 19:08:00,7/9,1/0/0,7 9 22 9,10,7/9 6/9 5/9,22/9 23/9 24/9,300,17/5,False
1404,1,up,05/09/2025 19:08:00,8/9,1/0/0,8 9 21 9,10,8/9 7/9 6/9,21/9 22/9 23/9,300,17/5,False
1405,1,up,05/09/2025 19:08:00,8/8,0/0/1,8 8 21 10,10,8/8 8/9 7/9,20/9 21/9 22/9,300,17/5,False
1406,1,up,05/09/2025 19:08:00,8/7,0/0/1,8 7 21 11,10,8/7 8/8 8/9,19/9 20/9 21/9,300,17/5,False
1407,1,right,05/09/2025 19:08:01,8/6,0/0/1,8 6 21 12,10,8/6 8/7 8/8,18/9 19/9 20/9,300,17/5,False
1408,1,right,05/09/2025 19:08:01,9/6,1/0/0,9 6 20 12,10,9/6 8/6 8/7,17/9 18/9 19/9,300,17/5,False
1409,1,right,05/09/2025 19:08:01,10/6,1/0/0,10 6 19 12,10,10/6 9/6 8/6,16/9 17/9 18/9,300,17/5,False
1410,1,right,05/09/2025 19:08:01,11/6,1/0/0,11 6 18 12,10,11/6 10/6 9/6,15/9 16/9 17/9,300,17/5,False
1411,1,right,05/09/2025 19:08:01,12/6,1/0/0,12 6 17 12,10,12/6 11/6 10/6,14/9 15/9 16/9,300,17/5,False
1412,1,up,05/09/2025 19:08:02,13/6,1/0/0,13 6 16 12,10,13/6 12/6 11/6,13/9 14/9 15/9,300,17/5,False
1413,1,right,05/09/2025 19:08:02,13/5,0/0/1,13 5 16 13,10,13/5 13/6 12/6,12/9 13/9 14/9,300,17/5,False
1414,1,right,05/09/2025 19:08:02,14/5,1/0/0,14 5 15 13,10,14/5 13/5 13/6,11/9 12/9 13/9,300,17/5,False
1415,1,right,05/09/2025 19:08:02,15/5,1/0/0,15 5 14 13,10,15/5 14/5 13/5,10/9 11/9 12/9,300,17/5,False
1416,1,right,05/09/2025 19:08:02,16/5,1/0/0,16 5 13 13,10,16/5 15/5 14/5,9/9 10/9 11/9,300,17/5,False
1417,1,right,05/09/2025 19:08:03,17/5,1/0/0,17 5 12 13,10,17/5 16/5,9/10 9/9 10/9,400,3/14,False
1418,1,right,05/09/2025 19:08:03,18/5,1/0/0,18 5 11 13,10,18/5 17/5 16/5 15/5,9/11 9/10 9/9,400,3/14,False
1419,1,right,05/09/2025 19:08:03,19/5,1/0/0,19 5 10 13,10,19/5 18/5 17/5 16/5,9/12 9/11 9/10,400,3/14,False
1420,1,right,05/09/2025 19:08:03,20/5,1/0/0,20 5 9 13,10,20/5 19/5 18/5 17/5,9/13 9/12 9/11,400,3/14,False
1421,1,right,05/09/2025 19:08:03,21/5,1/0/0,21 5 8 13,10,21/5 20/5 19/5 18/5,9/14 9/13 9/12,400,3/14,False
1422,1,down,05/09/2025 19:08:04,22/5,1/0/0,22 5 7 13,10,22/5 21/5 20/5 19/5,9/15 9/14 9/13,400,3/14,False
1423,1,down,05/09/2025 19:08:04,22/6,0/0/-1,22 6 7 12,10,22/6 22/5 21/5 20/5,9/16 9/15 9/14,400,3/14,False
1424,1,down,05/09/2025 19:08:04,22/7,0/0/-1,22 7 7 11,10,22/7 22/6 22/5 21/5,8/16 9/16 9/15,400,3/14,False
1425,1,down,05/09/2025 19:08:04,22/8,0/0/-1,22 8 7 10,10,22/8 22/7 22/6 22/5,7/16 8/16 9/16,400,3/14,False
1426,1,down,05/09/2025 19:08:04,22/9,0/0/-1,22 9 7 9,10,22/9 22/8 22/7 22/6,6/16 7/16 8/16,400,3/14,False
1427,1,down,05/09/2025 19:08:05,22/10,0/0/-1,22 10 7 8,10,22/10 22/9 22/8 22/7,5/16 6/16 7/16,400,3/14,False
1428,1,down,05/09/2025 19:08:05,22/11,0/0/-1,22 11 7 7,10,22/11 22/10 22/9 22/8,4/16 5/16 6/16,400,3/14,False
1429,1,down,05/09/2025 19:08:05,22/12,0/0/-1,22 12 7 6,10,22/12 22/11 22/10 22/9,3/16 4/16 5/16,400,3/14,False
1430,1,down,05/09/2025 19:08:05,22/13,0/0/-1,22 13 7 5,10,22/13 22/12 22/11 22/10,3/15 3/16 4/16,400,3/14,False
1431,1,down,05/09/2025 19:08:05,22/14,0/0/-1,22 14 7 4,10,22/14 22/13 22/12 22/11,3/14 3/15,400,3/14,False
1432,1,left,05/09/2025 19:08:06,22/15,0/0/-1,22 15 7 3,10,22/15 22/14 22/13 22/12,3/13 3/14 3/15 3/16,400,13/4,False
1433,1,left,05/09/2025 19:08:06,21/15,-1/0/0,21 15 8 3,10,21/15 22/15 22/14 22/13,3/12 3/13 3/14 3/15,400,13/4,False
1434,1,left,05/09/2025 19:08:06,20/15,-1/0/0,20 15 9 3,10,20/15 21/15 22/15 22/14,3/11 3/12 3/13 3/14,400,13/4,False
1435,1,left,05/09/2025 19:08:06,19/15,-1/0/0,19 15 10 3,10,19/15 20/15 21/15 22/15,3/10 3/11 3/12 3/13,400,13/4,False
1436,1,left,05/09/2025 19:08:06,18/15,-1/0/0,18 15 11 3,10,18/15 19/15 20/15 21/15,3/9 3/10 3/11 3/12,400,13/4,False
1437,1,left,05/09/2025 19:08:07,17/15,-1/0/0,17 15 12 3,10,17/15 18/15 19/15 20/15,3/8 3/9 3/10 3/11,400,13/4,False
1438,1,left,05/09/2025 19:08:07,16/15,-1/0/0,16 15 13 3,10,16/15 17/15 18/15 19/15,3/7 3/8 3/9 3/10,400,13/4,False
1439,1,left,05/09/2025 19:08:07,15/15,-1/0/0,15 15 14 3,10,15/15 16/15 17/15 18/15,3/6 3/7 3/8 3/9,400,13/4,False
1440,1,left,05/09/2025 19:08:07,14/15,-1/0/0,14 15 15 3,10,14/15 15/15 16/15 17/15,3/5 3/6 3/7 3/8,400,13/4,False
1441,1,left,05/09/2025 19:08:07,13/15,-1/0/0,13 15 16 3,10,13/15 14/15 15/15 16/15,3/4 3/5 3/6 3/7,400,13/4,False
1442,1,left,05/09/2025 19:08:08,12/15,-1/0/0,12 15 17 3,10,12/15 13/15 14/15 15/15,3/3 3/4 3/5 3/6,400,13/4,False
1443,1,left,05/09/2025 19:08:08,11/15,-1/0/0,11 15 18 3,10,11/15 12/15 13/15 14/15,4/3 3/3 3/4 3/5,400,13/4,False
1444,1,left,05/09/2025 19:08:08,10/15,-1/0/0,10 15 19 3,10,10/15 11/15 12/15 13/15,5/3 4/3 3/3 3/4,400,13/4,False
1445,1,left,05/09/2025 19:08:08,9/15,-1/0/0,9 15 20 3,10,9/15 10/15 11/15 12/15,6/3 5/3 4/3 3/3,400,13/4,False
1446,1,left,05/09/2025 19:08:08,8/15,-1/0/0,8 15 21 3,10,8/15 9/15 10/15 11/15,7/3 6/3 5/3 4/3,400,13/4,False
1447,1,left,05/09/2025 19:08:09,7/15,-1/0/0,7 15 22 3,10,7/15 8/15 9/15 10/15,8/3 7/3 6/3 5/3,400,13/4,False
1448,1,left,05/09/2025 19:08:09,6/15,-1/0/0,6 15 23 3,10,6/15 7/15 8/15 9/15,9/3 8/3 7/3 6/3,400,13/4,False
1449,1,up,05/09/2025 19:08:09,5/15,-1/0/0,5 15 24 3,10,5/15 6/15 7/15 8/15,10/3 9/3 8/3 7/3,400,13/4,False
1450,1,up,05/09/2025 19:08:09,5/14,0/0/1,5 14 24 4,10,5/14 5/15 6/15 7/15,11/3 10/3 9/3 8/3,400,13/4,False
1451,1,up,05/09/2025 19:08:09,5/13,0/0/1,5 13 24 5,10,5/13 5/14 5/15 6/15,12/3 11/3 10/3 9/3,400,13/4,False
1452,1,up,05/09/2025 19:08:10,5/12,0/0/1,5 12 24 6,10,5/12 5/13 5/14 5/15,13/3 12/3 11/3 10/3,400,13/4,False
1453,1,up,05/09/2025 19:08:10,5/11,0/0/1,5 11 24 7,10,5/11 5/12 5/13 5/14,14/3 13/3 12/3 11/3,400,13/4,False
1454,1,up,05/09/2025 19:08:10,5/10,0/0/1,5 10 24 8,10,5/10 5/11 5/12 5/13,14/4 14/3 13/3 12/3,400,13/4,False
1455,1,up,05/09/2025 19:08:10,5/9,0/0/1,5 9 24 9,10,5/9 5/10 5/11 5/12,14/5 14/4 14/3 13/3,400,13/4,False
1456,1,up,05/09/2025 19:08:10,5/8,0/0/1,5 8 24 10,10,5/8 5/9 5/10 5/11,13/5 14/5 14/4 14/3,400,13/4,False
1457,1,up,05/09/2025 19:08:11,5/7,0/0/1,5 7 24 11,10,5/7 5/8 5/9 5/10,12/5 13/5 14/5 14/4,400,13/4,False
1458,1,up,05/09/2025 19:08:11,5/6,0/0/1,5 6 24 12,10,5/6 5/7 5/8 5/9,12/4 12/5 13/5 14/5,400,13/4,False
1459,1,up,05/09/2025 19:08:11,5/5,0/0/1,5 5 24 13,10,5/5 5/6 5/7 5/8,12/3 12/4 12/5 13/5,400,13/4,False
1460,1,up,05/09/2025 19:08:11,5/4,0/0/1,5 4 24 14,10,5/4 5/5 5/6 5/7,13/3 12/3 12/4 12/5,400,13/4,False
1461,1,up,05/09/2025 19:08:11,5/3,0/0/1,5 3 24 15,10,5/3 5/4 5/5 5/6,14/3 13/3 12/3 12/4,400,13/4,False
1462,1,down,05/09/2025 19:08:12,5/2,0/0/1,5 2 24 16,10,5/2 5/3 5/4 5/5,15/3 14/3 13/3 12/3,400,13/4,False