id,weight:float,answer:direction,timeStamp:DateTime,position:vector2,headDirection:vector3,DistanceToWalls:floatList,Score:float,myPartsNodes:vector2List,otherSnakePartsNode:vector2List,levelScore:float,fruitPos:vector2,inTrackToCollide:bool
0,1,left,05/09/2025 18:57:06,0/0,-1/0/0,0 0 29 18,10,26/9 27/9 28/9,3/9 2/9 1/9,0,6/9,True
1,1,left,05/09/2025 18:57:06,25/9,-1/0/0,25 9 4 9,10,25/9 26/9 27/9,4/9 3/9 2/9,0,6/9,False
2,1,left,05/09/2025 18:57:06,24/9,-1/0/0,24 9 5 9,10,24/9 25/9 26/9,5/9 4/9 3/9,0,6/9,False
3,1,left,05/09/2025 18:57:06,23/9,-1/0/0,23 9 6 9,10,23/9 24/9 25/9,6/9 5/9,0,1/6,False
4,1,left,05/09/2025 18:57:07,22/9,-1/0/0,22 9 7 9,10,22/9 23/9 24/9,7/9 6/9 5/9 4/9,0,1/6,False
5,1,left,05/09/2025 18:57:07,21/9,-1/0/0,21 9 8 9,10,21/9 22/9 23/9,8/9 7/9 6/9 5/9,0,1/6,False
6,1,left,05/09/2025 18:57:07,20/9,-1/0/0,20 9 9 9,10,20/9 21/9 22/9,8/8 8/9 7/9 6/9,0,1/6,False
7,1,left,05/09/2025 18:57:07,19/9,-1/0/0,19 9 10 9,10,19/9 20/9 21/9,8/7 8/8 8/9 7/9,0,1/6,False
8,1,left,05/09/2025 18:57:07,18/9,-1/0/0,18 9 11 9,10,18/9 19/9 20/9,7/7 8/7 8/8 8/9,0,1/6,False
9,1,left,05/09/2025 18:57:08,17/9,-1/0/0,17 9 12 9,10,17/9 18/9 19/9,6/7 7/7 8/7 8/8,0,1/6,False
10,1,left,05/09/2025 18:57:08,16/9,-1/0/0,16 9 13 9,10,16/9 17/9 18/9,5/7 6/7 7/7 8/7,0,1/6,False
11,1,left,05/09/2025 18:57:08,15/9,-1/0/0,15 9 14 9,10,15/9 16/9 17/9,4/7 5/7 6/7 7/7,0,1/6,False
12,1,left,05/09/2025 18:57:08,14/9,-1/0/0,14 9 15 9,10,14/9 15/9 16/9,3/7 4/7 5/7 6/7,0,1/6,False
13,1,left,05/09/2025 18:57:08,13/9,-1/0/0,13 9 16 9,10,13/9 14/9 15/9,2/7 3/7 4/7 5/7,0,1/6,False
14,1,left,05/09/2025 18:57:09,12/9,-1/0/0,12 9 17 9,10,12/9 13/9 14/9,2/6 2/7 3/7 4/7,0,1/6,False
15,1,left,05/09/2025 18:57:09,11/9,-1/0/0,11 9 18 9,10,11/9 12/9 13/9,2/5 2/6 2/7 3/7,0,1/6,False
16,1,left,05/09/2025 18:57:09,10/9,-1/0/0,10 9 19 9,10,10/9 11/9 12/9,2/4 2/5 2/6 2/7,0,1/6,False
17,1,left,05/09/2025 18:57:09,9/9,-1/0/0,9 9 20 9,10,9/9 10/9 11/9,1/4 2/4 2/5 2/6,0,1/6,False
18,1,left,05/09/2025 18:57:09,8/9,-1/0/0,8 9 21 9,10,8/9 9/9 10/9,1/5 1/4 2/4 2/5,0,1/6,False
19,1,left,05/09/2025 18:57:10,7/9,-1/0/0,7 9 22 9,10,7/9 8/9 9/9,1/6 1/5 1/4,0,8/11,False
20,1,left,05/09/2025 18:57:10,6/9,-1/0/0,6 9 23 9,10,6/9 7/9 8/9,1/7 1/6 1/5 1/4 2/4,0,8/11,False
21,1,down,05/09/2025 18:57:10,5/9,-1/0/0,5 9 24 9,10,5/9 6/9 7/9,1/8 1/7 1/6 1/5 1/4,0,8/11,False
22,1,down,05/09/2025 18:57:10,5/10,0/0/-1,5 10 24 8,10,5/10 5/9 6/9,1/9 1/8 1/7 1/6 1/5,0,8/11,False
23,1,down,05/09/2025 18:57:10,5/11,0/0/-1,5 11 24 7,10,5/11 5/10 5/9,1/10 1/9 1/8 1/7 1/6,0,8/11,False
24,1,down,05/09/2025 18:57:11,5/12,0/0/-1,5 12 24 6,10,5/12 5/11 5/10,1/11 1/10 1/9 1/8 1/7,0,8/11,False
25,1,down,05/09/2025 18:57:11,5/13,0/0/-1,5 13 24 5,10,5/13 5/12 5/11,1/12 1/11 1/10 1/9 1/8,0,8/11,False
26,1,down,05/09/2025 18:57:11,5/14,0/0/-1,5 14 24 4,10,5/14 5/13 5/12,1/13 1/12 1/11 1/10 1/9,0,8/11,False
27,1,right,05/09/2025 18:57:11,5/15,0/0/-1,5 15 24 3,10,5/15 5/14 5/13,1/14 1/13 1/12 1/11 1/10,0,8/11,False
28,1,right,05/09/2025 18:57:11,6/15,1/0/0,6 15 23 3,10,6/15 5/15 5/14,1/15 1/14 1/13 1/12 1/11,0,8/11,False
29,1,right,05/09/2025 18:57:12,7/15,1/0/0,7 15 22 3,10,7/15 6/15 5/15,1/16 1/15 1/14 1/13 1/12,0,8/11,False
30,1,right,05/09/2025 18:57:12,8/15,1/0/0,8 15 21 3,10,8/15 7/15 6/15,1/17 1/16 1/15 1/14 1/13,0,8/11,False
31,1,right,05/09/2025 18:57:12,9/15,1/0/0,9 15 20 3,10,9/15 8/15 7/15,2/17 1/17 1/16 1/15 1/14,0,8/11,False
32,1,right,05/09/2025 18:57:12,10/15,1/0/0,10 15 19 3,10,10/15 9/15 8/15,3/17 2/17 1/17 1/16 1/15,0,8/11,False
33,1,right,05/09/2025 18:57:12,11/15,1/0/0,11 15 18 3,10,11/15 10/15 9/15,4/17 3/17 2/17 1/17 1/16,0,8/11,False
34,1,right,05/09/2025 18:57:13,12/15,1/0/0,12 15 17 3,10,12/15 11/15 10/15,5/17 4/17 3/17 2/17 1/17,0,8/11,False
35,1,right,05/09/2025 18:57:13,13/15,1/0/0,13 15 16 3,10,13/15 12/15 11/15,6/17 5/17 4/17 3/17 2/17,0,8/11,False
36,1,right,05/09/2025 18:57:13,14/15,1/0/0,14 15 15 3,10,14/15 13/15 12/15,7/17 6/17 5/17 4/17 3/17,0,8/11,False
37,1,right,05/09/2025 18:57:13,15/15,1/0/0,15 15 14 3,10,15/15 14/15 13/15,8/17 7/17 6/17 5/17 4/17,0,8/11,False
38,1,right,05/09/2025 18:57:13,16/15,1/0/0,16 15 13 3,10,16/15 15/15 14/15,9/17 8/17 7/17 6/17 5/17,0,8/11,False
39,1,right,05/09/2025 18:57:14,17/15,1/0/0,17 15 12 3,10,17/15 16/15 15/15,9/16 9/17 8/17 7/17 6/17,0,8/11,False
40,1,right,05/09/2025 18:57:14,18/15,1/0/0,18 15 11 3,10,18/15 17/15 16/15,9/15 9/16 9/17 8/17 7/17,0,8/11,False
41,1,right,05/09/2025 18:57:14,19/15,1/0/0,19 15 10 3,10,19/15 18/15 17/15,9/14 9/15 9/16 9/17 8/17,0,8/11,False
42,1,right,05/09/2025 18:57:14,20/15,1/0/0,20 15 9 3,10,20/15 19/15 18/15,9/13 9/14 9/15 9/16 9/17,0,8/11,False
43,1,right,05/09/2025 18:57:14,21/15,1/0/0,21 15 8 3,10,21/15 20/15 19/15,9/12 9/13 9/14 9/15 9/16,0,8/11,False
44,1,right,05/09/2025 18:57:15,22/15,1/0/0,22 15 7 3,10,22/15 21/15 20/15,9/11 9/12 9/13 9/14 9/15,0,8/11,False
45,1,right,05/09/2025 18:57:15,23/15,1/0/0,23 15 6 3,10,23/15 22/15 21/15,8/11 9/11 9/12 9/13,0,20/10,False
46,1,right,05/09/2025 18:57:15,24/15,1/0/0,24 15 5 3,10,24/15 23/15 22/15,7/11 8/11 9/11 9/12 9/13 9/14,0,20/10,False
47,1,right,05/09/2025 18:57:15,25/15,1/0/0,25 15 4 3,10,25/15 24/15 23/15,6/11 7/11 8/11 9/11 9/12 9/13,0,20/10,False
48,1,right,05/09/2025 18:57:15,26/15,1/0/0,26 15 3 3,10,26/15 25/15 24/15,5/11 6/11 7/11 8/11 9/11 9/12,0,20/10,False
49,1,right,05/09/2025 18:57:16,27/15,1/0/0,27 15 2 3,10,27/15 26/15 25/15,4/11 5/11 6/11 7/11 8/11 9/11,0,20/10,False
50,1,right,05/09/2025 18:57:16,28/15,1/0/0,28 15 1 3,10,28/15 27/15 26/15,3/11 4/11 5/11 6/11 7/11 8/11,0,20/10,True
51,1,left,05/09/2025 18:59:06,0/0,-1/0/0,0 0 29 18,10,26/9 27/9 28/9,3/9 2/9 1/9,0,6/11,True
52,1,left,05/09/2025 18:59:06,25/9,-1/0/0,25 9 4 9,10,25/9 26/9 27/9,4/9 3/9 2/9,0,6/11,False
53,1,left,05/09/2025 18:59:07,24/9,-1/0/0,24 9 5 9,10,24/9 25/9 26/9,5/9 4/9 3/9,0,6/11,False
54,1,left,05/09/2025 18:59:07,23/9,-1/0/0,23 9 6 9,10,23/9 24/9 25/9,6/9 5/9 4/9,0,6/11,False
55,1,left,05/09/2025 18:59:07,22/9,-1/0/0,22 9 7 9,10,22/9 23/9 24/9,6/10 6/9 5/9,0,6/11,False
56,1,left,05/09/2025 18:59:07,21/9,-1/0/0,21 9 8 9,10,21/9 22/9 23/9,6/11 6/10,0,5/11,False
57,1,left,05/09/2025 18:59:07,20/9,-1/0/0,20 9 9 9,10,20/9 21/9 22/9,6/12 6/11 6/10 6/9,0,5/11,False
58,1,left,05/09/2025 18:59:08,19/9,-1/0/0,19 9 10 9,10,19/9 20/9 21/9,6/13 6/12 6/11 6/10,0,5/11,False
59,1,left,05/09/2025 18:59:08,18/9,-1/0/0,18 9 11 9,10,18/9 19/9 20/9,6/14 6/13 6/12 6/11,0,5/11,False
60,1,left,05/09/2025 18:59:08,17/9,-1/0/0,17 9 12 9,10,17/9 18/9 19/9,5/14 6/14 6/13 6/12,0,5/11,False
61,1,left,05/09/2025 18:59:08,16/9,-1/0/0,16 9 13 9,10,16/9 17/9 18/9,4/14 5/14 6/14 6/13,0,5/11,False
62,1,left,05/09/2025 18:59:09,15/9,-1/0/0,15 9 14 9,10,15/9 16/9 17/9,4/13 4/14 5/14 6/14,0,5/11,False
63,1,left,05/09/2025 18:59:09,14/9,-1/0/0,14 9 15 9,10,14/9 15/9 16/9,4/12 4/13 4/14 5/14,0,5/11,False
64,1,left,05/09/2025 18:59:09,13/9,-1/0/0,13 9 16 9,10,13/9 14/9 15/9,4/11 4/12 4/13 4/14,0,5/11,False
65,1,left,05/09/2025 18:59:09,12/9,-1/0/0,12 9 17 9,10,12/9 13/9 14/9,5/11 4/11 4/12,0,23/4,False
66,1,left,05/09/2025 18:59:09,11/9,-1/0/0,11 9 18 9,10,11/9 12/9 13/9,6/11 5/11 4/11 4/12 4/13,0,23/4,False
67,1,up,05/09/2025 18:59:10,10/9,-1/0/0,10 9 19 9,10,10/9 11/9 12/9,7/11 6/11 5/11 4/11 4/12,0,23/4,False
68,1,up,05/09/2025 18:59:10,10/8,0/0/1,10 8 19 10,10,10/8 10/9 11/9,8/11 7/11 6/11 5/11 4/11,0,23/4,False
69,1,up,05/09/2025 18:59:10,10/7,0/0/1,10 7 19 11,10,10/7 10/8 10/9,9/11 8/11 7/11 6/11 5/11,0,23/4,False
70,1,up,05/09/2025 18:59:10,10/6,0/0/1,10 6 19 12,10,10/6 10/7 10/8,10/11 9/11 8/11 7/11 6/11,0,23/4,False
71,1,up,05/09/2025 18:59:10,10/5,0/0/1,10 5 19 13,10,10/5 10/6 10/7,11/11 10/11 9/11 8/11 7/11,0,23/4,False
72,1,right,05/09/2025 18:59:11,10/4,0/0/1,10 4 19 14,10,10/4 10/5 10/6,12/11 11/11 10/11 9/11 8/11,0,23/4,False
73,1,right,05/09/2025 18:59:11,11/4,1/0/0,11 4 18 14,10,11/4 10/4 10/5,13/11 12/11 11/11 10/11 9/11,0,23/4,False
74,1,right,05/09/2025 18:59:11,12/4,1/0/0,12 4 17 14,10,12/4 11/4 10/4,14/11 13/11 12/11 11/11 10/11,0,23/4,False
75,1,right,05/09/2025 18:59:11,13/4,1/0/0,13 4 16 14,10,13/4 12/4 11/4,15/11 14/11 13/11 12/11 11/11,0,23/4,False
76,1,right,05/09/2025 18:59:11,14/4,1/0/0,14 4 15 14,10,14/4 13/4 12/4,16/11 15/11 14/11 13/11 12/11,0,23/4,False
77,1,right,05/09/2025 18:59:12,15/4,1/0/0,15 4 14 14,10,15/4 14/4 13/4,17/11 16/11 15/11 14/11 13/11,0,23/4,False
78,1,right,05/09/2025 18:59:12,16/4,1/0/0,16 4 13 14,10,16/4 15/4 14/4,18/11 17/11 16/11 15/11 14/11,0,23/4,False
79,1,right,05/09/2025 18:59:12,17/4,1/0/0,17 4 12 14,10,17/4 16/4 15/4,19/11 18/11 17/11 16/11 15/11,0,23/4,False
80,1,right,05/09/2025 18:59:12,18/4,1/0/0,18 4 11 14,10,18/4 17/4 16/4,20/11 19/11 18/11 17/11 16/11,0,23/4,False
81,1,right,05/09/2025 18:59:12,19/4,1/0/0,19 4 10 14,10,19/4 18/4 17/4,21/11 20/11 19/11 18/11 17/11,0,23/4,False
82,1,right,05/09/2025 18:59:13,20/4,1/0/0,20 4 9 14,10,20/4 19/4 18/4,22/11 21/11 20/11 19/11 18/11,0,23/4,False
83,1,right,05/09/2025 18:59:13,21/4,1/0/0,21 4 8 14,10,21/4 20/4 19/4,23/11 22/11 21/11 20/11 19/11,0,23/4,False
84,1,right,05/09/2025 18:59:13,22/4,1/0/0,22 4 7 14,10,22/4 21/4 20/4,24/11 23/11 22/11 21/11 20/11,0,23/4,False
85,1,right,05/09/2025 18:59:13,23/4,1/0/0,23 4 6 14,10,23/4 22/4,25/11 24/11 23/11 22/11 21/11,100,11/14,False
86,1,right,05/09/2025 18:59:13,24/4,1/0/0,24 4 5 14,10,24/4 23/4 22/4 21/4,25/10 25/11 24/11 23/11 22/11,100,11/14,False
87,1,right,05/09/2025 18:59:14,25/4,1/0/0,25 4 4 14,10,25/4 24/4 23/4 22/4,24/10 25/10 25/11 24/11 23/11,100,11/14,False
88,1,right,05/09/2025 18:59:14,26/4,1/0/0,26 4 3 14,10,26/4 25/4 24/4 23/4,23/10 24/10 25/10 25/11 24/11,100,11/14,False
89,1,down,05/09/2025 18:59:14,27/4,1/0/0,27 4 2 14,10,27/4 26/4 25/4 24/4,22/10 23/10 24/10 25/10 25/11,100,11/14,False
90,1,down,05/09/2025 18:59:14,27/5,0/0/-1,27 5 2 13,10,27/5 27/4 26/4 25/4,21/10 22/10 23/10 24/10 25/10,100,11/14,False
91,1,down,05/09/2025 18:59:14,27/6,0/0/-1,27 6 2 12,10,27/6 27/5 27/4 26/4,20/10 21/10 22/10 23/10 24/10,100,11/14,False
92,1,down,05/09/2025 18:59:15,27/7,0/0/-1,27 7 2 11,10,27/7 27/6 27/5 27/4,19/10 20/10 21/10 22/10 23/10,100,11/14,False
93,1,down,05/09/2025 18:59:15,27/8,0/0/-1,27 8 2 10,10,27/8 27/7 27/6 27/5,18/10 19/10 20/10 21/10 22/10,100,11/14,False
94,1,down,05/09/2025 18:59:15,27/9,0/0/-1,27 9 2 9,10,27/9 27/8 27/7 27/6,17/10 18/10 19/10 20/10 21/10,100,11/14,False
95,1,down,05/09/2025 18:59:15,27/10,0/0/-1,27 10 2 8,10,27/10 27/9 27/8 27/7,16/10 17/10 18/10 19/10 20/10,100,11/14,False
96,1,down,05/09/2025 18:59:15,27/11,0/0/-1,27 11 2 7,10,27/11 27/10 27/9 27/8,15/10 16/10 17/10 18/10 19/10,100,11/14,False
97,1,down,05/09/2025 18:59:16,27/12,0/0/-1,27 12 2 6,10,27/12 27/11 27/10 27/9,14/10 15/10 16/10 17/10 18/10,100,11/14,False
98,1,down,05/09/2025 18:59:16,27/13,0/0/-1,27 13 2 5,10,27/13 27/12 27/11 27/10,13/10 14/10 15/10 16/10 17/10,100,11/14,False
99,1,left,05/09/2025 18:59:16,27/14,0/0/-1,27 14 2 4,10,27/14 27/13 27/12 27/11,12/10 13/10 14/10 15/10 16/10,100,11/14,False
100,1,left,05/09/2025 18:59:16,26/14,-1/0/0,26 14 3 4,10,26/14 27/14 27/13 27/12,11/10 12/10 13/10 14/10 15/10,100,11/14,False
101,1,left,05/09/2025 18:59:16,25/14,-1/0/0,25 14 4 4,10,25/14 26/14 27/14 27/13,10/10 11/10 12/10 13/10 14/10,100,11/14,False
102,1,left,05/09/2025 18:59:17,24/14,-1/0/0,24 14 5 4,10,24/14 25/14 26/14 27/14,9/10 10/10 11/10 12/10 13/10,100,11/14,False
103,1,left,05/09/2025 18:59:17,23/14,-1/0/0,23 14 6 4,10,23/14 24/14 25/14 26/14,8/10 9/10 10/10 11/10 12/10,100,11/14,False
104,1,left,05/09/2025 18:59:17,22/14,-1/0/0,22 14 7 4,10,22/14 23/14 24/14 25/14,7/10 8/10 9/10 10/10 11/10,100,11/14,False
105,1,left,05/09/2025 18:59:17,21/14,-1/0/0,21 14 8 4,10,21/14 22/14 23/14 24/14,6/10 7/10 8/10 9/10 10/10,100,11/14,False
106,1,left,05/09/2025 18:59:17,20/14,-1/0/0,20 14 9 4,10,20/14 21/14 22/14 23/14,6/9 6/10 7/10 8/10 9/10,100,11/14,False
107,1,left,05/09/2025 18:59:18,19/14,-1/0/0,19 14 10 4,10,19/14 20/14 21/14 22/14,6/8 6/9 6/10 7/10 8/10,100,11/14,False
108,1,left,05/09/2025 18:59:18,18/14,-1/0/0,18 14 11 4,10,18/14 19/14 20/14 21/14,7/8 6/8 6/9 6/10 7/10,100,11/14,False
109,1,left,05/09/2025 18:59:18,17/14,-1/0/0,17 14 12 4,10,17/14 18/14 19/14 20/14,8/8 7/8 6/8 6/9 6/10,100,11/14,False
110,1,left,05/09/2025 18:59:18,16/14,-1/0/0,16 14 13 4,10,16/14 17/14 18/14 19/14,9/8 8/8 7/8 6/8 6/9,100,11/14,False
111,1,left,05/09/2025 18:59:18,15/14,-1/0/0,15 14 14 4,10,15/14 16/14 17/14 18/14,10/8 9/8 8/8 7/8 6/8,100,11/14,False
112,1,left,05/09/2025 18:59:19,14/14,-1/0/0,14 14 15 4,10,14/14 15/14 16/14 17/14,11/8 10/8 9/8 8/8 7/8,100,11/14,False
113,1,left,05/09/2025 18:59:19,13/14,-1/0/0,13 14 16 4,10,13/14 14/14 15/14 16/14,12/8 11/8 10/8 9/8 8/8,100,11/14,False
114,1,left,05/09/2025 18:59:19,12/14,-1/0/0,12 14 17 4,10,12/14 13/14 14/14 15/14,13/8 12/8 11/8 10/8 9/8,100,11/14,False
115,1,left,05/09/2025 18:59:19,11/14,-1/0/0,11 14 18 4,10,11/14 12/14 13/14,14/8 13/8 12/8 11/8 10/8,200,6/4,False
116,1,left,05/09/2025 18:59:19,10/14,-1/0/0,10 14 19 4,10,10/14 11/14 12/14 13/14 14/14,15/8 14/8 13/8 12/8 11/8,200,6/4,False
117,1,left,05/09/2025 18:59:20,9/14,-1/0/0,9 14 20 4,10,9/14 10/14 11/14 12/14 13/14,16/8 15/8 14/8 13/8 12/8,200,6/4,False
118,1,left,05/09/2025 18:59:20,8/14,-1/0/0,8 14 21 4,10,8/14 9/14 10/14 11/14 12/14,17/8 16/8 15/8 14/8 13/8,200,6/4,False
119,1,left,05/09/2025 18:59:20,7/14,-1/0/0,7 14 22 4,10,7/14 8/14 9/14 10/14 11/14,18/8 17/8 16/8 15/8 14/8,200,6/4,False
120,1,up,05/09/2025 18:59:20,6/14,-1/0/0,6 14 23 4,10,6/14 7/14 8/14 9/14 10/14,19/8 18/8 17/8 16/8 15/8,200,6/4,False
121,1,up,05/09/2025 18:59:20,6/13,0/0/1,6 13 23 5,10,6/13 6/14 7/14 8/14 9/14,20/8 19/8 18/8 17/8 16/8,200,6/4,False
122,1,up,05/09/2025 18:59:21,6/12,0/0/1,6 12 23 6,10,6/12 6/13 6/14 7/14 8/14,21/8 20/8 19/8 18/8 17/8,200,6/4,False
123,1,up,05/09/2025 18:59:21,6/11,0/0/1,6 11 23 7,10,6/11 6/12 6/13 6/14 7/14,22/8 21/8 20/8 19/8 18/8,200,6/4,False
124,1,up,05/09/2025 18:59:21,6/10,0/0/1,6 10 23 8,10,6/10 6/11 6/12 6/13 6/14,23/8 22/8 21/8 20/8 19/8,200,6/4,False
125,1,up,05/09/2025 18:59:21,6/9,0/0/1,6 9 23 9,10,6/9 6/10 6/11 6/12 6/13,24/8 23/8 22/8 21/8 20/8,200,6/4,False
126,1,up,05/09/2025 18:59:21,6/8,0/0/1,6 8 23 10,10,6/8 6/9 6/10 6/11 6/12,25/8 24/8 23/8 22/8 21/8,200,6/4,False
127,1,up,05/09/2025 18:59:22,6/7,0/0/1,6 7 23 11,10,6/7 6/8 6/9 6/10 6/11,25/7 25/8 24/8 23/8 22/8,200,6/4,False
128,1,up,05/09/2025 18:59:22,6/6,0/0/1,6 6 23 12,10,6/6 6/7 6/8 6/9 6/10,25/6 25/7 25/8 24/8 23/8,200,6/4,False
129,1,up,05/09/2025 18:59:22,6/5,0/0/1,6 5 23 13,10,6/5 6/6 6/7 6/8 6/9,24/6 25/6 25/7 25/8 24/8,200,6/4,False
130,1,up,05/09/2025 18:59:22,6/4,0/0/1,6 4 23 14,10,6/4 6/5 6/6 6/7,23/6 24/6 25/6 25/7 25/8,300,20/2,False
131,1,up,05/09/2025 18:59:22,6/3,0/0/1,6 3 23 15,10,6/3 6/4 6/5 6/6 6/7 6/8,22/6 23/6 24/6 25/6 25/7,300,20/2,False
132,1,right,05/09/2025 18:59:23,6/2,0/0/1,6 2 23 16,10,6/2 6/3 6/4 6/5 6/6 6/7,21/6 22/6 23/6 24/6 25/6,300,20/2,False
133,1,right,05/09/2025 18:59:23,7/2,1/0/0,7 2 22 16,10,7/2 6/2 6/3 6/4 6/5 6/6,20/6 21/6 22/6 23/6 24/6,300,20/2,False
134,1,right,05/09/2025 18:59:23,8/2,1/0/0,8 2 21 16,10,8/2 7/2 6/2 6/3 6/4 6/5,19/6 20/6 21/6 22/6 23/6,300,20/2,False
135,1,right,05/09/2025 18:59:23,9/2,1/0/0,9 2 20 16,10,9/2 8/2 7/2 6/2 6/3 6/4,18/6 19/6 20/6 21/6 22/6,300,20/2,False
136,1,right,05/09/2025 18:59:23,10/2,1/0/0,10 2 19 16,10,10/2 9/2 8/2 7/2 6/2 6/3,17/6 18/6 19/6 20/6 21/6,300,20/2,False
137,1,right,05/09/2025 18:59:24,11/2,1/0/0,11 2 18 16,10,11/2 10/2 9/2 8/2 7/2 6/2,16/6 17/6 18/6 19/6 20/6,300,20/2,False
138,1,right,05/09/2025 18:59:24,12/2,1/0/0,12 2 17 16,10,12/2 11/2 10/2 9/2 8/2 7/2,15/6 16/6 17/6 18/6 19/6,300,20/2,False
139,1,right,05/09/2025 18:59:24,13/2,1/0/0,13 2 16 16,10,13/2 12/2 11/2 10/2 9/2 8/2,14/6 15/6 16/6 17/6 18/6,300,20/2,False
140,1,right,05/09/2025 18:59:24,14/2,1/0/0,14 2 15 16,10,14/2 13/2 12/2 11/2 10/2 9/2,13/6 14/6 15/6 16/6 17/6,300,20/2,False
141,1,right,05/09/2025 18:59:24,15/2,1/0/0,15 2 14 16,10,15/2 14/2 13/2 12/2 11/2 10/2,12/6 13/6 14/6 15/6 16/6,300,20/2,False
142,1,right,05/09/2025 18:59:25,16/2,1/0/0,16 2 13 16,10,16/2 15/2 14/2 13/2 12/2 11/2,11/6 12/6 13/6 14/6 15/6,300,20/2,False
143,1,right,05/09/2025 18:59:25,17/2,1/0/0,17 2 12 16,10,17/2 16/2 15/2 14/2 13/2 12/2,10/6 11/6 12/6 13/6 14/6,300,20/2,False
144,1,right,05/09/2025 18:59:25,18/2,1/0/0,18 2 11 16,10,18/2 17/2 16/2 15/2 14/2 13/2,9/6 10/6 11/6 12/6 13/6,300,20/2,False
145,1,right,05/09/2025 18:59:25,19/2,1/0/0,19 2 10 16,10,19/2 18/2 17/2 16/2 15/2 14/2,8/6 9/6 10/6 11/6 12/6,300,20/2,False
146,1,right,05/09/2025 18:59:25,20/2,1/0/0,20 2 9 16,10,20/2 19/2 18/2 17/2 16/2,7/6 8/6 9/6 10/6 11/6,400,12/2,False
147,1,right,05/09/2025 18:59:26,21/2,1/0/0,21 2 8 16,10,21/2 20/2 19/2 18/2 17/2 16/2 15/2,6/6 7/6 8/6 9/6 10/6,400,12/2,False
148,1,right,05/09/2025 18:59:26,22/2,1/0/0,22 2 7 16,10,22/2 21/2 20/2 19/2 18/2 17/2 16/2,6/7 6/6 7/6 8/6 9/6,400,12/2,False
149,1,down,05/09/2025 18:59:26,23/2,1/0/0,23 2 6 16,10,23/2 22/2 21/2 20/2 19/2 18/2 17/2,6/8 6/7 6/6 7/6 8/6,400,12/2,False
150,1,down,05/09/2025 18:59:26,23/3,0/0/-1,23 3 6 15,10,23/3 23/2 22/2 21/2 20/2 19/2 18/2,6/9 6/8 6/7 6/6 7/6,400,12/2,False
151,1,left,05/09/2025 18:59:26,23/4,0/0/-1,23 4 6 14,10,23/4 23/3 23/2 22/2 21/2 20/2 19/2,6/10 6/9 6/8 6/7 6/6,400,12/2,False
152,1,left,05/09/2025 18:59:27,22/4,-1/0/0,22 4 7 14,10,22/4 23/4 23/3 23/2 22/2 21/2 20/2,6/11 6/10 6/9 6/8 6/7,400,12/2,False
153,1,left,05/09/2025 18:59:27,21/4,-1/0/0,21 4 8 14,10,21/4 22/4 23/4 23/3 23/2 22/2 21/2,6/12 6/11 6/10 6/9 6/8,400,12/2,False
154,1,left,05/09/2025 18:59:27,20/4,-1/0/0,20 4 9 14,10,20/4 21/4 22/4 23/4 23/3 23/2 22/2,7/12 6/12 6/11 6/10 6/9,400,12/2,False
155,1,left,05/09/2025 18:59:27,19/4,-1/0/0,19 4 10 14,10,19/4 20/4 21/4 22/4 23/4 23/3 23/2,8/12 7/12 6/12 6/11 6/10,400,12/2,False
156,1,left,05/09/2025 18:59:27,18/4,-1/0/0,18 4 11 14,10,18/4 19/4 20/4 21/4 22/4 23/4 23/3,9/12 8/12 7/12 6/12 6/11,400,12/2,False
157,1,left,05/09/2025 18:59:28,17/4,-1/0/0,17 4 12 14,10,17/4 18/4 19/4 20/4 21/4 22/4 23/4,10/12 9/12 8/12 7/12 6/12,400,12/2,False
158,1,up,05/09/2025 18:59:28,16/4,-1/0/0,16 4 13 14,10,16/4 17/4 18/4 19/4 20/4 21/4 22/4,11/12 10/12 9/12 8/12 7/12,400,12/2,False
159,1,up,05/09/2025 18:59:28,16/3,0/0/1,16 3 13 15,10,16/3 16/4 17/4 18/4 19/4 20/4 21/4,12/12 11/12 10/12 9/12 8/12,400,12/2,False
160,1,left,05/09/2025 18:59:28,16/2,0/0/1,16 2 13 16,10,16/2 16/3 16/4 17/4 18/4 19/4 20/4,13/12 12/12 11/12 10/12 9/12,400,12/2,False
161,1,left,05/09/2025 18:59:28,15/2,-1/0/0,15 2 14 16,10,15/2 16/2 16/3 16/4 17/4 18/4 19/4,14/12 13/12 12/12 11/12 10/12,400,12/2,False
162,1,left,05/09/2025 18:59:29,14/2,-1/0/0,14 2 15 16,10,14/2 15/2 16/2 16/3 16/4 17/4 18/4,15/12 14/12 13/12 12/12 11/12,400,12/2,False
163,1,left,05/09/2025 18:59:29,13/2,-1/0/0,13 2 16 16,10,13/2 14/2 15/2 16/2 16/3 16/4 17/4,16/12 15/12 14/12 13/12 12/12,400,12/2,False
164,1,left,05/09/2025 18:59:29,12/2,-1/0/0,12 2 17 16,10,12/2 13/2 14/2 15/2 16/2 16/3,17/12 16/12 15/12 14/12 13/12,500,7/6,False
165,1,left,05/09/2025 18:59:29,11/2,-1/0/0,11 2 18 16,10,11/2 12/2 13/2 14/2 15/2 16/2 16/3 16/4,18/12 17/12 16/12 15/12 14/12,500,7/6,False
166,1,left,05/09/2025 18:59:29,10/2,-1/0/0,10 2 19 16,10,10/2 11/2 12/2 13/2 14/2 15/2 16/2 16/3,19/12 18/12 17/12 16/12 15/12,500,7/6,False
167,1,left,05/09/2025 18:59:30,9/2,-1/0/0,9 2 20 16,10,9/2 10/2 11/2 12/2 13/2 14/2 15/2 16/2,20/12 19/12 18/12 17/12 16/12,500,7/6,False
168,1,left,05/09/2025 18:59:30,8/2,-1/0/0,8 2 21 16,10,8/2 9/2 10/2 11/2 12/2 13/2 14/2 15/2,21/12 20/12 19/12 18/12 17/12,500,7/6,False
169,1,left,05/09/2025 18:59:30,7/2,-1/0/0,7 2 22 16,10,7/2 8/2 9/2 10/2 11/2 12/2 13/2 14/2,22/12 21/12 20/12 19/12 18/12,500,7/6,False
170,1,down,05/09/2025 18:59:30,6/2,-1/0/0,6 2 23 16,10,6/2 7/2 8/2 9/2 10/2 11/2 12/2 13/2,22/11 22/12 21/12 20/12 19/12,500,7/6,False
171,1,down,05/09/2025 18:59:30,6/3,0/0/-1,6 3 23 15,10,6/3 6/2 7/2 8/2 9/2 10/2 11/2 12/2,22/10 22/11 22/12 21/12 20/12,500,7/6,False
172,1,down,05/09/2025 18:59:31,6/4,0/0/-1,6 4 23 14,10,6/4 6/3 6/2 7/2 8/2 9/2 10/2 11/2,22/9 22/10 22/11 22/12 21/12,500,7/6,False
173,1,down,05/09/2025 18:59:31,6/5,0/0/-1,6 5 23 13,10,6/5 6/4 6/3 6/2 7/2 8/2 9/2 10/2,22/8 22/9 22/10 22/11 22/12,500,7/6,False
174,1,right,05/09/2025 18:59:31,6/6,0/0/-1,6 6 23 12,10,6/6 6/5 6/4 6/3 6/2 7/2 8/2 9/2,22/7 22/8 22/9 22/10 22/11,500,7/6,False
175,1,right,05/09/2025 18:59:31,7/6,1/0/0,7 6 22 12,10,7/6 6/6 6/5 6/4 6/3 6/2 7/2,22/6 22/7 22/8 22/9 22/10,600,22/3,False
176,1,right,05/09/2025 18:59:31,8/6,1/0/0,8 6 21 12,10,8/6 7/6 6/6 6/5 6/4 6/3 6/2 7/2 8/2,22/5 22/6 22/7 22/8 22/9,600,22/3,False
177,1,right,05/09/2025 18:59:32,9/6,1/0/0,9 6 20 12,10,9/6 8/6 7/6 6/6 6/5 6/4 6/3 6/2 7/2,22/4 22/5 22/6 22/7 22/8,600,22/3,False
178,1,right,05/09/2025 18:59:32,10/6,1/0/0,10 6 19 12,10,10/6 9/6 8/6 7/6 6/6 6/5 6/4 6/3 6/2,22/3 22/4 22/5 22/6,600,7/9,False
179,1,right,05/09/2025 18:59:32,11/6,1/0/0,11 6 18 12,10,11/6 10/6 9/6 8/6 7/6 6/6 6/5 6/4 6/3,21/3 22/3 22/4 22/5 22/6 22/7,600,7/9,False
180,1,right,05/09/2025 18:59:32,12/6,1/0/0,12 6 17 12,10,12/6 11/6 10/6 9/6 8/6 7/6 6/6 6/5 6/4,20/3 21/3 22/3 22/4 22/5 22/6,600,7/9,False
181,1,right,05/09/2025 18:59:32,13/6,1/0/0,13 6 16 12,10,13/6 12/6 11/6 10/6 9/6 8/6 7/6 6/6 6/5,19/3 20/3 21/3 22/3 22/4 22/5,600,7/9,False
182,1,right,05/09/2025 18:59:33,14/6,1/0/0,14 6 15 12,10,14/6 13/6 12/6 11/6 10/6 9/6 8/6 7/6 6/6,18/3 19/3 20/3 21/3 22/3 22/4,600,7/9,False
183,1,right,05/09/2025 18:59:33,15/6,1/0/0,15 6 14 12,10,15/6 14/6 13/6 12/6 11/6 10/6 9/6 8/6 7/6,17/3 18/3 19/3 20/3 21/3 22/3,600,7/9,False
184,1,right,05/09/2025 18:59:33,16/6,1/0/0,16 6 13 12,10,16/6 15/6 14/6 13/6 12/6 11/6 10/6 9/6 8/6,16/3 17/3 18/3 19/3 20/3 21/3,600,7/9,False
185,1,right,05/09/2025 18:59:33,17/6,1/0/0,17 6 12 12,10,17/6 16/6 15/6 14/6 13/6 12/6 11/6 10/6 9/6,15/3 16/3 17/3 18/3 19/3 20/3,600,7/9,False
186,1,right,05/09/2025 18:59:33,18/6,1/0/0,18 6 11 12,10,18/6 17/6 16/6 15/6 14/6 13/6 12/6 11/6 10/6,14/3 15/3 16/3 17/3 18/3 19/3,600,7/9,False
187,1,right,05/09/2025 18:59:34,19/6,1/0/0,19 6 10 12,10,19/6 18/6 17/6 16/6 15/6 14/6 13/6 12/6 11/6,13/3 14/3 15/3 16/3 17/3 18/3,600,7/9,False
188,1,right,05/09/2025 18:59:34,20/6,1/0/0,20 6 9 12,10,20/6 19/6 18/6 17/6 16/6 15/6 14/6 13/6 12/6,12/3 13/3 14/3 15/3 16/3 17/3,600,7/9,False
189,1,right,05/09/2025 18:59:34,21/6,1/0/0,21 6 8 12,10,21/6 20/6 19/6 18/6 17/6 16/6 15/6 14/6 13/6,11/3 12/3 13/3 14/3 15/3 16/3,600,7/9,False
190,1,up,05/09/2025 18:59:34,22/6,1/0/0,22 6 7 12,10,22/6 21/6 20/6 19/6 18/6 17/6 16/6 15/6 14/6,10/3 11/3 12/3 13/3 14/3 15/3,600,7/9,False
191,1,up,05/09/2025 18:59:34,22/5,0/0/1,22 5 7 13,10,22/5 22/6 21/6 20/6 19/6 18/6 17/6 16/6 15/6,9/3 10/3 11/3 12/3 13/3 14/3,600,7/9,False
192,1,up,05/09/2025 18:59:35,22/4,0/0/1,22 4 7 14,10,22/4 22/5 22/6 21/6 20/6 19/6 18/6 17/6 16/6,8/3 9/3 10/3 11/3 12/3 13/3,600,7/9,False
193,1,left,05/09/2025 18:59:35,22/3,0/0/1,22 3 7 15,10,22/3 22/4 22/5 22/6 21/6 20/6 19/6 18/6 17/6,7/3 8/3 9/3 10/3 11/3 12/3,600,7/9,False
194,1,left,05/09/2025 18:59:35,21/3,-1/0/0,21 3 8 15,10,21/3 22/3 22/4 22/5 22/6 21/6 20/6 19/6 18/6,6/3 7/3 8/3 9/3 10/3 11/3,600,7/9,False
195,1,left,05/09/2025 18:59:35,20/3,-1/0/0,20 3 9 15,10,20/3 21/3 22/3 22/4 22/5 22/6 21/6 20/6 19/6,6/4 6/3 7/3 8/3 9/3 10/3,600,7/9,False
196,1,left,05/09/2025 18:59:35,19/3,-1/0/0,19 3 10 15,10,19/3 20/3 21/3 22/3 22/4 22/5 22/6 21/6 20/6,6/5 6/4 6/3 7/3 8/3 9/3,600,7/9,False
197,1,left,05/09/2025 18:59:36,18/3,-1/0/0,18 3 11 15,10,18/3 19/3 20/3 21/3 22/3 22/4 22/5 22/6 21/6,6/6 6/5 6/4 6/3 7/3 8/3,600,7/9,False
198,1,left,05/09/2025 18:59:36,17/3,-1/0/0,17 3 12 15,10,17/3 18/3 19/3 20/3 21/3 22/3 22/4 22/5 22/6,6/7 6/6 6/5 6/4 6/3 7/3,600,7/9,False
199,1,left,05/09/2025 18:59:36,16/3,-1/0/0,16 3 13 15,10,16/3 17/3 18/3 19/3 20/3 21/3 22/3 22/4 22/5,6/8 6/7 6/6 6/5 6/4 6/3,600,7/9,False
200,1,left,05/09/2025 18:59:36,15/3,-1/0/0,15 3 14 15,10,15/3 16/3 17/3 18/3 19/3 20/3 21/3 22/3 22/4,6/9 6/8 6/7 6/6 6/5 6/4,600,7/9,False
201,1,left,05/09/2025 18:59:36,14/3,-1/0/0,14 3 15 15,10,14/3 15/3 16/3 17/3 18/3 19/3 20/3 21/3 22/3,7/9 6/9 6/8 6/7 6/6,600,1/3,False
202,1,left,05/09/2025 18:59:37,13/3,-1/0/0,13 3 16 15,10,13/3 14/3 15/3 16/3 17/3 18/3 19/3 20/3 21/3,8/9 7/9 6/9 6/8 6/7 6/6 6/5,600,1/3,False
203,1,left,05/09/2025 18:59:37,12/3,-1/0/0,12 3 17 15,10,12/3 13/3 14/3 15/3 16/3 17/3 18/3 19/3 20/3,9/9 8/9 7/9 6/9 6/8 6/7 6/6,600,1/3,False
204,1,left,05/09/2025 18:59:37,11/3,-1/0/0,11 3 18 15,10,11/3 12/3 13/3 14/3 15/3 16/3 17/3 18/3 19/3,9/8 9/9 8/9 7/9 6/9 6/8 6/7,600,1/3,False
205,1,left,05/09/2025 18:59:37,10/3,-1/0/0,10 3 19 15,10,10/3 11/3 12/3 13/3 14/3 15/3 16/3 17/3 18/3,9/7 9/8 9/9 8/9 7/9 6/9 6/8,600,1/3,False
206,1,up,05/09/2025 18:59:37,9/3,-1/0/0,9 3 20 15,10,9/3 10/3 11/3 12/3 13/3 14/3 15/3 16/3 17/3,9/6 9/7 9/8 9/9 8/9 7/9 6/9,600,1/3,False
207,1,right,05/09/2025 18:59:38,9/2,0/0/1,9 2 20 16,10,9/2 9/3 10/3 11/3 12/3 13/3 14/3 15/3 16/3,9/5 9/6 9/7 9/8 9/9 8/9 7/9,600,1/3,False
208,1,right,05/09/2025 18:59:38,10/2,1/0/0,10 2 19 16,10,10/2 9/2 9/3 10/3 11/3 12/3 13/3 14/3 15/3,9/4 9/5 9/6 9/7 9/8 9/9 8/9,600,1/3,False
209,1,right,05/09/2025 18:59:38,11/2,1/0/0,11 2 18 16,10,11/2 10/2 9/2 9/3 10/3 11/3 12/3 13/3 14/3,8/4 9/4 9/5 9/6 9/7 9/8 9/9,600,1/3,False
210,1,right,05/09/2025 18:59:38,12/2,1/0/0,12 2 17 16,10,12/2 11/2 10/2 9/2 9/3 10/3 11/3 12/3 13/3,7/4 8/4 9/4 9/5 9/6 9/7 9/8,600,1/3,False
211,1,right,05/09/2025 18:59:38,13/2,1/0/0,13 2 16 16,10,13/2 12/2 11/2 10/2 9/2 9/3 10/3 11/3 12/3,6/4 7/4 8/4 9/4 9/5 9/6 9/7,600,1/3,False
212,1,right,05/09/2025 18:59:39,14/2,1/0/0,14 2 15 16,10,14/2 13/2 12/2 11/2 10/2 9/2 9/3 10/3 11/3,5/4 6/4 7/4 8/4 9/4 9/5 9/6,600,1/3,False
213,1,right,05/09/2025 18:59:39,15/2,1/0/0,15 2 14 16,10,15/2 14/2 13/2 12/2 11/2 10/2 9/2 9/3 10/3,4/4 5/4 6/4 7/4 8/4 9/4 9/5,600,1/3,False
214,1,right,05/09/2025 18:59:39,16/2,1/0/0,16 2 13 16,10,16/2 15/2 14/2 13/2 12/2 11/2 10/2 9/2 9/3,3/4 4/4 5/4 6/4 7/4 8/4 9/4,600,1/3,False
215,1,right,05/09/2025 18:59:39,17/2,1/0/0,17 2 12 16,10,17/2 16/2 15/2 14/2 13/2 12/2 11/2 10/2 9/2,2/4 3/4 4/4 5/4 6/4 7/4 8/4,600,1/3,False
216,1,right,05/09/2025 18:59:39,18/2,1/0/0,18 2 11 16,10,18/2 17/2 16/2 15/2 14/2 13/2 12/2 11/2 10/2,1/4 2/4 3/4 4/4 5/4 6/4 7/4,600,1/3,False
217,1,right,05/09/2025 18:59:40,19/2,1/0/0,19 2 10 16,10,19/2 18/2 17/2 16/2 15/2 14/2 13/2 12/2 11/2,1/3 1/4 2/4 3/4 4/4 5/4,600,24/4,False
218,1,right,05/09/2025 18:59:40,20/2,1/0/0,20 2 9 16,10,20/2 19/2 18/2 17/2 16/2 15/2 14/2 13/2 12/2,1/2 1/3 1/4 2/4 3/4 4/4 5/4 6/4,600,24/4,False
219,1,right,05/09/2025 18:59:40,21/2,1/0/0,21 2 8 16,10,21/2 20/2 19/2 18/2 17/2 16/2 15/2 14/2 13/2,2/2 1/2 1/3 1/4 2/4 3/4 4/4 5/4,600,24/4,False
220,1,right,05/09/2025 18:59:40,22/2,1/0/0,22 2 7 16,10,22/2 21/2 20/2 19/2 18/2 17/2 16/2 15/2 14/2,3/2 2/2 1/2 1/3 1/4 2/4 3/4 4/4,600,24/4,False
221,1,right,05/09/2025 18:59:40,23/2,1/0/0,23 2 6 16,10,23/2 22/2 21/2 20/2 19/2 18/2 17/2 16/2 15/2,4/2 3/2 2/2 1/2 1/3 1/4 2/4 3/4,600,24/4,False
222,1,right,05/09/2025 18:59:41,24/2,1/0/0,24 2 5 16,10,24/2 23/2 22/2 21/2 20/2 19/2 18/2 17/2 16/2,5/2 4/2 3/2 2/2 1/2 1/3 1/4 2/4,600,24/4,False
223,1,right,05/09/2025 18:59:41,25/2,1/0/0,25 2 4 16,10,25/2 24/2 23/2 22/2 21/2 20/2 19/2 18/2 17/2,6/2 5/2 4/2 3/2 2/2 1/2 1/3 1/4,600,24/4,False
224,1,down,05/09/2025 18:59:41,26/2,1/0/0,26 2 3 16,10,26/2 25/2 24/2 23/2 22/2 21/2 20/2 19/2 18/2,7/2 6/2 5/2 4/2 3/2 2/2 1/2 1/3,600,24/4,False
225,1,down,05/09/2025 18:59:41,26/3,0/0/-1,26 3 3 15,10,26/3 26/2 25/2 24/2 23/2 22/2 21/2 20/2 19/2,8/2 7/2 6/2 5/2 4/2 3/2 2/2 1/2,600,24/4,False
226,1,down,05/09/2025 18:59:41,26/4,0/0/-1,26 4 3 14,10,26/4 26/3 26/2 25/2 24/2 23/2 22/2 21/2 20/2,9/2 8/2 7/2 6/2 5/2 4/2 3/2 2/2,600,24/4,False
227,1,down,05/09/2025 18:59:42,26/5,0/0/-1,26 5 3 13,10,26/5 26/4 26/3 26/2 25/2 24/2 23/2 22/2 21/2,10/2 9/2 8/2 7/2 6/2 5/2 4/2 3/2,600,24/4,False
228,1,down,05/09/2025 18:59:42,26/6,0/0/-1,26 6 3 12,10,26/6 26/5 26/4 26/3 26/2 25/2 24/2 23/2 22/2,11/2 10/2 9/2 8/2 7/2 6/2 5/2 4/2,600,24/4,False
229,1,down,05/09/2025 18:59:42,26/7,0/0/-1,26 7 3 11,10,26/7 26/6 26/5 26/4 26/3 26/2 25/2 24/2 23/2,12/2 11/2 10/2 9/2 8/2 7/2 6/2 5/2,600,24/4,False
230,1,down,05/09/2025 18:59:42,26/8,0/0/-1,26 8 3 10,10,26/8 26/7 26/6 26/5 26/4 26/3 26/2 25/2 24/2,13/2 12/2 11/2 10/2 9/2 8/2 7/2 6/2,600,24/4,False
231,1,down,05/09/2025 18:59:42,26/9,0/0/-1,26 9 3 9,10,26/9 26/8 26/7 26/6 26/5 26/4 26/3 26/2 25/2,14/2 13/2 12/2 11/2 10/2 9/2 8/2 7/2,600,24/4,False
232,1,down,05/09/2025 18:59:43,26/10,0/0/-1,26 10 3 8,10,26/10 26/9 26/8 26/7 26/6 26/5 26/4 26/3 26/2,15/2 14/2 13/2 12/2 11/2 10/2 9/2 8/2,600,24/4,False
233,1,down,05/09/2025 18:59:43,26/11,0/0/-1,26 11 3 7,10,26/11 26/10 26/9 26/8 26/7 26/6 26/5 26/4 26/3,16/2 15/2 14/2 13/2 12/2 11/2 10/2 9/2,600,24/4,False
234,1,down,05/09/2025 18:59:43,26/12,0/0/-1,26 12 3 6,10,26/12 26/11 26/10 26/9 26/8 26/7 26/6 26/5 26/4,17/2 16/2 15/2 14/2 13/2 12/2 11/2 10/2,600,24/4,False
235,1,left,05/09/2025 18:59:43,26/13,0/0/-1,26 13 3 5,10,26/13 26/12 26/11 26/10 26/9 26/8 26/7 26/6 26/5,18/2 17/2 16/2 15/2 14/2 13/2 12/2 11/2,600,24/4,False
236,1,left,05/09/2025 18:59:43,25/13,-1/0/0,25 13 4 5,10,25/13 26/13 26/12 26/11 26/10 26/9 26/8 26/7 26/6,19/2 18/2 17/2 16/2 15/2 14/2 13/2 12/2,600,24/4,False
237,1,left,05/09/2025 18:59:44,24/13,-1/0/0,24 13 5 5,10,24/13 25/13 26/13 26/12 26/11 26/10 26/9 26/8 26/7,20/2 19/2 18/2 17/2 16/2 15/2 14/2 13/2,600,24/4,False
238,1,left,05/09/2025 18:59:44,23/13,-1/0/0,23 13 6 5,10,23/13 24/13 25/13 26/13 26/12 26/11 26/10 26/9 26/8,21/2 20/2 19/2 18/2 17/2 16/2 15/2 14/2,600,24/4,False
239,1,left,05/09/2025 18:59:44,22/13,-1/0/0,22 13 7 5,10,22/13 23/13 24/13 25/13 26/13 26/12 26/11 26/10 26/9,22/2 21/2 20/2 19/2 18/2 17/2 16/2 15/2,600,24/4,False
240,1,left,05/09/2025 18:59:44,21/13,-1/0/0,21 13 8 5,10,21/13 22/13 23/13 24/13 25/13 26/13 26/12 26/11 26/10,23/2 22/2 21/2 20/2 19/2 18/2 17/2 16/2,600,24/4,False
241,1,left,05/09/2025 18:59:44,20/13,-1/0/0,20 13 9 5,10,20/13 21/13 22/13 23/13 24/13 25/13 26/13 26/12 26/11,24/2 23/2 22/2 21/2 20/2 19/2 18/2 17/2,600,24/4,False
242,1,left,05/09/2025 18:59:45,19/13,-1/0/0,19 13 10 5,10,19/13 20/13 21/13 22/13 23/13 24/13 25/13 26/13 26/12,24/3 24/2 23/2 22/2 21/2 20/2 19/2 18/2,600,24/4,False
243,1,left,05/09/2025 18:59:45,18/13,-1/0/0,18 13 11 5,10,18/13 19/13 20/13 21/13 22/13 23/13 24/13 25/13 26/13,24/4 24/3 24/2 23/2 22/2 21/2 20/2,600,28/6,False
244,1,left,05/09/2025 18:59:45,17/13,-1/0/0,17 13 12 5,10,17/13 18/13 19/13 20/13 21/13 22/13 23/13 24/13 25/13,24/5 24/4 24/3 24/2 23/2 22/2 21/2 20/2 19/2,600,28/6,False
245,1,left,05/09/2025 18:59:45,16/13,-1/0/0,16 13 13 5,10,16/13 17/13 18/13 19/13 20/13 21/13 22/13 23/13 24/13,24/6 24/5 24/4 24/3 24/2 23/2 22/2 21/2 20/2,600,28/6,False
246,1,left,05/09/2025 18:59:45,15/13,-1/0/0,15 13 14 5,10,15/13 16/13 17/13 18/13 19/13 20/13 21/13 22/13 23/13,25/6 24/6 24/5 24/4 24/3 24/2 23/2 22/2 21/2,600,28/6,False
247,1,left,05/09/2025 18:59:46,14/13,-1/0/0,14 13 15 5,10,14/13 15/13 16/13 17/13 18/13 19/13 20/13 21/13 22/13,26/6 25/6 24/6 24/5 24/4 24/3 24/2 23/2 22/2,600,28/6,False
248,1,left,05/09/2025 18:59:46,13/13,-1/0/0,13 13 16 5,10,13/13 14/13 15/13 16/13 17/13 18/13 19/13 20/13 21/13,27/6 26/6 25/6 24/6 24/5 24/4 24/3 24/2 23/2,600,28/6,False
249,1,left,05/09/2025 18:59:46,12/13,-1/0/0,12 13 17 5,10,12/13 13/13 14/13 15/13 16/13 17/13 18/13 19/13 20/13,28/6 27/6 26/6 25/6 24/6 24/5 24/4 24/3,600,21/8,False
250,1,left,05/09/2025 18:59:46,11/13,-1/0/0,11 13 18 5,10,11/13 12/13 13/13 14/13 15/13 16/13 17/13 18/13 19/13,28/5 28/6 27/6 26/6 25/6 24/6 24/5 24/4 24/3 24/2,600,21/8,False
251,1,left,05/09/2025 18:59:46,10/13,-1/0/0,10 13 19 5,10,10/13 11/13 12/13 13/13 14/13 15/13 16/13 17/13 18/13,28/4 28/5 28/6 27/6 26/6 25/6 24/6 24/5 24/4 24/3,600,21/8,False
252,1,left,05/09/2025 18:59:47,9/13,-1/0/0,9 13 20 5,10,9/13 10/13 11/13 12/13 13/13 14/13 15/13 16/13 17/13,28/3 28/4 28/5 28/6 27/6 26/6 25/6 24/6 24/5 24/4,600,21/8,False
253,1,left,05/09/2025 18:59:47,8/13,-1/0/0,8 13 21 5,10,8/13 9/13 10/13 11/13 12/13 13/13 14/13 15/13 16/13,27/3 28/3 28/4 28/5 28/6 27/6 26/6 25/6 24/6 24/5,600,21/8,False
254,1,left,05/09/2025 18:59:47,7/13,-1/0/0,7 13 22 5,10,7/13 8/13 9/13 10/13 11/13 12/13 13/13 14/13 15/13,26/3 27/3 28/3 28/4 28/5 28/6 27/6 26/6 25/6 24/6,600,21/8,False
255,1,left,05/09/2025 18:59:47,6/13,-1/0/0,6 13 23 5,10,6/13 7/13 8/13 9/13 10/13 11/13 12/13 13/13 14/13,25/3 26/3 27/3 28/3 28/4 28/5 28/6 27/6 26/6 25/6,600,21/8,False
256,1,up,05/09/2025 18:59:47,5/13,-1/0/0,5 13 24 5,10,5/13 6/13 7/13 8/13 9/13 10/13 11/13 12/13 13/13,24/3 25/3 26/3 27/3 28/3 28/4 28/5 28/6 27/6 26/6,600,21/8,False
257,1,up,05/09/2025 18:59:48,5/12,0/0/1,5 12 24 6,10,5/12 5/13 6/13 7/13 8/13 9/13 10/13 11/13 12/13,23/3 24/3 25/3 26/3 27/3 28/3 28/4 28/5 28/6 27/6,600,21/8,False
258,1,up,05/09/2025 18:59:48,5/11,0/0/1,5 11 24 7,10,5/11 5/12 5/13 6/13 7/13 8/13 9/13 10/13 11/13,22/3 23/3 24/3 25/3 26/3 27/3 28/3 28/4 28/5 28/6,600,21/8,False
259,1,right,05/09/2025 18:59:48,5/10,0/0/1,5 10 24 8,10,5/10 5/11 5/12 5/13 6/13 7/13 8/13 9/13 10/13,21/3 22/3 23/3 24/3 25/3 26/3 27/3 28/3 28/4 28/5,600,21/8,False
260,1,right,05/09/2025 18:59:48,6/10,1/0/0,6 10 23 8,10,6/10 5/10 5/11 5/12 5/13 6/13 7/13 8/13 9/13,20/3 21/3 22/3 23/3 24/3 25/3 26/3 27/3 28/3 28/4,600,21/8,False
261,1,right,05/09/2025 18:59:48,7/10,1/0/0,7 10 22 8,10,7/10 6/10 5/10 5/11 5/12 5/13 6/13 7/13 8/13,19/3 20/3 21/3 22/3 23/3 24/3 25/3 26/3 27/3 28/3,600,21/8,False
262,1,right,05/09/2025 18:59:49,8/10,1/0/0,8 10 21 8,10,8/10 7/10 6/10 5/10 5/11 5/12 5/13 6/13 7/13,19/4 19/3 20/3 21/3 22/3 23/3 24/3 25/3 26/3 27/3,600,21/8,False
263,1,right,05/09/2025 18:59:49,9/10,1/0/0,9 10 20 8,10,9/10 8/10 7/10 6/10 5/10 5/11 5/12 5/13 6/13,19/5 19/4 19/3 20/3 21/3 22/3 23/3 24/3 25/3 26/3,600,21/8,False
264,1,right,05/09/2025 18:59:49,10/10,1/0/0,10 10 19 8,10,10/10 9/10 8/10 7/10 6/10 5/10 5/11 5/12 5/13,19/6 19/5 19/4 19/3 20/3 21/3 22/3 23/3 24/3 25/3,600,21/8,False
265,1,right,05/09/2025 18:59:49,11/10,1/0/0,11 10 18 8,10,11/10 10/10 9/10 8/10 7/10 6/10 5/10 5/11 5/12,19/7 19/6 19/5 19/4 19/3 20/3 21/3 22/3 23/3 24/3,600,21/8,False
266,1,right,05/09/2025 18:59:49,12/10,1/0/0,12 10 17 8,10,12/10 11/10 10/10 9/10 8/10 7/10 6/10 5/10 5/11,19/8 19/7 19/6 19/5 19/4 19/3 20/3 21/3 22/3 23/3,600,21/8,False
267,1,right,05/09/2025 18:59:50,13/10,1/0/0,13 10 16 8,10,13/10 12/10 11/10 10/10 9/10 8/10 7/10 6/10 5/10,20/8 19/8 19/7 19/6 19/5 19/4 19/3 20/3 21/3 22/3,600,21/8,False
268,1,right,05/09/2025 18:59:50,14/10,1/0/0,14 10 15 8,10,14/10 13/10 12/10 11/10 10/10 9/10 8/10 7/10 6/10,21/8 20/8 19/8 19/7 19/6 19/5 19/4 19/3 20/3,600,18/4,False
269,1,right,05/09/2025 18:59:50,15/10,1/0/0,15 10 14 8,10,15/10 14/10 13/10 12/10 11/10 10/10 9/10 8/10 7/10,22/8 21/8 20/8 19/8 19/7 19/6 19/5 19/4 19/3 20/3 21/3,600,18/4,False
270,1,right,05/09/2025 18:59:50,16/10,1/0/0,16 10 13 8,10,16/10 15/10 14/10 13/10 12/10 11/10 10/10 9/10 8/10,23/8 22/8 21/8 20/8 19/8 19/7 19/6 19/5 19/4 19/3 20/3,600,18/4,False
271,1,right,05/09/2025 18:59:50,17/10,1/0/0,17 10 12 8,10,17/10 16/10 15/10 14/10 13/10 12/10 11/10 10/10 9/10,23/7 23/8 22/8 21/8 20/8 19/8 19/7 19/6 19/5 19/4 19/3,600,18/4,False
272,1,right,05/09/2025 18:59:51,18/10,1/0/0,18 10 11 8,10,18/10 17/10 16/10 15/10 14/10 13/10 12/10 11/10 10/10,23/6 23/7 23/8 22/8 21/8 20/8 19/8 19/7 19/6 19/5 19/4,600,18/4,False
273,1,right,05/09/2025 18:59:51,19/10,1/0/0,19 10 10 8,10,19/10 18/10 17/10 16/10 15/10 14/10 13/10 12/10 11/10,23/5 23/6 23/7 23/8 22/8 21/8 20/8 19/8 19/7 19/6 19/5,600,18/4,False
274,1,down,05/09/2025 18:59:51,20/10,1/0/0,20 10 9 8,10,20/10 19/10 18/10 17/10 16/10 15/10 14/10 13/10 12/10,23/4 23/5 23/6 23/7 23/8 22/8 21/8 20/8 19/8 19/7 19/6,600,18/4,False
275,1,down,05/09/2025 18:59:51,20/11,0/0/-1,20 11 9 7,10,20/11 20/10 19/10 18/10 17/10 16/10 15/10 14/10 13/10,23/3 23/4 23/5 23/6 23/7 23/8 22/8 21/8 20/8 19/8 19/7,600,18/4,False
276,1,left,05/09/2025 18:59:51,20/12,0/0/-1,20 12 9 6,10,20/12 20/11 20/10 19/10 18/10 17/10 16/10 15/10 14/10,23/2 23/3 23/4 23/5 23/6 23/7 23/8 22/8 21/8 20/8 19/8,600,18/4,False
277,1,left,05/09/2025 18:59:52,19/12,-1/0/0,19 12 10 6,10,19/12 20/12 20/11 20/10 19/10 18/10 17/10 16/10 15/10,23/1 23/2 23/3 23/4 23/5 23/6 23/7 23/8 22/8 21/8 20/8,600,18/4,False
278,1,left,05/09/2025 18:59:52,18/12,-1/0/0,18 12 11 6,10,18/12 19/12 20/12 20/11 20/10 19/10 18/10 17/10 16/10,22/1 23/1 23/2 23/3 23/4 23/5 23/6 23/7 23/8 22/8 21/8,600,18/4,False
279,1,left,05/09/2025 18:59:52,17/12,-1/0/0,17 12 12 6,10,17/12 18/12 19/12 20/12 20/11 20/10 19/10 18/10 17/10,21/1 22/1 23/1 23/2 23/3 23/4 23/5 23/6 23/7 23/8 22/8,600,18/4,False
280,1,left,05/09/2025 18:59:52,16/12,-1/0/0,16 12 13 6,10,16/12 17/12 18/12 19/12 20/12 20/11 20/10 19/10 18/10,20/1 21/1 22/1 23/1 23/2 23/3 23/4 23/5 23/6 23/7 23/8,600,18/4,False
281,1,left,05/09/2025 18:59:53,15/12,-1/0/0,15 12 14 6,10,15/12 16/12 17/12 18/12 19/12 20/12 20/11 20/10 19/10,19/1 20/1 21/1 22/1 23/1 23/2 23/3 23/4 23/5 23/6 23/7,600,18/4,False
282,1,left,05/09/2025 18:59:53,14/12,-1/0/0,14 12 15 6,10,14/12 15/12 16/12 17/12 18/12 19/12 20/12 20/11 20/10,18/1 19/1 20/1 21/1 22/1 23/1 23/2 23/3 23/4 23/5 23/6,600,18/4,False
283,1,left,05/09/2025 18:59:53,13/12,-1/0/0,13 12 16 6,10,13/12 14/12 15/12 16/12 17/12 18/12 19/12 20/12 20/11,18/2 18/1 19/1 20/1 21/1 22/1 23/1 23/2 23/3 23/4 23/5,600,18/4,False
284,1,left,05/09/2025 18:59:53,12/12,-1/0/0,12 12 17 6,10,12/12 13/12 14/12 15/12 16/12 17/12 18/12 19/12 20/12,18/3 18/2 18/1 19/1 20/1 21/1 22/1 23/1 23/2 23/3 23/4,600,18/4,False
285,1,left,05/09/2025 18:59:53,11/12,-1/0/0,11 12 18 6,10,11/12 12/12 13/12 14/12 15/12 16/12 17/12 18/12 19/12,18/4 18/3 18/2 18/1 19/1 20/1 21/1 22/1 23/1 23/2,600,12/1,False
286,1,left,05/09/2025 18:59:54,10/12,-1/0/0,10 12 19 6,10,10/12 11/12 12/12 13/12 14/12 15/12 16/12 17/12 18/12,18/5 18/4 18/3 18/2 18/1 19/1 20/1 21/1 22/1 23/1 23/2 23/3,600,12/1,False
287,1,left,05/09/2025 18:59:54,9/12,-1/0/0,9 12 20 6,10,9/12 10/12 11/12 12/12 13/12 14/12 15/12 16/12 17/12,18/6 18/5 18/4 18/3 18/2 18/1 19/1 20/1 21/1 22/1 23/1 23/2,600,12/1,False
288,1,left,05/09/2025 18:59:54,8/12,-1/0/0,8 12 21 6,10,8/12 9/12 10/12 11/12 12/12 13/12 14/12 15/12 16/12,17/6 18/6 18/5 18/4 18/3 18/2 18/1 19/1 20/1 21/1 22/1 23/1,600,12/1,False
289,1,left,05/09/2025 18:59:54,7/12,-1/0/0,7 12 22 6,10,7/12 8/12 9/12 10/12 11/12 12/12 13/12 14/12 15/12,16/6 17/6 18/6 18/5 18/4 18/3 18/2 18/1 19/1 20/1 21/1 22/1,600,12/1,False
290,1,left,05/09/2025 18:59:54,6/12,-1/0/0,6 12 23 6,10,6/12 7/12 8/12 9/12 10/12 11/12 12/12 13/12 14/12,15/6 16/6 17/6 18/6 18/5 18/4 18/3 18/2 18/1 19/1 20/1 21/1,600,12/1,False
291,1,up,05/09/2025 18:59:55,5/12,-1/0/0,5 12 24 6,10,5/12 6/12 7/12 8/12 9/12 10/12 11/12 12/12 13/12,14/6 15/6 16/6 17/6 18/6 18/5 18/4 18/3 18/2 18/1 19/1 20/1,600,12/1,False
292,1,up,05/09/2025 18:59:55,5/11,0/0/1,5 11 24 7,10,5/11 5/12 6/12 7/12 8/12 9/12 10/12 11/12 12/12,13/6 14/6 15/6 16/6 17/6 18/6 18/5 18/4 18/3 18/2 18/1 19/1,600,12/1,False
293,1,up,05/09/2025 18:59:55,5/10,0/0/1,5 10 24 8,10,5/10 5/11 5/12 6/12 7/12 8/12 9/12 10/12 11/12,12/6 13/6 14/6 15/6 16/6 17/6 18/6 18/5 18/4 18/3 18/2 18/1,600,12/1,False
294,1,up,05/09/2025 18:59:55,5/9,0/0/1,5 9 24 9,10,5/9 5/10 5/11 5/12 6/12 7/12 8/12 9/12 10/12,11/6 12/6 13/6 14/6 15/6 16/6 17/6 18/6 18/5 18/4 18/3 18/2,600,12/1,False
295,1,up,05/09/2025 18:59:55,5/8,0/0/1,5 8 24 10,10,5/8 5/9 5/10 5/11 5/12 6/12 7/12 8/12 9/12,10/6 11/6 12/6 13/6 14/6 15/6 16/6 17/6 18/6 18/5 18/4 18/3,600,12/1,False
296,1,left,05/09/2025 18:59:56,5/7,0/0/1,5 7 24 11,10,5/7 5/8 5/9 5/10 5/11 5/12 6/12 7/12 8/12,9/6 10/6 11/6 12/6 13/6 14/6 15/6 16/6 17/6 18/6 18/5 18/4,600,12/1,False
297,1,left,05/09/2025 18:59:56,4/7,-1/0/0,4 7 25 11,10,4/7 5/7 5/8 5/9 5/10 5/11 5/12 6/12 7/12,8/6 9/6 10/6 11/6 12/6 13/6 14/6 15/6 16/6 17/6 18/6 18/5,600,12/1,False
298,1,left,05/09/2025 18:59:56,3/7,-1/0/0,3 7 26 11,10,3/7 4/7 5/7 5/8 5/9 5/10 5/11 5/12 6/12,7/6 8/6 9/6 10/6 11/6 12/6 13/6 14/6 15/6 16/6 17/6 18/6,600,12/1,False
299,1,left,05/09/2025 18:59:56,2/7,-1/0/0,2 7 27 11,10,2/7 3/7 4/7 5/7 5/8 5/9 5/10 5/11 5/12,7/5 7/6 8/6 9/6 10/6 11/6 12/6 13/6 14/6 15/6 16/6 17/6,600,12/1,False
300,1,left,05/09/2025 18:59:56,1/7,-1/0/0,1 7 28 11,10,1/7 2/7 3/7 4/7 5/7 5/8 5/9 5/10 5/11,8/5 7/5 7/6 8/6 9/6 10/6 11/6 12/6 13/6 14/6 15/6 16/6,600,12/1,True
301,1,left,05/09/2025 18:59:58,0/7,-1/0/0,0 7 29 11,10,26/9 27/9 28/9,4/9 3/9 2/9,400,4/6,True
302,1,left,05/09/2025 18:59:58,25/9,-1/0/0,25 9 4 9,10,25/9 26/9 27/9,5/9 4/9 3/9,400,4/6,False
303,1,left,05/09/2025 18:59:58,24/9,-1/0/0,24 9 5 9,10,24/9 25/9 26/9,6/9 5/9 4/9,400,4/6,False
304,1,left,05/09/2025 18:59:59,23/9,-1/0/0,23 9 6 9,10,23/9 24/9 25/9,7/9 6/9 5/9,400,4/6,False
305,1,left,05/09/2025 18:59:59,22/9,-1/0/0,22 9 7 9,10,22/9 23/9 24/9,7/8 7/9 6/9,400,4/6,False
306,1,left,05/09/2025 18:59:59,21/9,-1/0/0,21 9 8 9,10,21/9 22/9 23/9,7/7 7/8 7/9,400,4/6,False
307,1,left,05/09/2025 18:59:59,20/9,-1/0/0,20 9 9 9,10,20/9 21/9 22/9,7/6 7/7 7/8,400,4/6,False
308,1,left,05/09/2025 18:59:59,19/9,-1/0/0,19 9 10 9,10,19/9 20/9 21/9,6/6 7/6 7/7,400,4/6,False
309,1,left,05/09/2025 19:00:00,18/9,-1/0/0,18 9 11 9,10,18/9 19/9 20/9,5/6 6/6 7/6,400,4/6,False
310,1,left,05/09/2025 19:00:00,17/9,-1/0/0,17 9 12 9,10,17/9 18/9 19/9,4/6 5/6,400,18/14,False
311,1,left,05/09/2025 19:00:00,16/9,-1/0/0,16 9 13 9,10,16/9 17/9 18/9,4/7 4/6 5/6 6/6,400,18/14,False
312,1,left,05/09/2025 19:00:00,15/9,-1/0/0,15 9 14 9,10,15/9 16/9 17/9,4/8 4/7 4/6 5/6,400,18/14,False
313,1,left,05/09/2025 19:00:00,14/9,-1/0/0,14 9 15 9,10,14/9 15/9 16/9,4/9 4/8 4/7 4/6,400,18/14,False
314,1,left,05/09/2025 19:00:01,13/9,-1/0/0,13 9 16 9,10,13/9 14/9 15/9,4/10 4/9 4/8 4/7,400,18/14,False
315,1,left,05/09/2025 19:00:01,12/9,-1/0/0,12 9 17 9,10,12/9 13/9 14/9,4/11 4/10 4/9 4/8,400,18/14,False
316,1,left,05/09/2025 19:00:01,11/9,-1/0/0,11 9 18 9,10,11/9 12/9 13/9,4/12 4/11 4/10 4/9,400,18/14,False
317,1,up,05/09/2025 19:00:01,10/9,-1/0/0,10 9 19 9,10,10/9 11/9 12/9,4/13 4/12 4/11 4/10,400,18/14,False
318,1,up,05/09/2025 19:00:01,10/8,0/0/1,10 8 19 10,10,10/8 10/9 11/9,4/14 4/13 4/12 4/11,400,18/14,False
319,1,up,05/09/2025 19:00:02,10/7,0/0/1,10 7 19 11,10,10/7 10/8 10/9,4/15 4/14 4/13 4/12,400,18/14,False
320,1,up,05/09/2025 19:00:02,10/6,0/0/1,10 6 19 12,10,10/6 10/7 10/8,5/15 4/15 4/14 4/13,400,18/14,False
321,1,up,05/09/2025 19:00:02,10/5,0/0/1,10 5 19 13,10,10/5 10/6 10/7,6/15 5/15 4/15 4/14,400,18/14,False
322,1,left,05/09/2025 19:00:02,10/4,0/0/1,10 4 19 14,10,10/4 10/5 10/6,7/15 6/15 5/15 4/15,400,18/14,False
323,1,left,05/09/2025 19:00:02,9/4,-1/0/0,9 4 20 14,10,9/4 10/4 10/5,8/15 7/15 6/15 5/15,400,18/14,False
324,1,left,05/09/2025 19:00:03,8/4,-1/0/0,8 4 21 14,10,8/4 9/4 10/4,9/15 8/15 7/15 6/15,400,18/14,False
325,1,left,05/09/2025 19:00:03,7/4,-1/0/0,7 4 22 14,10,7/4 8/4 9/4,10/15 9/15 8/15 7/15,400,18/14,False
326,1,left,05/09/2025 19:00:03,6/4,-1/0/0,6 4 23 14,10,6/4 7/4 8/4,11/15 10/15 9/15 8/15,400,18/14,False
327,1,down,05/09/2025 19:00:03,5/4,-1/0/0,5 4 24 14,10,5/4 6/4 7/4,12/15 11/15 10/15 9/15,400,18/14,False
328,1,down,05/09/2025 19:00:03,5/5,0/0/-1,5 5 24 13,10,5/5 5/4 6/4,13/15 12/15 11/15 10/15,400,18/14,False
329,1,down,05/09/2025 19:00:04,5/6,0/0/-1,5 6 24 12,10,5/6 5/5 5/4,14/15 13/15 12/15 11/15,400,18/14,False
330,1,down,05/09/2025 19:00:04,5/7,0/0/-1,5 7 24 11,10,5/7 5/6 5/5,15/15 14/15 13/15 12/15,400,18/14,False
331,1,down,05/09/2025 19:00:04,5/8,0/0/-1,5 8 24 10,10,5/8 5/7 5/6,16/15 15/15 14/15 13/15,400,18/14,False
332,1,down,05/09/2025 19:00:04,5/9,0/0/-1,5 9 24 9,10,5/9 5/8 5/7,17/15 16/15 15/15 14/15,400,18/14,False
333,1,down,05/09/2025 19:00:04,5/10,0/0/-1,5 10 24 8,10,5/10 5/9 5/8,18/15 17/15 16/15 15/15,400,18/14,False
334,1,down,05/09/2025 19:00:05,5/11,0/0/-1,5 11 24 7,10,5/11 5/10 5/9,18/14 18/15 17/15,400,23/3,False
335,1,down,05/09/2025 19:00:05,5/12,0/0/-1,5 12 24 6,10,5/12 5/11 5/10,18/13 18/14 18/15 17/15 16/15,400,23/3,False
336,1,down,05/09/2025 19:00:05,5/13,0/0/-1,5 13 24 5,10,5/13 5/12 5/11,18/12 18/13 18/14 18/15 17/15,400,23/3,False
337,1,right,05/09/2025 19:00:05,5/14,0/0/-1,5 14 24 4,10,5/14 5/13 5/12,18/11 18/12 18/13 18/14 18/15,400,23/3,False
338,1,right,05/09/2025 19:00:05,6/14,1/0/0,6 14 23 4,10,6/14 5/14 5/13,18/10 18/11 18/12 18/13 18/14,400,23/3,False
339,1,right,05/09/2025 19:00:06,7/14,1/0/0,7 14 22 4,10,7/14 6/14 5/14,18/9 18/10 18/11 18/12 18/13,400,23/3,False
340,1,right,05/09/2025 19:00:06,8/14,1/0/0,8 14 21 4,10,8/14 7/14 6/14,18/8 18/9 18/10 18/11 18/12,400,23/3,False
341,1,right,05/09/2025 19:00:06,9/14,1/0/0,9 14 20 4,10,9/14 8/14 7/14,18/7 18/8 18/9 18/10 18/11,400,23/3,False
342,1,right,05/09/2025 19:00:06,10/14,1/0/0,10 14 19 4,10,10/14 9/14 8/14,18/6 18/7 18/8 18/9 18/10,400,23/3,False
343,1,right,05/09/2025 19:00:06,11/14,1/0/0,11 14 18 4,10,11/14 10/14 9/14,18/5 18/6 18/7 18/8 18/9,400,23/3,False
344,1,right,05/09/2025 19:00:07,12/14,1/0/0,12 14 17 4,10,12/14 11/14 10/14,18/4 18/5 18/6 18/7 18/8,400,23/3,False
345,1,right,05/09/2025 19:00:07,13/14,1/0/0,13 14 16 4,10,13/14 12/14 11/14,18/3 18/4 18/5 18/6 18/7,400,23/3,False
346,1,right,05/09/2025 19:00:07,14/14,1/0/0,14 14 15 4,10,14/14 13/14 12/14,19/3 18/3 18/4 18/5 18/6,400,23/3,False
347,1,right,05/09/2025 19:00:07,15/14,1/0/0,15 14 14 4,10,15/14 14/14 13/14,20/3 19/3 18/3 18/4 18/5,400,23/3,False
348,1,right,05/09/2025 19:00:07,16/14,1/0/0,16 14 13 4,10,16/14 15/14 14/14,21/3 20/3 19/3 18/3 18/4,400,23/3,False
349,1,right,05/09/2025 19:00:08,17/14,1/0/0,17 14 12 4,10,17/14 16/14 15/14,22/3 21/3 20/3 19/3 18/3,400,23/3,False
350,1,right,05/09/2025 19:00:08,18/14,1/0/0,18 14 11 4,10,18/14 17/14 16/14,23/3 22/3 21/3 20/3,400,21/1,False
351,1,right,05/09/2025 19:00:08,19/14,1/0/0,19 14 10 4,10,19/14 18/14 17/14,23/4 23/3 22/3 21/3 20/3 19/3,400,21/1,False
352,1,right,05/09/2025 19:00:08,20/14,1/0/0,20 14 9 4,10,20/14 19/14 18/14,23/5 23/4 23/3 22/3 21/3 20/3,400,21/1,False
353,1,right,05/09/2025 19:00:08,21/14,1/0/0,21 14 8 4,10,21/14 20/14 19/14,23/6 23/5 23/4 23/3 22/3 21/3,400,21/1,False
354,1,right,05/09/2025 19:00:09,22/14,1/0/0,22 14 7 4,10,22/14 21/14 20/14,22/6 23/6 23/5 23/4 23/3 22/3,400,21/1,False
355,1,right,05/09/2025 19:00:09,23/14,1/0/0,23 14 6 4,10,23/14 22/14 21/14,21/6 22/6 23/6 23/5 23/4 23/3,400,21/1,False
356,1,right,05/09/2025 19:00:09,24/14,1/0/0,24 14 5 4,10,24/14 23/14 22/14,20/6 21/6 22/6 23/6 23/5 23/4,400,21/1,False
357,1,up,05/09/2025 19:00:09,25/14,1/0/0,25 14 4 4,10,25/14 24/14 23/14,19/6 20/6 21/6 22/6 23/6 23/5,400,21/1,False
358,1,up,05/09/2025 19:00:09,25/13,0/0/1,25 13 4 5,10,25/13 25/14 24/14,18/6 19/6 20/6 21/6 22/6 23/6,400,21/1,False
359,1,up,05/09/2025 19:00:10,25/12,0/0/1,25 12 4 6,10,25/12 25/13 25/14,17/6 18/6 19/6 20/6 21/6 22/6,400,21/1,False
360,1,left,05/09/2025 19:00:10,25/11,0/0/1,25 11 4 7,10,25/11 25/12 25/13,16/6 17/6 18/6 19/6 20/6 21/6,400,21/1,False
361,1,left,05/09/2025 19:00:10,24/11,-1/0/0,24 11 5 7,10,24/11 25/11 25/12,15/6 16/6 17/6 18/6 19/6 20/6,400,21/1,False
362,1,left,05/09/2025 19:00:10,23/11,-1/0/0,23 11 6 7,10,23/11 24/11 25/11,15/5 15/6 16/6 17/6 18/6 19/6,400,21/1,False
363,1,left,05/09/2025 19:00:10,22/11,-1/0/0,22 11 7 7,10,22/11 23/11 24/11,15/4 15/5 15/6 16/6 17/6 18/6,400,21/1,False
364,1,left,05/09/2025 19:00:11,21/11,-1/0/0,21 11 8 7,10,21/11 22/11 23/11,15/3 15/4 15/5 15/6 16/6 17/6,400,21/1,False
365,1,left,05/09/2025 19:00:11,20/11,-1/0/0,20 11 9 7,10,20/11 21/11 22/11,15/2 15/3 15/4 15/5 15/6 16/6,400,21/1,False
366,1,left,05/09/2025 19:00:11,19/11,-1/0/0,19 11 10 7,10,19/11 20/11 21/11,16/2 15/2 15/3 15/4 15/5 15/6,400,21/1,False
367,1,left,05/09/2025 19:00:11,18/11,-1/0/0,18 11 11 7,10,18/11 19/11 20/11,17/2 16/2 15/2 15/3 15/4 15/5,400,21/1,False
368,1,left,05/09/2025 19:00:11,17/11,-1/0/0,17 11 12 7,10,17/11 18/11 19/11,18/2 17/2 16/2 15/2 15/3 15/4,400,21/1,False
369,1,left,05/09/2025 19:00:12,16/11,-1/0/0,16 11 13 7,10,16/11 17/11 18/11,19/2 18/2 17/2 16/2 15/2 15/3,400,21/1,False
370,1,left,05/09/2025 19:00:12,15/11,-1/0/0,15 11 14 7,10,15/11 16/11 17/11,19/1 19/2 18/2 17/2 16/2 15/2,400,21/1,False
371,1,left,05/09/2025 19:00:12,14/11,-1/0/0,14 11 15 7,10,14/11 15/11 16/11,20/1 19/1 19/2 18/2 17/2 16/2,400,21/1,False
372,1,left,05/09/2025 19:00:12,13/11,-1/0/0,13 11 16 7,10,13/11 14/11 15/11,21/1 20/1 19/1 19/2 18/2,400,1/16,False
373,1,left,05/09/2025 19:00:12,12/11,-1/0/0,12 11 17 7,10,12/11 13/11 14/11,22/1 21/1 20/1 19/1 19/2 18/2 17/2,400,1/16,False
374,1,left,05/09/2025 19:00:13,11/11,-1/0/0,11 11 18 7,10,11/11 12/11 13/11,22/2 22/1 21/1 20/1 19/1 19/2 18/2,400,1/16,False
375,1,left,05/09/2025 19:00:13,10/11,-1/0/0,10 11 19 7,10,10/11 11/11 12/11,22/3 22/2 22/1 21/1 20/1 19/1 19/2,400,1/16,False
376,1,left,05/09/2025 19:00:13,9/11,-1/0/0,9 11 20 7,10,9/11 10/11 11/11,22/4 22/3 22/2 22/1 21/1 20/1 19/1,400,1/16,False
377,1,left,05/09/2025 19:00:13,8/11,-1/0/0,8 11 21 7,10,8/11 9/11 10/11,22/5 22/4 22/3 22/2 22/1 21/1 20/1,400,1/16,False
378,1,up,05/09/2025 19:00:13,7/11,-1/0/0,7 11 22 7,10,7/11 8/11 9/11,22/6 22/5 22/4 22/3 22/2 22/1 21/1,400,1/16,False
379,1,up,05/09/2025 19:00:14,7/10,0/0/1,7 10 22 8,10,7/10 7/11 8/11,22/7 22/6 22/5 22/4 22/3 22/2 22/1,400,1/16,False
380,1,up,05/09/2025 19:00:14,7/9,0/0/1,7 9 22 9,10,7/9 7/10 7/11,22/8 22/7 22/6 22/5 22/4 22/3 22/2,400,1/16,False
381,1,right,05/09/2025 19:00:14,7/8,0/0/1,7 8 22 10,10,7/8 7/9 7/10,22/9 22/8 22/7 22/6 22/5 22/4 22/3,400,1/16,False
382,1,right,05/09/2025 19:00:14,8/8,1/0/0,8 8 21 10,10,8/8 7/8 7/9,22/10 22/9 22/8 22/7 22/6 22/5 22/4,400,1/16,False
383,1,right,05/09/2025 19:00:14,9/8,1/0/0,9 8 20 10,10,9/8 8/8 7/8,22/11 22/10 22/9 22/8 22/7 22/6 22/5,400,1/16,False
384,1,right,05/09/2025 19:00:15,10/8,1/0/0,10 8 19 10,10,10/8 9/8 8/8,22/12 22/11 22/10 22/9 22/8 22/7 22/6,400,1/16,False
385,1,right,05/09/2025 19:00:15,11/8,1/0/0,11 8 18 10,10,11/8 10/8 9/8,22/13 22/12 22/11 22/10 22/9 22/8 22/7,400,1/16,False
386,1,right,05/09/2025 19:00:15,12/8,1/0/0,12 8 17 10,10,12/8 11/8 10/8,21/13 22/13 22/12 22/11 22/10 22/9 22/8,400,1/16,False
387,1,right,05/09/2025 19:00:15,13/8,1/0/0,13 8 16 10,10,13/8 12/8 11/8,20/13 21/13 22/13 22/12 22/11 22/10 22/9,400,1/16,False
388,1,right,05/09/2025 19:00:15,14/8,1/0/0,14 8 15 10,10,14/8 13/8 12/8,19/13 20/13 21/13 22/13 22/12 22/11 22/10,400,1/16,False
389,1,right,05/09/2025 19:00:16,15/8,1/0/0,15 8 14 10,10,15/8 14/8 13/8,18/13 19/13 20/13 21/13 22/13 22/12 22/11,400,1/16,False
390,1,right,05/09/2025 19:00:16,16/8,1/0/0,16 8 13 10,10,16/8 15/8 14/8,17/13 18/13 19/13 20/13 21/13 22/13 22/12,400,1/16,False
391,1,right,05/09/2025 19:00:16,17/8,1/0/0,17 8 12 10,10,17/8 16/8 15/8,17/14 17/13 18/13 19/13 20/13 21/13 22/13,400,1/16,False
392,1,right,05/09/2025 19:00:16,18/8,1/0/0,18 8 11 10,10,18/8 17/8 16/8,17/15 17/14 17/13 18/13 19/13 20/13 21/13,400,1/16,False
393,1,right,05/09/2025 19:00:16,19/8,1/0/0,19 8 10 10,10,19/8 18/8 17/8,16/15 17/15 17/14 17/13 18/13 19/13 20/13,400,1/16,False
394,1,right,05/09/2025 19:00:17,20/8,1/0/0,20 8 9 10,10,20/8 19/8 18/8,15/15 16/15 17/15 17/14 17/13 18/13 19/13,400,1/16,False
395,1,right,05/09/2025 19:00:17,21/8,1/0/0,21 8 8 10,10,21/8 20/8 19/8,14/15 15/15 16/15 17/15 17/14 17/13 18/13,400,1/16,False
396,1,right,05/09/2025 19:00:17,22/8,1/0/0,22 8 7 10,10,22/8 21/8 20/8,13/15 14/15 15/15 16/15 17/15 17/14 17/13,400,1/16,False
397,1,right,05/09/2025 19:00:17,23/8,1/0/0,23 8 6 10,10,23/8 22/8 21/8,12/15 13/15 14/15 15/15 16/15 17/15 17/14,400,1/16,False
398,1,up,05/09/2025 19:00:17,24/8,1/0/0,24 8 5 10,10,24/8 23/8 22/8,11/15 12/15 13/15 14/15 15/15 16/15 17/15,400,1/16,False
399,1,up,05/09/2025 19:00:18,24/7,0/0/1,24 7 5 11,10,24/7 24/8 23/8,10/15 11/15 12/15 13/15 14/15 15/15 16/15,400,1/16,False
400,1,left,05/09/2025 19:00:18,24/6,0/0/1,24 6 5 12,10,24/6 24/7 24/8,9/15 10/15 11/15 12/15 13/15 14/15 15/15,400,1/16,False
401,1,left,05/09/2025 19:00:18,23/6,-1/0/0,23 6 6 12,10,23/6 24/6 24/7,8/15 9/15 10/15 11/15 12/15 13/15 14/15,400,1/16,False
402,1,left,05/09/2025 19:00:18,22/6,-1/0/0,22 6 7 12,10,22/6 23/6 24/6,7/15 8/15 9/15 10/15 11/15 12/15 13/15,400,1/16,False
403,1,left,05/09/2025 19:00:18,21/6,-1/0/0,21 6 8 12,10,21/6 22/6 23/6,7/16 7/15 8/15 9/15 10/15 11/15 12/15,400,1/16,False
404,1,left,05/09/2025 19:00:19,20/6,-1/0/0,20 6 9 12,10,20/6 21/6 22/6,7/17 7/16 7/15 8/15 9/15 10/15 11/15,400,1/16,False
405,1,left,05/09/2025 19:00:19,19/6,-1/0/0,19 6 10 12,10,19/6 20/6 21/6,6/17 7/17 7/16 7/15 8/15 9/15 10/15,400,1/16,False
406,1,left,05/09/2025 19:00:19,18/6,-1/0/0,18 6 11 12,10,18/6 19/6 20/6,5/17 6/17 7/17 7/16 7/15 8/15 9/15,400,1/16,False
407,1,left,05/09/2025 19:00:19,17/6,-1/0/0,17 6 12 12,10,17/6 18/6 19/6,4/17 5/17 6/17 7/17 7/16 7/15 8/15,400,1/16,False
408,1,left,05/09/2025 19:00:19,16/6,-1/0/0,16 6 13 12,10,16/6 17/6 18/6,3/17 4/17 5/17 6/17 7/17 7/16 7/15,400,1/16,False
409,1,left,05/09/2025 19:00:20,15/6,-1/0/0,15 6 14 12,10,15/6 16/6 17/6,2/17 3/17 4/17 5/17 6/17 7/17 7/16,400,1/16,False
410,1,left,05/09/2025 19:00:20,14/6,-1/0/0,14 6 15 12,10,14/6 15/6 16/6,1/17 2/17 3/17 4/17 5/17 6/17 7/17,400,1/16,False
411,1,left,05/09/2025 19:00:20,13/6,-1/0/0,13 6 16 12,10,13/6 14/6 15/6,1/16 1/17 2/17 3/17 4/17 5/17,400,6/1,False
412,1,left,05/09/2025 19:00:20,12/6,-1/0/0,12 6 17 12,10,12/6 13/6 14/6,1/15 1/16 1/17 2/17 3/17 4/17 5/17 6/17,400,6/1,False
413,1,left,05/09/2025 19:00:20,11/6,-1/0/0,11 6 18 12,10,11/6 12/6 13/6,1/14 1/15 1/16 1/17 2/17 3/17 4/17 5/17,400,6/1,False
414,1,left,05/09/2025 19:00:21,10/6,-1/0/0,10 6 19 12,10,10/6 11/6 12/6,1/13 1/14 1/15 1/16 1/17 2/17 3/17 4/17,400,6/1,False
415,1,down,05/09/2025 19:00:21,9/6,-1/0/0,9 6 20 12,10,9/6 10/6 11/6,1/12 1/13 1/14 1/15 1/16 1/17 2/17 3/17,400,6/1,False
416,1,down,05/09/2025 19:00:21,9/7,0/0/-1,9 7 20 11,10,9/7 9/6 10/6,1/11 1/12 1/13 1/14 1/15 1/16 1/17 2/17,400,6/1,False
417,1,down,05/09/2025 19:00:21,9/8,0/0/-1,9 8 20 10,10,9/8 9/7 9/6,1/10 1/11 1/12 1/13 1/14 1/15 1/16 1/17,400,6/1,False
418,1,down,05/09/2025 19:00:21,9/9,0/0/-1,9 9 20 9,10,9/9 9/8 9/7,1/9 1/10 1/11 1/12 1/13 1/14 1/15 1/16,400,6/1,False
419,1,down,05/09/2025 19:00:22,9/10,0/0/-1,9 10 20 8,10,9/10 9/9 9/8,1/8 1/9 1/10 1/11 1/12 1/13 1/14 1/15,400,6/1,False
420,1,down,05/09/2025 19:00:22,9/11,0/0/-1,9 11 20 7,10,9/11 9/10 9/9,1/7 1/8 1/9 1/10 1/11 1/12 1/13 1/14,400,6/1,False
421,1,right,05/09/2025 19:00:22,9/12,0/0/-1,9 12 20 6,10,9/12 9/11 9/10,1/6 1/7 1/8 1/9 1/10 1/11 1/12 1/13,400,6/1,False
422,1,right,05/09/2025 19:00:22,10/12,1/0/0,10 12 19 6,10,10/12 9/12 9/11,1/5 1/6 1/7 1/8 1/9 1/10 1/11 1/12,400,6/1,False
423,1,right,05/09/2025 19:00:22,11/12,1/0/0,11 12 18 6,10,11/12 10/12 9/12,1/4 1/5 1/6 1/7 1/8 1/9 1/10 1/11,400,6/1,False
424,1,right,05/09/2025 19:00:23,12/12,1/0/0,12 12 17 6,10,12/12 11/12 10/12,1/3 1/4 1/5 1/6 1/7 1/8 1/9 1/10,400,6/1,False
425,1,right,05/09/2025 19:00:23,13/12,1/0/0,13 12 16 6,10,13/12 12/12 11/12,1/2 1/3 1/4 1/5 1/6 1/7 1/8 1/9,400,6/1,False
426,1,right,05/09/2025 19:00:23,14/12,1/0/0,14 12 15 6,10,14/12 13/12 12/12,1/1 1/2 1/3 1/4 1/5 1/6 1/7 1/8,400,6/1,False
427,1,right,05/09/2025 19:00:23,15/12,1/0/0,15 12 14 6,10,15/12 14/12 13/12,2/1 1/1 1/2 1/3 1/4 1/5 1/6 1/7,400,6/1,False
428,1,right,05/09/2025 19:00:23,16/12,1/0/0,16 12 13 6,10,16/12 15/12 14/12,3/1 2/1 1/1 1/2 1/3 1/4 1/5 1/6,400,6/1,False
429,1,right,05/09/2025 19:00:24,17/12,1/0/0,17 12 12 6,10,17/12 16/12 15/12,4/1 3/1 2/1 1/1 1/2 1/3 1/4 1/5,400,6/1,False
430,1,right,05/09/2025 19:00:24,18/12,1/0/0,18 12 11 6,10,18/12 17/12 16/12,5/1 4/1 3/1 2/1 1/1 1/2 1/3 1/4,400,6/1,False
431,1,right,05/09/2025 19:00:24,19/12,1/0/0,19 12 10 6,10,19/12 18/12 17/12,6/1 5/1 4/1 3/1 2/1 1/1 1/2,400,2/7,False
432,1,right,05/09/2025 19:00:24,20/12,1/0/0,20 12 9 6,10,20/12 19/12 18/12,7/1 6/1 5/1 4/1 3/1 2/1 1/1 1/2 1/3,400,2/7,False
433,1,right,05/09/2025 19:00:24,21/12,1/0/0,21 12 8 6,10,21/12 20/12 19/12,7/2 7/1 6/1 5/1 4/1 3/1 2/1 1/1 1/2,400,2/7,False
434,1,up,05/09/2025 19:00:25,22/12,1/0/0,22 12 7 6,10,22/12 21/12 20/12,7/3 7/2 7/1 6/1 5/1 4/1 3/1 2/1 1/1,400,2/7,False
435,1,up,05/09/2025 19:00:25,22/11,0/0/1,22 11 7 7,10,22/11 22/12 21/12,7/4 7/3 7/2 7/1 6/1 5/1 4/1 3/1 2/1,400,2/7,False
436,1,up,05/09/2025 19:00:25,22/10,0/0/1,22 10 7 8,10,22/10 22/11 22/12,7/5 7/4 7/3 7/2 7/1 6/1 5/1 4/1 3/1,400,2/7,False
437,1,left,05/09/2025 19:00:25,22/9,0/0/1,22 9 7 9,10,22/9 22/10 22/11,7/6 7/5 7/4 7/3 7/2 7/1 6/1 5/1 4/1,400,2/7,False
438,1,left,05/09/2025 19:00:25,21/9,-1/0/0,21 9 8 9,10,21/9 22/9 22/10,7/7 7/6 7/5 7/4 7/3 7/2 7/1 6/1 5/1,400,2/7,False
439,1,left,05/09/2025 19:00:26,20/9,-1/0/0,20 9 9 9,10,20/9 21/9 22/9,7/8 7/7 7/6 7/5 7/4 7/3 7/2 7/1 6/1,400,2/7,False
440,1,left,05/09/2025 19:00:26,19/9,-1/0/0,19 9 10 9,10,19/9 20/9 21/9,7/9 7/8 7/7 7/6 7/5 7/4 7/3 7/2 7/1,400,2/7,False
441,1,left,05/09/2025 19:00:26,18/9,-1/0/0,18 9 11 9,10,18/9 19/9 20/9,7/10 7/9 7/8 7/7 7/6 7/5 7/4 7/3 7/2,400,2/7,False
442,1,left,05/09/2025 19:00:26,17/9,-1/0/0,17 9 12 9,10,17/9 18/9 19/9,7/11 7/10 7/9 7/8 7/7 7/6 7/5 7/4 7/3,400,2/7,False
443,1,left,05/09/2025 19:00:26,16/9,-1/0/0,16 9 13 9,10,16/9 17/9 18/9,7/12 7/11 7/10 7/9 7/8 7/7 7/6 7/5 7/4,400,2/7,False
444,1,left,05/09/2025 19:00:27,15/9,-1/0/0,15 9 14 9,10,15/9 16/9 17/9,7/13 7/12 7/11 7/10 7/9 7/8 7/7 7/6 7/5,400,2/7,False
445,1,left,05/09/2025 19:00:27,14/9,-1/0/0,14 9 15 9,10,14/9 15/9 16/9,7/14 7/13 7/12 7/11 7/10 7/9 7/8 7/7 7/6,400,2/7,False
446,1,left,05/09/2025 19:00:27,13/9,-1/0/0,13 9 16 9,10,13/9 14/9 15/9,7/15 7/14 7/13 7/12 7/11 7/10 7/9 7/8 7/7,400,2/7,False
447,1,left,05/09/2025 19:00:27,12/9,-1/0/0,12 9 17 9,10,12/9 13/9 14/9,8/15 7/15 7/14 7/13 7/12 7/11 7/10 7/9 7/8,400,2/7,False
448,1,left,05/09/2025 19:00:27,11/9,-1/0/0,11 9 18 9,10,11/9 12/9 13/9,9/15 8/15 7/15 7/14 7/13 7/12 7/11 7/10 7/9,400,2/7,False
449,1,left,05/09/2025 19:00:28,10/9,-1/0/0,10 9 19 9,10,10/9 11/9 12/9,10/15 9/15 8/15 7/15 7/14 7/13 7/12 7/11 7/10,400,2/7,False
450,1,left,05/09/2025 19:00:28,9/9,-1/0/0,9 9 20 9,10,9/9 10/9 11/9,11/15 10/15 9/15 8/15 7/15 7/14 7/13 7/12 7/11,400,2/7,False
451,1,left,05/09/2025 19:00:28,8/9,-1/0/0,8 9 21 9,10,8/9 9/9 10/9,12/15 11/15 10/15 9/15 8/15 7/15 7/14 7/13 7/12,400,2/7,False
452,1,left,05/09/2025 19:00:28,7/9,-1/0/0,7 9 22 9,10,7/9 8/9 9/9,13/15 12/15 11/15 10/15 9/15 8/15 7/15 7/14 7/13,400,2/7,False
453,1,left,05/09/2025 19:00:28,6/9,-1/0/0,6 9 23 9,10,6/9 7/9 8/9,14/15 13/15 12/15 11/15 10/15 9/15 8/15 7/15 7/14,400,2/7,False
454,1,left,05/09/2025 19:00:29,5/9,-1/0/0,5 9 24 9,10,5/9 6/9 7/9,15/15 14/15 13/15 12/15 11/15 10/15 9/15 8/15 7/15,400,2/7,False
455,1,left,05/09/2025 19:00:29,4/9,-1/0/0,4 9 25 9,10,4/9 5/9 6/9,16/15 15/15 14/15 13/15 12/15 11/15 10/15 9/15 8/15,400,2/7,False
456,1,left,05/09/2025 19:00:29,3/9,-1/0/0,3 9 26 9,10,3/9 4/9 5/9,17/15 16/15 15/15 14/15 13/15 12/15 11/15 10/15 9/15,400,2/7,False
457,1,up,05/09/2025 19:00:29,2/9,-1/0/0,2 9 27 9,10,2/9 3/9 4/9,18/15 17/15 16/15 15/15 14/15 13/15 12/15 11/15 10/15,400,2/7,False
458,1,up,05/09/2025 19:00:29,2/8,0/0/1,2 8 27 10,10,2/8 2/9 3/9,19/15 18/15 17/15 16/15 15/15 14/15 13/15 12/15 11/15,400,2/7,False
459,1,up,05/09/2025 19:00:30,2/7,0/0/1,2 7 27 11,10,2/7 2/8,20/15 19/15 18/15 17/15 16/15 15/15 14/15 13/15 12/15,500,18/7,False
460,1,up,05/09/2025 19:00:30,2/6,0/0/1,2 6 27 12,10,2/6 2/7 2/8 2/9,21/15 20/15 19/15 18/15 17/15 16/15 15/15 14/15 13/15,500,18/7,False
461,1,right,05/09/2025 19:00:30,2/5,0/0/1,2 5 27 13,10,2/5 2/6 2/7 2/8,22/15 21/15 20/15 19/15 18/15 17/15 16/15 15/15 14/15,500,18/7,False
462,1,right,05/09/2025 19:00:30,3/5,1/0/0,3 5 26 13,10,3/5 2/5 2/6 2/7,23/15 22/15 21/15 20/15 19/15 18/15 17/15 16/15 15/15,500,18/7,False
463,1,right,05/09/2025 19:00:30,4/5,1/0/0,4 5 25 13,10,4/5 3/5 2/5 2/6,24/15 23/15 22/15 21/15 20/15 19/15 18/15 17/15 16/15,500,18/7,False
464,1,right,05/09/2025 19:00:31,5/5,1/0/0,5 5 24 13,10,5/5 4/5 3/5 2/5,25/15 24/15 23/15 22/15 21/15 20/15 19/15 18/15 17/15,500,18/7,False
465,1,right,05/09/2025 19:00:31,6/5,1/0/0,6 5 23 13,10,6/5 5/5 4/5 3/5,26/15 25/15 24/15 23/15 22/15 21/15 20/15 19/15 18/15,500,18/7,False
466,1,right,05/09/2025 19:00:31,7/5,1/0/0,7 5 22 13,10,7/5 6/5 5/5 4/5,26/14 26/15 25/15 24/15 23/15 22/15 21/15 20/15 19/15,500,18/7,False
467,1,right,05/09/2025 19:00:31,8/5,1/0/0,8 5 21 13,10,8/5 7/5 6/5 5/5,26/13 26/14 26/15 25/15 24/15 23/15 22/15 21/15 20/15,500,18/7,False
468,1,right,05/09/2025 19:00:31,9/5,1/0/0,9 5 20 13,10,9/5 8/5 7/5 6/5,26/12 26/13 26/14 26/15 25/15 24/15 23/15 22/15 21/15,500,18/7,False
469,1,right,05/09/2025 19:00:32,10/5,1/0/0,10 5 19 13,10,10/5 9/5 8/5 7/5,26/11 26/12 26/13 26/14 26/15 25/15 24/15 23/15 22/15,500,18/7,False
470,1,right,05/09/2025 19:00:32,11/5,1/0/0,11 5 18 13,10,11/5 10/5 9/5 8/5,26/10 26/11 26/12 26/13 26/14 26/15 25/15 24/15 23/15,500,18/7,False
471,1,right,05/09/2025 19:00:32,12/5,1/0/0,12 5 17 13,10,12/5 11/5 10/5 9/5,26/9 26/10 26/11 26/12 26/13 26/14 26/15 25/15 24/15,500,18/7,False
472,1,right,05/09/2025 19:00:32,13/5,1/0/0,13 5 16 13,10,13/5 12/5 11/5 10/5,26/8 26/9 26/10 26/11 26/12 26/13 26/14 26/15 25/15,500,18/7,False
473,1,right,05/09/2025 19:00:32,14/5,1/0/0,14 5 15 13,10,14/5 13/5 12/5 11/5,26/7 26/8 26/9 26/10 26/11 26/12 26/13 26/14 26/15,500,18/7,False
474,1,right,05/09/2025 19:00:33,15/5,1/0/0,15 5 14 13,10,15/5 14/5 13/5 12/5,26/6 26/7 26/8 26/9 26/10 26/11 26/12 26/13 26/14,500,18/7,False
475,1,right,05/09/2025 19:00:33,16/5,1/0/0,16 5 13 13,10,16/5 15/5 14/5 13/5,26/5 26/6 26/7 26/8 26/9 26/10 26/11 26/12 26/13,500,18/7,False
476,1,right,05/09/2025 19:00:33,17/5,1/0/0,17 5 12 13,10,17/5 16/5 15/5 14/5,26/4 26/5 26/6 26/7 26/8 26/9 26/10 26/11 26/12,500,18/7,False
477,1,right,05/09/2025 19:00:33,18/5,1/0/0,18 5 11 13,10,18/5 17/5 16/5 15/5,25/4 26/4 26/5 26/6 26/7 26/8 26/9 26/10 26/11,500,18/7,False
478,1,right,05/09/2025 19:00:34,19/5,1/0/0,19 5 10 13,10,19/5 18/5 17/5 16/5,24/4 25/4 26/4 26/5 26/6 26/7 26/8 26/9 26/10,500,18/7,False
479,1,right,05/09/2025 19:00:34,20/5,1/0/0,20 5 9 13,10,20/5 19/5 18/5 17/5,23/4 24/4 25/4 26/4 26/5 26/6 26/7 26/8 26/9,500,18/7,False
480,1,right,05/09/2025 19:00:34,21/5,1/0/0,21 5 8 13,10,21/5 20/5 19/5 18/5,22/4 23/4 24/4 25/4 26/4 26/5 26/6 26/7 26/8,500,18/7,False
481,1,right,05/09/2025 19:00:34,22/5,1/0/0,22 5 7 13,10,22/5 21/5 20/5 19/5,21/4 22/4 23/4 24/4 25/4 26/4 26/5 26/6 26/7,500,18/7,False
482,1,down,05/09/2025 19:00:34,23/5,1/0/0,23 5 6 13,10,23/5 22/5 21/5 20/5,20/4 21/4 22/4 23/4 24/4 25/4 26/4 26/5 26/6,500,18/7,False
483,1,down,05/09/2025 19:00:35,23/6,0/0/-1,23 6 6 12,10,23/6 23/5 22/5 21/5,19/4 20/4 21/4 22/4 23/4 24/4 25/4 26/4 26/5,500,18/7,False
484,1,down,05/09/2025 19:00:35,23/7,0/0/-1,23 7 6 11,10,23/7 23/6 23/5 22/5,18/4 19/4 20/4 21/4 22/4 23/4 24/4 25/4 26/4,500,18/7,False
485,1,left,05/09/2025 19:00:35,23/8,0/0/-1,23 8 6 10,10,23/8 23/7 23/6 23/5,17/4 18/4 19/4 20/4 21/4 22/4 23/4 24/4 25/4,500,18/7,False
486,1,left,05/09/2025 19:00:35,22/8,-1/0/0,22 8 7 10,10,22/8 23/8 23/7 23/6,16/4 17/4 18/4 19/4 20/4 21/4 22/4 23/4 24/4,500,18/7,False
487,1,left,05/09/2025 19:00:35,21/8,-1/0/0,21 8 8 10,10,21/8 22/8 23/8 23/7,15/4 16/4 17/4 18/4 19/4 20/4 21/4 22/4 23/4,500,18/7,False
488,1,left,05/09/2025 19:00:36,20/8,-1/0/0,20 8 9 10,10,20/8 21/8 22/8 23/8,14/4 15/4 16/4 17/4 18/4 19/4 20/4 21/4 22/4,500,18/7,False
489,1,left,05/09/2025 19:00:36,19/8,-1/0/0,19 8 10 10,10,19/8 20/8 21/8 22/8,13/4 14/4 15/4 16/4 17/4 18/4 19/4 20/4 21/4,500,18/7,False
490,1,up,05/09/2025 19:00:36,18/8,-1/0/0,18 8 11 10,10,18/8 19/8 20/8 21/8,12/4 13/4 14/4 15/4 16/4 17/4 18/4 19/4 20/4,500,18/7,False
491,1,up,05/09/2025 19:00:36,18/7,0/0/1,18 7 11 11,10,18/7 18/8 19/8,11/4 12/4 13/4 14/4 15/4 16/4 17/4 18/4 19/4,600,28/9,False
492,1,up,05/09/2025 19:00:36,18/6,0/0/1,18 6 11 12,10,18/6 18/7 18/8 19/8 20/8,10/4 11/4 12/4 13/4 14/4 15/4 16/4 17/4 18/4,600,28/9,False
493,1,right,05/09/2025 19:00:37,18/5,0/0/1,18 5 11 13,10,18/5 18/6 18/7 18/8 19/8,9/4 10/4 11/4 12/4 13/4 14/4 15/4 16/4 17/4,600,28/9,False
494,1,right,05/09/2025 19:00:37,19/5,1/0/0,19 5 10 13,10,19/5 18/5 18/6 18/7 18/8,8/4 9/4 10/4 11/4 12/4 13/4 14/4 15/4 16/4,600,28/9,False
495,1,right,05/09/2025 19:00:37,20/5,1/0/0,20 5 9 13,10,20/5 19/5 18/5 18/6 18/7,8/5 8/4 9/4 10/4 11/4 12/4 13/4 14/4 15/4,600,28/9,False
496,1,right,05/09/2025 19:00:37,21/5,1/0/0,21 5 8 13,10,21/5 20/5 19/5 18/5 18/6,8/6 8/5 8/4 9/4 10/4 11/4 12/4 13/4 14/4,600,28/9,False
497,1,up,05/09/2025 19:00:37,22/5,1/0/0,22 5 7 13,10,22/5 21/5 20/5 19/5 18/5,8/7 8/6 8/5 8/4 9/4 10/4 11/4 12/4 13/4,600,28/9,False
498,1,left,05/09/2025 19:00:38,22/4,0/0/1,22 4 7 14,10,22/4 22/5 21/5 20/5 19/5,8/8 8/7 8/6 8/5 8/4 9/4 10/4 11/4 12/4,600,28/9,False
499,1,left,05/09/2025 19:00:38,21/4,-1/0/0,21 4 8 14,10,21/4 22/4 22/5 21/5 20/5,8/9 8/8 8/7 8/6 8/5 8/4 9/4 10/4 11/4,600,28/9,False
500,1,left,05/09/2025 19:00:38,20/4,-1/0/0,20 4 9 14,10,20/4 21/4 22/4 22/5 21/5,9/9 8/9 8/8 8/7 8/6 8/5 8/4 9/4 10/4,600,28/9,False
501,1,left,05/09/2025 19:00:38,19/4,-1/0/0,19 4 10 14,10,19/4 20/4 21/4 22/4 22/5,10/9 9/9 8/9 8/8 8/7 8/6 8/5 8/4 9/4,600,28/9,False
502,1,left,05/09/2025 19:00:38,18/4,-1/0/0,18 4 11 14,10,18/4 19/4 20/4 21/4 22/4,11/9 10/9 9/9 8/9 8/8 8/7 8/6 8/5 8/4,600,28/9,False
503,1,left,05/09/2025 19:00:39,17/4,-1/0/0,17 4 12 14,10,17/4 18/4 19/4 20/4 21/4,12/9 11/9 10/9 9/9 8/9 8/8 8/7 8/6 8/5,600,28/9,False
504,1,left,05/09/2025 19:00:39,16/4,-1/0/0,16 4 13 14,10,16/4 17/4 18/4 19/4 20/4,13/9 12/9 11/9 10/9 9/9 8/9 8/8 8/7 8/6,600,28/9,False
505,1,left,05/09/2025 19:00:39,15/4,-1/0/0,15 4 14 14,10,15/4 16/4 17/4 18/4 19/4,14/9 13/9 12/9 11/9 10/9 9/9 8/9 8/8 8/7,600,28/9,False
506,1,left,05/09/2025 19:00:39,14/4,-1/0/0,14 4 15 14,10,14/4 15/4 16/4 17/4 18/4,15/9 14/9 13/9 12/9 11/9 10/9 9/9 8/9 8/8,600,28/9,False
507,1,left,05/09/2025 19:00:39,13/4,-1/0/0,13 4 16 14,10,13/4 14/4 15/4 16/4 17/4,16/9 15/9 14/9 13/9 12/9 11/9 10/9 9/9 8/9,600,28/9,False
508,1,left,05/09/2025 19:00:40,12/4,-1/0/0,12 4 17 14,10,12/4 13/4 14/4 15/4 16/4,17/9 16/9 15/9 14/9 13/9 12/9 11/9 10/9 9/9,600,28/9,False
509,1,left,05/09/2025 19:00:40,11/4,-1/0/0,11 4 18 14,10,11/4 12/4 13/4 14/4 15/4,18/9 17/9 16/9 15/9 14/9 13/9 12/9 11/9 10/9,600,28/9,False
510,1,left,05/09/2025 19:00:40,10/4,-1/0/0,10 4 19 14,10,10/4 11/4 12/4 13/4 14/4,19/9 18/9 17/9 16/9 15/9 14/9 13/9 12/9 11/9,600,28/9,False
511,1,left,05/09/2025 19:00:40,9/4,-1/0/0,9 4 20 14,10,9/4 10/4 11/4 12/4 13/4,20/9 19/9 18/9 17/9 16/9 15/9 14/9 13/9 12/9,600,28/9,False
512,1,down,05/09/2025 19:00:40,8/4,-1/0/0,8 4 21 14,10,8/4 9/4 10/4 11/4 12/4,21/9 20/9 19/9 18/9 17/9 16/9 15/9 14/9 13/9,600,28/9,False
513,1,down,05/09/2025 19:00:41,8/5,0/0/-1,8 5 21 13,10,8/5 8/4 9/4 10/4 11/4,22/9 21/9 20/9 19/9 18/9 17/9 16/9 15/9 14/9,600,28/9,False
514,1,down,05/09/2025 19:00:41,8/6,0/0/-1,8 6 21 12,10,8/6 8/5 8/4 9/4 10/4,23/9 22/9 21/9 20/9 19/9 18/9 17/9 16/9 15/9,600,28/9,False
515,1,down,05/09/2025 19:00:41,8/7,0/0/-1,8 7 21 11,10,8/7 8/6 8/5 8/4 9/4,24/9 23/9 22/9 21/9 20/9 19/9 18/9 17/9 16/9,600,28/9,False
516,1,down,05/09/2025 19:00:41,8/8,0/0/-1,8 8 21 10,10,8/8 8/7 8/6 8/5 8/4,25/9 24/9 23/9 22/9 21/9 20/9 19/9 18/9 17/9,600,28/9,False
517,1,down,05/09/2025 19:00:41,8/9,0/0/-1,8 9 21 9,10,8/9 8/8 8/7 8/6 8/5,26/9 25/9 24/9 23/9 22/9 21/9 20/9 19/9 18/9,600,28/9,False
518,1,down,05/09/2025 19:00:42,8/10,0/0/-1,8 10 21 8,10,8/10 8/9 8/8 8/7 8/6,27/9 26/9 25/9 24/9 23/9 22/9 21/9 20/9 19/9,600,28/9,False
519,1,down,05/09/2025 19:00:42,8/11,0/0/-1,8 11 21 7,10,8/11 8/10 8/9 8/8 8/7,28/9 27/9 26/9 25/9 24/9 23/9 22/9 21/9,600,9/17,False
520,1,down,05/09/2025 19:00:42,8/12,0/0/-1,8 12 21 6,10,8/12 8/11 8/10 8/9 8/8,28/10 28/9 27/9 26/9 25/9 24/9 23/9 22/9 21/9 20/9,600,9/17,False
521,1,down,05/09/2025 19:00:42,8/13,0/0/-1,8 13 21 5,10,8/13 8/12 8/11 8/10 8/9,28/11 28/10 28/9 27/9 26/9 25/9 24/9 23/9 22/9 21/9,600,9/17,False
522,1,down,05/09/2025 19:00:42,8/14,0/0/-1,8 14 21 4,10,8/14 8/13 8/12 8/11 8/10,28/12 28/11 28/10 28/9 27/9 26/9 25/9 24/9 23/9 22/9,600,9/17,False
523,1,down,05/09/2025 19:00:43,8/15,0/0/-1,8 15 21 3,10,8/15 8/14 8/13 8/12 8/11,28/13 28/12 28/11 28/10 28/9 27/9 26/9 25/9 24/9 23/9,600,9/17,False
524,1,right,05/09/2025 19:00:43,8/16,0/0/-1,8 16 21 2,10,8/16 8/15 8/14 8/13 8/12,28/14 28/13 28/12 28/11 28/10 28/9 27/9 26/9 25/9 24/9,600,9/17,False
525,1,right,05/09/2025 19:00:43,9/16,1/0/0,9 16 20 2,10,9/16 8/16 8/15 8/14 8/13,28/15 28/14 28/13 28/12 28/11 28/10 28/9 27/9 26/9 25/9,600,9/17,False
526,1,right,05/09/2025 19:00:43,10/16,1/0/0,10 16 19 2,10,10/16 9/16 8/16 8/15 8/14,28/16 28/15 28/14 28/13 28/12 28/11 28/10 28/9 27/9 26/9,600,9/17,False
527,1,right,05/09/2025 19:00:43,11/16,1/0/0,11 16 18 2,10,11/16 10/16 9/16 8/16 8/15,28/17 28/16 28/15 28/14 28/13 28/12 28/11 28/10 28/9 27/9,600,9/17,False
528,1,right,05/09/2025 19:00:44,12/16,1/0/0,12 16 17 2,10,12/16 11/16 10/16 9/16 8/16,27/17 28/17 28/16 28/15 28/14 28/13 28/12 28/11 28/10 28/9,600,9/17,False
529,1,right,05/09/2025 19:00:44,13/16,1/0/0,13 16 16 2,10,13/16 12/16 11/16 10/16 9/16,26/17 27/17 28/17 28/16 28/15 28/14 28/13 28/12 28/11 28/10,600,9/17,False
530,1,right,05/09/2025 19:00:44,14/16,1/0/0,14 16 15 2,10,14/16 13/16 12/16 11/16 10/16,25/17 26/17 27/17 28/17 28/16 28/15 28/14 28/13 28/12 28/11,600,9/17,False
531,1,right,05/09/2025 19:00:44,15/16,1/0/0,15 16 14 2,10,15/16 14/16 13/16 12/16 11/16,24/17 25/17 26/17 27/17 28/17 28/16 28/15 28/14 28/13 28/12,600,9/17,False
532,1,right,05/09/2025 19:00:44,16/16,1/0/0,16 16 13 2,10,16/16 15/16 14/16 13/16 12/16,23/17 24/17 25/17 26/17 27/17 28/17 28/16 28/15 28/14 28/13,600,9/17,False
533,1,right,05/09/2025 19:00:45,17/16,1/0/0,17 16 12 2,10,17/16 16/16 15/16 14/16 13/16,22/17 23/17 24/17 25/17 26/17 27/17 28/17 28/16 28/15 28/14,600,9/17,False
534,1,right,05/09/2025 19:00:45,18/16,1/0/0,18 16 11 2,10,18/16 17/16 16/16 15/16 14/16,21/17 22/17 23/17 24/17 25/17 26/17 27/17 28/17 28/16 28/15,600,9/17,False
535,1,right,05/09/2025 19:00:45,19/16,1/0/0,19 16 10 2,10,19/16 18/16 17/16 16/16 15/16,20/17 21/17 22/17 23/17 24/17 25/17 26/17 27/17 28/17 28/16,600,9/17,False
536,1,right,05/09/2025 19:00:45,20/16,1/0/0,20 16 9 2,10,20/16 19/16 18/16 17/16 16/16,19/17 20/17 21/17 22/17 23/17 24/17 25/17 26/17 27/17 28/17,600,9/17,False
537,1,right,05/09/2025 19:00:45,21/16,1/0/0,21 16 8 2,10,21/16 20/16 19/16 18/16 17/16,18/17 19/17 20/17 21/17 22/17 23/17 24/17 25/17 26/17 27/17,600,9/17,False
538,1,right,05/09/2025 19:00:46,22/16,1/0/0,22 16 7 2,10,22/16 21/16 20/16 19/16 18/16,17/17 18/17 19/17 20/17 21/17 22/17 23/17 24/17 25/17 26/17,600,9/17,False
539,1,right,05/09/2025 19:00:46,23/16,1/0/0,23 16 6 2,10,23/16 22/16 21/16 20/16 19/16,16/17 17/17 18/17 19/17 20/17 21/17 22/17 23/17 24/17 25/17,600,9/17,False
540,1,up,05/09/2025 19:00:46,24/16,1/0/0,24 16 5 2,10,24/16 23/16 22/16 21/16 20/16,15/17 16/17 17/17 18/17 19/17 20/17 21/17 22/17 23/17 24/17,600,9/17,False
541,1,up,05/09/2025 19:00:46,24/15,0/0/1,24 15 5 3,10,24/15 24/16 23/16 22/16 21/16,14/17 15/17 16/17 17/17 18/17 19/17 20/17 21/17 22/17 23/17,600,9/17,False
542,1,up,05/09/2025 19:00:46,24/14,0/0/1,24 14 5 4,10,24/14 24/15 24/16 23/16 22/16,13/17 14/17 15/17 16/17 17/17 18/17 19/17 20/17 21/17 22/17,600,9/17,False
543,1,up,05/09/2025 19:00:47,24/13,0/0/1,24 13 5 5,10,24/13 24/14 24/15 24/16 23/16,12/17 13/17 14/17 15/17 16/17 17/17 18/17 19/17 20/17 21/17,600,9/17,False
544,1,up,05/09/2025 19:00:47,24/12,0/0/1,24 12 5 6,10,24/12 24/13 24/14 24/15 24/16,11/17 12/17 13/17 14/17 15/17 16/17 17/17 18/17 19/17 20/17,600,9/17,False
545,1,up,05/09/2025 19:00:47,24/11,0/0/1,24 11 5 7,10,24/11 24/12 24/13 24/14 24/15,10/17 11/17 12/17 13/17 14/17 15/17 16/17 17/17 18/17 19/17,600,9/17,False
546,1,up,05/09/2025 19:00:47,24/10,0/0/1,24 10 5 8,10,24/10 24/11 24/12 24/13 24/14,9/17 10/17 11/17 12/17 13/17 14/17 15/17 16/17 17/17,600,13/2,False
547,1,up,05/09/2025 19:00:47,24/9,0/0/1,24 9 5 9,10,24/9 24/10 24/11 24/12 24/13,9/16 9/17 10/17 11/17 12/17 13/17 14/17 15/17 16/17 17/17 18/17,600,13/2,False
548,1,up,05/09/2025 19:00:48,24/8,0/0/1,24 8 5 10,10,24/8 24/9 24/10 24/11 24/12,9/15 9/16 9/17 10/17 11/17 12/17 13/17 14/17 15/17 16/17 17/17,600,13/2,False
549,1,up,05/09/2025 19:00:48,24/7,0/0/1,24 7 5 11,10,24/7 24/8 24/9 24/10 24/11,9/14 9/15 9/16 9/17 10/17 11/17 12/17 13/17 14/17 15/17 16/17,600,13/2,False
550,1,up,05/09/2025 19:00:48,24/6,0/0/1,24 6 5 12,10,24/6 24/7 24/8 24/9 24/10,9/13 9/14 9/15 9/16 9/17 10/17 11/17 12/17 13/17 14/17 15/17,600,13/2,False
551,1,up,05/09/2025 19:00:48,24/5,0/0/1,24 5 5 13,10,24/5 24/6 24/7 24/8 24/9,9/12 9/13 9/14 9/15 9/16 9/17 10/17 11/17 12/17 13/17 14/17,600,13/2,False
552,1,left,05/09/2025 19:00:48,24/4,0/0/1,24 4 5 14,10,24/4 24/5 24/6 24/7 24/8,9/11 9/12 9/13 9/14 9/15 9/16 9/17 10/17 11/17 12/17 13/17,600,13/2,False
553,1,left,05/09/2025 19:00:49,23/4,-1/0/0,23 4 6 14,10,23/4 24/4 24/5 24/6 24/7,9/10 9/11 9/12 9/13 9/14 9/15 9/16 9/17 10/17 11/17 12/17,600,13/2,False
554,1,left,05/09/2025 19:00:49,22/4,-1/0/0,22 4 7 14,10,22/4 23/4 24/4 24/5 24/6,9/9 9/10 9/11 9/12 9/13 9/14 9/15 9/16 9/17 10/17 11/17,600,13/2,False
555,1,left,05/09/2025 19:00:49,21/4,-1/0/0,21 4 8 14,10,21/4 22/4 23/4 24/4 24/5,9/8 9/9 9/10 9/11 9/12 9/13 9/14 9/15 9/16 9/17 10/17,600,13/2,False
556,1,up,05/09/2025 19:00:49,20/4,-1/0/0,20 4 9 14,10,20/4 21/4 22/4 23/4 24/4,9/7 9/8 9/9 9/10 9/11 9/12 9/13 9/14 9/15 9/16 9/17,600,13/2,False
557,1,left,05/09/2025 19:00:49,20/3,0/0/1,20 3 9 15,10,20/3 20/4 21/4 22/4 23/4,9/6 9/7 9/8 9/9 9/10 9/11 9/12 9/13 9/14 9/15 9/16,600,13/2,False
558,1,left,05/09/2025 19:00:50,19/3,-1/0/0,19 3 10 15,10,19/3 20/3 20/4 21/4 22/4,9/5 9/6 9/7 9/8 9/9 9/10 9/11 9/12 9/13 9/14 9/15,600,13/2,False
559,1,left,05/09/2025 19:00:50,18/3,-1/0/0,18 3 11 15,10,18/3 19/3 20/3 20/4 21/4,9/4 9/5 9/6 9/7 9/8 9/9 9/10 9/11 9/12 9/13 9/14,600,13/2,False
560,1,up,05/09/2025 19:00:50,17/3,-1/0/0,17 3 12 15,10,17/3 18/3 19/3 20/3 20/4,9/3 9/4 9/5 9/6 9/7 9/8 9/9 9/10 9/11 9/12 9/13,600,13/2,False
561,1,left,05/09/2025 19:00:50,17/2,0/0/1,17 2 12 16,10,17/2 17/3 18/3 19/3 20/3,9/2 9/3 9/4 9/5 9/6 9/7 9/8 9/9 9/10 9/11 9/12,600,13/2,False
562,1,left,05/09/2025 19:00:50,16/2,-1/0/0,16 2 13 16,10,16/2 17/2 17/3 18/3 19/3,10/2 9/2 9/3 9/4 9/5 9/6 9/7 9/8 9/9 9/10 9/11,600,13/2,False
563,1,left,05/09/2025 19:00:51,15/2,-1/0/0,15 2 14 16,10,15/2 16/2 17/2 17/3 18/3,11/2 10/2 9/2 9/3 9/4 9/5 9/6 9/7 9/8 9/9 9/10,600,13/2,False
564,1,left,05/09/2025 19:00:51,14/2,-1/0/0,14 2 15 16,10,14/2 15/2 16/2 17/2 17/3,12/2 11/2 10/2 9/2 9/3 9/4 9/5 9/6 9/7 9/8 9/9,600,13/2,False
565,1,left,05/09/2025 19:00:51,13/2,-1/0/0,13 2 16 16,10,13/2 14/2 15/2 16/2,12/3 12/2 11/2 10/2 9/2 9/3 9/4 9/5 9/6 9/7,700,12/1,True
566,1,left,05/09/2025 19:03:48,0/0,-1/0/0,0 0 29 18,10,26/9 27/9 28/9,3/9 2/9 1/9,0,8/1,True
567,1,left,05/09/2025 19:03:48,25/9,-1/0/0,25 9 4 9,10,25/9 26/9 27/9,4/9 3/9 2/9,0,8/1,False
568,1,left,05/09/2025 19:03:48,24/9,-1/0/0,24 9 5 9,10,24/9 25/9 26/9,5/9 4/9 3/9,0,8/1,False
569,1,left,05/09/2025 19:03:49,23/9,-1/0/0,23 9 6 9,10,23/9 24/9 25/9,6/9 5/9 4/9,0,8/1,False
570,1,left,05/09/2025 19:03:49,22/9,-1/0/0,22 9 7 9,10,22/9 23/9 24/9,6/8 6/9 5/9,0,8/1,False
571,1,left,05/09/2025 19:03:49,21/9,-1/0/0,21 9 8 9,10,21/9 22/9 23/9,6/7 6/8 6/9,0,8/1,False
572,1,left,05/09/2025 19:03:49,20/9,-1/0/0,20 9 9 9,10,20/9 21/9 22/9,6/6 6/7 6/8,0,8/1,False
573,1,left,05/09/2025 19:03:49,19/9,-1/0/0,19 9 10 9,10,19/9 20/9 21/9,6/5 6/6 6/7,0,8/1,False
574,1,left,05/09/2025 19:03:50,18/9,-1/0/0,18 9 11 9,10,18/9 19/9 20/9,6/4 6/5 6/6,0,8/1,False
575,1,left,05/09/2025 19:03:50,17/9,-1/0/0,17 9 12 9,10,17/9 18/9 19/9,6/3 6/4 6/5,0,8/1,False
576,1,left,05/09/2025 19:03:50,16/9,-1/0/0,16 9 13 9,10,16/9 17/9 18/9,6/2 6/3 6/4,0,8/1,False
577,1,left,05/09/2025 19:03:50,15/9,-1/0/0,15 9 14 9,10,15/9 16/9 17/9,6/1 6/2 6/3,0,8/1,False
578,1,left,05/09/2025 19:03:50,14/9,-1/0/0,14 9 15 9,10,14/9 15/9 16/9,7/1 6/1 6/2,0,8/1,False
579,1,left,05/09/2025 19:03:51,13/9,-1/0/0,13 9 16 9,10,13/9 14/9 15/9,8/1 7/1,0,27/2,False
580,1,left,05/09/2025 19:03:51,12/9,-1/0/0,12 9 17 9,10,12/9 13/9 14/9,9/1 8/1 7/1 6/1,0,27/2,False
581,1,left,05/09/2025 19:03:51,11/9,-1/0/0,11 9 18 9,10,11/9 12/9 13/9,10/1 9/1 8/1 7/1,0,27/2,False
582,1,left,05/09/2025 19:03:51,10/9,-1/0/0,10 9 19 9,10,10/9 11/9 12/9,11/1 10/1 9/1 8/1,0,27/2,False
583,1,down,05/09/2025 19:03:51,9/9,-1/0/0,9 9 20 9,10,9/9 10/9 11/9,12/1 11/1 10/1 9/1,0,27/2,False
584,1,down,05/09/2025 19:03:52,9/10,0/0/-1,9 10 20 8,10,9/10 9/9 10/9,13/1 12/1 11/1 10/1,0,27/2,False
585,1,right,05/09/2025 19:03:52,9/11,0/0/-1,9 11 20 7,10,9/11 9/10 9/9,14/1 13/1 12/1 11/1,0,27/2,False
586,1,right,05/09/2025 19:03:52,10/11,1/0/0,10 11 19 7,10,10/11 9/11 9/10,15/1 14/1 13/1 12/1,0,27/2,False
587,1,right,05/09/2025 19:03:52,11/11,1/0/0,11 11 18 7,10,11/11 10/11 9/11,16/1 15/1 14/1 13/1,0,27/2,False
588,1,right,05/09/2025 19:03:52,12/11,1/0/0,12 11 17 7,10,12/11 11/11 10/11,17/1 16/1 15/1 14/1,0,27/2,False
589,1,up,05/09/2025 19:03:53,13/11,1/0/0,13 11 16 7,10,13/11 12/11 11/11,18/1 17/1 16/1 15/1,0,27/2,False
590,1,up,05/09/2025 19:03:53,13/10,0/0/1,13 10 16 8,10,13/10 13/11 12/11,19/1 18/1 17/1 16/1,0,27/2,False
591,1,up,05/09/2025 19:03:53,13/9,0/0/1,13 9 16 9,10,13/9 13/10 13/11,20/1 19/1 18/1 17/1,0,27/2,False
592,1,up,05/09/2025 19:03:53,13/8,0/0/1,13 8 16 10,10,13/8 13/9 13/10,21/1 20/1 19/1 18/1,0,27/2,False
593,1,left,05/09/2025 19:03:53,13/7,0/0/1,13 7 16 11,10,13/7 13/8 13/9,22/1 21/1 20/1 19/1,0,27/2,False
594,1,left,05/09/2025 19:03:54,12/7,-1/0/0,12 7 17 11,10,12/7 13/7 13/8,23/1 22/1 21/1 20/1,0,27/2,False
595,1,left,05/09/2025 19:03:54,11/7,-1/0/0,11 7 18 11,10,11/7 12/7 13/7,24/1 23/1 22/1 21/1,0,27/2,False
596,1,left,05/09/2025 19:03:54,10/7,-1/0/0,10 7 19 11,10,10/7 11/7 12/7,25/1 24/1 23/1 22/1,0,27/2,False
597,1,left,05/09/2025 19:03:54,9/7,-1/0/0,9 7 20 11,10,9/7 10/7 11/7,26/1 25/1 24/1 23/1,0,27/2,False
598,1,left,05/09/2025 19:03:54,8/7,-1/0/0,8 7 21 11,10,8/7 9/7 10/7,27/1 26/1 25/1 24/1,0,27/2,False
599,1,left,05/09/2025 19:03:55,7/7,-1/0/0,7 7 22 11,10,7/7 8/7 9/7,27/2 27/1 26/1,0,20/15,False
600,1,left,05/09/2025 19:03:55,6/7,-1/0/0,6 7 23 11,10,6/7 7/7 8/7,27/3 27/2 27/1 26/1 25/1,0,20/15,False
601,1,left,05/09/2025 19:03:55,5/7,-1/0/0,5 7 24 11,10,5/7 6/7 7/7,27/4 27/3 27/2 27/1 26/1,0,20/15,False
602,1,up,05/09/2025 19:03:55,4/7,-1/0/0,4 7 25 11,10,4/7 5/7 6/7,27/5 27/4 27/3 27/2 27/1,0,20/15,False
603,1,up,05/09/2025 19:03:55,4/6,0/0/1,4 6 25 12,10,4/6 4/7 5/7,27/6 27/5 27/4 27/3 27/2,0,20/15,False
604,1,right,05/09/2025 19:03:56,4/5,0/0/1,4 5 25 13,10,4/5 4/6 4/7,27/7 27/6 27/5 27/4 27/3,0,20/15,False
605,1,right,05/09/2025 19:03:56,5/5,1/0/0,5 5 24 13,10,5/5 4/5 4/6,27/8 27/7 27/6 27/5 27/4,0,20/15,False
606,1,right,05/09/2025 19:03:56,6/5,1/0/0,6 5 23 13,10,6/5 5/5 4/5,27/9 27/8 27/7 27/6 27/5,0,20/15,False
607,1,right,05/09/2025 19:03:56,7/5,1/0/0,7 5 22 13,10,7/5 6/5 5/5,27/10 27/9 27/8 27/7 27/6,0,20/15,False
608,1,right,05/09/2025 19:03:56,8/5,1/0/0,8 5 21 13,10,8/5 7/5 6/5,27/11 27/10 27/9 27/8 27/7,0,20/15,False
609,1,right,05/09/2025 19:03:57,9/5,1/0/0,9 5 20 13,10,9/5 8/5 7/5,27/12 27/11 27/10 27/9 27/8,0,20/15,False
610,1,right,05/09/2025 19:03:57,10/5,1/0/0,10 5 19 13,10,10/5 9/5 8/5,27/13 27/12 27/11 27/10 27/9,0,20/15,False
611,1,right,05/09/2025 19:03:57,11/5,1/0/0,11 5 18 13,10,11/5 10/5 9/5,27/14 27/13 27/12 27/11 27/10,0,20/15,False
612,1,right,05/09/2025 19:03:57,12/5,1/0/0,12 5 17 13,10,12/5 11/5 10/5,27/15 27/14 27/13 27/12 27/11,0,20/15,False
613,1,right,05/09/2025 19:03:57,13/5,1/0/0,13 5 16 13,10,13/5 12/5 11/5,26/15 27/15 27/14 27/13 27/12,0,20/15,False
614,1,right,05/09/2025 19:03:58,14/5,1/0/0,14 5 15 13,10,14/5 13/5 12/5,25/15 26/15 27/15 27/14 27/13,0,20/15,False
615,1,right,05/09/2025 19:03:58,15/5,1/0/0,15 5 14 13,10,15/5 14/5 13/5,24/15 25/15 26/15 27/15 27/14,0,20/15,False
616,1,right,05/09/2025 19:03:58,16/5,1/0/0,16 5 13 13,10,16/5 15/5 14/5,23/15 24/15 25/15 26/15 27/15,0,20/15,False
617,1,right,05/09/2025 19:03:58,17/5,1/0/0,17 5 12 13,10,17/5 16/5 15/5,22/15 23/15 24/15 25/15 26/15,0,20/15,False
618,1,right,05/09/2025 19:03:58,18/5,1/0/0,18 5 11 13,10,18/5 17/5 16/5,21/15 22/15 23/15 24/15 25/15,0,20/15,False
619,1,right,05/09/2025 19:03:59,19/5,1/0/0,19 5 10 13,10,19/5 18/5 17/5,20/15 21/15 22/15 23/15,0,4/14,False
620,1,right,05/09/2025 19:03:59,20/5,1/0/0,20 5 9 13,10,20/5 19/5 18/5,19/15 20/15 21/15 22/15 23/15 24/15,0,4/14,False
621,1,right,05/09/2025 19:03:59,21/5,1/0/0,21 5 8 13,10,21/5 20/5 19/5,18/15 19/15 20/15 21/15 22/15 23/15,0,4/14,False
622,1,right,05/09/2025 19:03:59,22/5,1/0/0,22 5 7 13,10,22/5 21/5 20/5,17/15 18/15 19/15 20/15 21/15 22/15,0,4/14,False
623,1,right,05/09/2025 19:03:59,23/5,1/0/0,23 5 6 13,10,23/5 22/5 21/5,16/15 17/15 18/15 19/15 20/15 21/15,0,4/14,False
624,1,down,05/09/2025 19:04:00,24/5,1/0/0,24 5 5 13,10,24/5 23/5 22/5,15/15 16/15 17/15 18/15 19/15 20/15,0,4/14,False
625,1,down,05/09/2025 19:04:00,24/6,0/0/-1,24 6 5 12,10,24/6 24/5 23/5,14/15 15/15 16/15 17/15 18/15 19/15,0,4/14,False
626,1,down,05/09/2025 19:04:00,24/7,0/0/-1,24 7 5 11,10,24/7 24/6 24/5,13/15 14/15 15/15 16/15 17/15 18/15,0,4/14,False
627,1,down,05/09/2025 19:04:00,24/8,0/0/-1,24 8 5 10,10,24/8 24/7 24/6,12/15 13/15 14/15 15/15 16/15 17/15,0,4/14,False
628,1,down,05/09/2025 19:04:00,24/9,0/0/-1,24 9 5 9,10,24/9 24/8 24/7,11/15 12/15 13/15 14/15 15/15 16/15,0,4/14,False
629,1,down,05/09/2025 19:04:01,24/10,0/0/-1,24 10 5 8,10,24/10 24/9 24/8,10/15 11/15 12/15 13/15 14/15 15/15,0,4/14,False
630,1,down,05/09/2025 19:04:01,24/11,0/0/-1,24 11 5 7,10,24/11 24/10 24/9,9/15 10/15 11/15 12/15 13/15 14/15,0,4/14,False
631,1,down,05/09/2025 19:04:01,24/12,0/0/-1,24 12 5 6,10,24/12 24/11 24/10,8/15 9/15 10/15 11/15 12/15 13/15,0,4/14,False
632,1,down,05/09/2025 19:04:01,24/13,0/0/-1,24 13 5 5,10,24/13 24/12 24/11,7/15 8/15 9/15 10/15 11/15 12/15,0,4/14,False
633,1,down,05/09/2025 19:04:02,24/14,0/0/-1,24 14 5 4,10,24/14 24/13 24/12,6/15 7/15 8/15 9/15 10/15 11/15,0,4/14,False
634,1,left,05/09/2025 19:04:02,24/15,0/0/-1,24 15 5 3,10,24/15 24/14 24/13,5/15 6/15 7/15 8/15 9/15 10/15,0,4/14,False
635,1,left,05/09/2025 19:04:02,23/15,-1/0/0,23 15 6 3,10,23/15 24/15 24/14,4/15 5/15 6/15 7/15 8/15 9/15,0,4/14,False
636,1,left,05/09/2025 19:04:02,22/15,-1/0/0,22 15 7 3,10,22/15 23/15 24/15,3/15 4/15 5/15 6/15 7/15 8/15,0,4/14,False
637,1,left,05/09/2025 19:04:02,21/15,-1/0/0,21 15 8 3,10,21/15 22/15 23/15,3/14 3/15 4/15 5/15 6/15 7/15,0,4/14,False
638,1,left,05/09/2025 19:04:03,20/15,-1/0/0,20 15 9 3,10,20/15 21/15 22/15,3/13 3/14 3/15 4/15 5/15 6/15,0,4/14,False
639,1,left,05/09/2025 19:04:03,19/15,-1/0/0,19 15 10 3,10,19/15 20/15 21/15,4/13 3/13 3/14 3/15 4/15 5/15,0,4/14,False
640,1,left,05/09/2025 19:04:03,18/15,-1/0/0,18 15 11 3,10,18/15 19/15 20/15,5/13 4/13 3/13 3/14 3/15 4/15,0,4/14,False
641,1,left,05/09/2025 19:04:03,17/15,-1/0/0,17 15 12 3,10,17/15 18/15 19/15,6/13 5/13 4/13 3/13 3/14 3/15,0,4/14,False
642,1,left,05/09/2025 19:04:03,16/15,-1/0/0,16 15 13 3,10,16/15 17/15 18/15,7/13 6/13 5/13 4/13 3/13 3/14,0,4/14,False
643,1,left,05/09/2025 19:04:04,15/15,-1/0/0,15 15 14 3,10,15/15 16/15 17/15,7/14 7/13 6/13 5/13 4/13 3/13,0,4/14,False
644,1,left,05/09/2025 19:04:04,14/15,-1/0/0,14 15 15 3,10,14/15 15/15 16/15,7/15 7/14 7/13 6/13 5/13 4/13,0,4/14,False
645,1,left,05/09/2025 19:04:04,13/15,-1/0/0,13 15 16 3,10,13/15 14/15 15/15,7/16 7/15 7/14 7/13 6/13 5/13,0,4/14,False
646,1,up,05/09/2025 19:04:04,12/15,-1/0/0,12 15 17 3,10,12/15 13/15 14/15,7/17 7/16 7/15 7/14 7/13 6/13,0,4/14,False
647,1,left,05/09/2025 19:05:04,0/0,-1/0/0,0 0 29 18,10,26/9 27/9 28/9,3/9 2/9 1/9,0,19/1,True
648,1,left,05/09/2025 19:05:04,25/9,-1/0/0,25 9 4 9,10,25/9 26/9 27/9,4/9 3/9 2/9,0,19/1,False
649,1,left,05/09/2025 19:05:04,24/9,-1/0/0,24 9 5 9,10,24/9 25/9 26/9,5/9 4/9 3/9,0,19/1,False
650,1,left,05/09/2025 19:05:04,23/9,-1/0/0,23 9 6 9,10,23/9 24/9 25/9,6/9 5/9 4/9,0,19/1,False
651,1,left,05/09/2025 19:05:04,22/9,-1/0/0,22 9 7 9,10,22/9 23/9 24/9,6/8 6/9 5/9,0,19/1,False
652,1,left,05/09/2025 19:05:05,21/9,-1/0/0,21 9 8 9,10,21/9 22/9 23/9,6/7 6/8 6/9,0,19/1,False
653,1,left,05/09/2025 19:05:05,20/9,-1/0/0,20 9 9 9,10,20/9 21/9 22/9,6/6 6/7 6/8,0,19/1,False
654,1,left,05/09/2025 19:05:05,19/9,-1/0/0,19 9 10 9,10,19/9 20/9 21/9,6/5 6/6 6/7,0,19/1,False
655,1,left,05/09/2025 19:05:05,18/9,-1/0/0,18 9 11 9,10,18/9 19/9 20/9,6/4 6/5 6/6,0,19/1,False
656,1,left,05/09/2025 19:05:05,17/9,-1/0/0,17 9 12 9,10,17/9 18/9 19/9,6/3 6/4 6/5,0,19/1,False
657,1,down,05/09/2025 19:05:06,16/9,-1/0/0,16 9 13 9,10,16/9 17/9 18/9,6/2 6/3 6/4,0,19/1,False
658,1,down,05/09/2025 19:05:06,16/10,0/0/-1,16 10 13 8,10,16/10 16/9 17/9,6/1 6/2 6/3,0,19/1,False
659,1,down,05/09/2025 19:05:06,16/11,0/0/-1,16 11 13 7,10,16/11 16/10 16/9,7/1 6/1 6/2,0,19/1,False
660,1,down,05/09/2025 19:05:06,16/12,0/0/-1,16 12 13 6,10,16/12 16/11 16/10,8/1 7/1 6/1,0,19/1,False
661,1,down,05/09/2025 19:05:06,16/13,0/0/-1,16 13 13 5,10,16/13 16/12 16/11,9/1 8/1 7/1,0,19/1,False
662,1,down,05/09/2025 19:05:07,16/14,0/0/-1,16 14 13 4,10,16/14 16/13 16/12,10/1 9/1 8/1,0,19/1,False
663,1,left,05/09/2025 19:05:07,16/15,0/0/-1,16 15 13 3,10,16/15 16/14 16/13,11/1 10/1 9/1,0,19/1,False
664,1,left,05/09/2025 19:05:07,15/15,-1/0/0,15 15 14 3,10,15/15 16/15 16/14,12/1 11/1 10/1,0,19/1,False
665,1,left,05/09/2025 19:05:07,14/15,-1/0/0,14 15 15 3,10,14/15 15/15 16/15,13/1 12/1 11/1,0,19/1,False
666,1,left,05/09/2025 19:05:07,13/15,-1/0/0,13 15 16 3,10,13/15 14/15 15/15,14/1 13/1 12/1,0,19/1,False
667,1,left,05/09/2025 19:05:08,12/15,-1/0/0,12 15 17 3,10,12/15 13/15 14/15,15/1 14/1 13/1,0,19/1,False
668,1,left,05/09/2025 19:05:08,11/15,-1/0/0,11 15 18 3,10,11/15 12/15 13/15,16/1 15/1 14/1,0,19/1,False
669,1,left,05/09/2025 19:05:08,10/15,-1/0/0,10 15 19 3,10,10/15 11/15 12/15,17/1 16/1 15/1,0,19/1,False
670,1,left,05/09/2025 19:05:08,9/15,-1/0/0,9 15 20 3,10,9/15 10/15 11/15,18/1 17/1 16/1,0,19/1,False
671,1,left,05/09/2025 19:05:09,8/15,-1/0/0,8 15 21 3,10,8/15 9/15 10/15,19/1 18/1,0,18/8,False
672,1,left,05/09/2025 19:05:09,7/15,-1/0/0,7 15 22 3,10,7/15 8/15 9/15,20/1 19/1 18/1 17/1,0,18/8,False
673,1,left,05/09/2025 19:05:09,6/15,-1/0/0,6 15 23 3,10,6/15 7/15 8/15,20/2 20/1 19/1 18/1,0,18/8,False
674,1,left,05/09/2025 19:05:09,5/15,-1/0/0,5 15 24 3,10,5/15 6/15 7/15,20/3 20/2 20/1 19/1,0,18/8,False
675,1,left,05/09/2025 19:05:09,4/15,-1/0/0,4 15 25 3,10,4/15 5/15 6/15,20/4 20/3 20/2 20/1,0,18/8,False
676,1,up,05/09/2025 19:05:10,3/15,-1/0/0,3 15 26 3,10,3/15 4/15 5/15,20/5 20/4 20/3 20/2,0,18/8,False
677,1,up,05/09/2025 19:05:10,3/14,0/0/1,3 14 26 4,10,3/14 3/15 4/15,20/6 20/5 20/4 20/3,0,18/8,False
678,1,up,05/09/2025 19:05:10,3/13,0/0/1,3 13 26 5,10,3/13 3/14 3/15,20/7 20/6 20/5 20/4,0,18/8,False
679,1,up,05/09/2025 19:05:10,3/12,0/0/1,3 12 26 6,10,3/12 3/13 3/14,20/8 20/7 20/6 20/5,0,18/8,False
680,1,up,05/09/2025 19:05:10,3/11,0/0/1,3 11 26 7,10,3/11 3/12 3/13,19/8 20/8 20/7 20/6,0,18/8,False
681,1,up,05/09/2025 19:05:11,3/10,0/0/1,3 10 26 8,10,3/10 3/11 3/12,18/8 19/8 20/8,0,8/5,False
682,1,up,05/09/2025 19:05:11,3/9,0/0/1,3 9 26 9,10,3/9 3/10 3/11,17/8 18/8 19/8 20/8 20/7,0,8/5,False
683,1,up,05/09/2025 19:05:11,3/8,0/0/1,3 8 26 10,10,3/8 3/9 3/10,16/8 17/8 18/8 19/8 20/8,0,8/5,False
684,1,up,05/09/2025 19:05:11,3/7,0/0/1,3 7 26 11,10,3/7 3/8 3/9,15/8 16/8 17/8 18/8 19/8,0,8/5,False
685,1,up,05/09/2025 19:05:11,3/6,0/0/1,3 6 26 12,10,3/6 3/7 3/8,14/8 15/8 16/8 17/8 18/8,0,8/5,False
686,1,up,05/09/2025 19:05:12,3/5,0/0/1,3 5 26 13,10,3/5 3/6 3/7,13/8 14/8 15/8 16/8 17/8,0,8/5,False
687,1,up,05/09/2025 19:05:12,3/4,0/0/1,3 4 26 14,10,3/4 3/5 3/6,12/8 13/8 14/8 15/8 16/8,0,8/5,False
688,1,up,05/09/2025 19:05:12,3/3,0/0/1,3 3 26 15,10,3/3 3/4 3/5,11/8 12/8 13/8 14/8 15/8,0,8/5,False
689,1,right,05/09/2025 19:05:12,3/2,0/0/1,3 2 26 16,10,3/2 3/3 3/4,10/8 11/8 12/8 13/8 14/8,0,8/5,False
690,1,right,05/09/2025 19:05:12,4/2,1/0/0,4 2 25 16,10,4/2 3/2 3/3,9/8 10/8 11/8 12/8 13/8,0,8/5,False
691,1,right,05/09/2025 19:05:13,5/2,1/0/0,5 2 24 16,10,5/2 4/2 3/2,8/8 9/8 10/8 11/8 12/8,0,8/5,False
692,1,right,05/09/2025 19:05:13,6/2,1/0/0,6 2 23 16,10,6/2 5/2 4/2,7/8 8/8 9/8 10/8 11/8,0,8/5,False
693,1,right,05/09/2025 19:05:13,7/2,1/0/0,7 2 22 16,10,7/2 6/2 5/2,7/7 7/8 8/8 9/8 10/8,0,8/5,False
694,1,right,05/09/2025 19:05:13,8/2,1/0/0,8 2 21 16,10,8/2 7/2 6/2,7/6 7/7 7/8 8/8 9/8,0,8/5,False
695,1,right,05/09/2025 19:05:13,9/2,1/0/0,9 2 20 16,10,9/2 8/2 7/2,7/5 7/6 7/7 7/8 8/8,0,8/5,False
696,1,right,05/09/2025 19:05:14,10/2,1/0/0,10 2 19 16,10,10/2 9/2 8/2,8/5 7/5 7/6 7/7,0,19/5,False
697,1,right,05/09/2025 19:05:14,11/2,1/0/0,11 2 18 16,10,11/2 10/2 9/2,9/5 8/5 7/5 7/6 7/7 7/8,0,19/5,False
698,1,right,05/09/2025 19:05:14,12/2,1/0/0,12 2 17 16,10,12/2 11/2 10/2,10/5 9/5 8/5 7/5 7/6 7/7,0,19/5,False
699,1,right,05/09/2025 19:05:14,13/2,1/0/0,13 2 16 16,10,13/2 12/2 11/2,11/5 10/5 9/5 8/5 7/5 7/6,0,19/5,False
700,1,right,05/09/2025 19:05:14,14/2,1/0/0,14 2 15 16,10,14/2 13/2 12/2,12/5 11/5 10/5 9/5 8/5 7/5,0,19/5,False
701,1,right,05/09/2025 19:05:15,15/2,1/0/0,15 2 14 16,10,15/2 14/2 13/2,13/5 12/5 11/5 10/5 9/5 8/5,0,19/5,False
702,1,right,05/09/2025 19:05:15,16/2,1/0/0,16 2 13 16,10,16/2 15/2 14/2,14/5 13/5 12/5 11/5 10/5 9/5,0,19/5,False
703,1,right,05/09/2025 19:05:15,17/2,1/0/0,17 2 12 16,10,17/2 16/2 15/2,15/5 14/5 13/5 12/5 11/5 10/5,0,19/5,False
704,1,right,05/09/2025 19:05:15,18/2,1/0/0,18 2 11 16,10,18/2 17/2 16/2,16/5 15/5 14/5 13/5 12/5 11/5,0,19/5,False
705,1,right,05/09/2025 19:05:15,19/2,1/0/0,19 2 10 16,10,19/2 18/2 17/2,16/4 16/5 15/5 14/5 13/5 12/5,0,19/5,False
706,1,down,05/09/2025 19:05:16,20/2,1/0/0,20 2 9 16,10,20/2 19/2 18/2,15/4 16/4 16/5 15/5 14/5 13/5,0,19/5,False
707,1,down,05/09/2025 19:05:16,20/3,0/0/-1,20 3 9 15,10,20/3 20/2 19/2,14/4 15/4 16/4 16/5 15/5 14/5,0,19/5,False
708,1,down,05/09/2025 19:05:16,20/4,0/0/-1,20 4 9 14,10,20/4 20/3 20/2,13/4 14/4 15/4 16/4 16/5 15/5,0,19/5,False
709,1,left,05/09/2025 19:05:16,20/5,0/0/-1,20 5 9 13,10,20/5 20/4 20/3,12/4 13/4 14/4 15/4 16/4 16/5,0,19/5,False
710,1,left,05/09/2025 19:05:16,19/5,-1/0/0,19 5 10 13,10,19/5 20/5,11/4 12/4 13/4 14/4 15/4 16/4,100,14/8,False
711,1,down,05/09/2025 19:05:17,18/5,-1/0/0,18 5 11 13,10,18/5 19/5 20/5 20/4,10/4 11/4 12/4 13/4 14/4 15/4,100,14/8,False
712,1,down,05/09/2025 19:05:17,18/6,0/0/-1,18 6 11 12,10,18/6 18/5 19/5 20/5,9/4 10/4 11/4 12/4 13/4 14/4,100,14/8,False
713,1,down,05/09/2025 19:05:17,18/7,0/0/-1,18 7 11 11,10,18/7 18/6 18/5 19/5,8/4 9/4 10/4 11/4 12/4 13/4,100,14/8,False
714,1,left,05/09/2025 19:05:17,18/8,0/0/-1,18 8 11 10,10,18/8 18/7 18/6 18/5,7/4 8/4 9/4 10/4 11/4 12/4,100,14/8,False
715,1,left,05/09/2025 19:05:17,17/8,-1/0/0,17 8 12 10,10,17/8 18/8 18/7 18/6,6/4 7/4 8/4 9/4 10/4 11/4,100,14/8,False
716,1,left,05/09/2025 19:05:18,16/8,-1/0/0,16 8 13 10,10,16/8 17/8 18/8 18/7,5/4 6/4 7/4 8/4 9/4 10/4,100,14/8,False
717,1,left,05/09/2025 19:05:18,15/8,-1/0/0,15 8 14 10,10,15/8 16/8 17/8 18/8,5/5 5/4 6/4 7/4 8/4 9/4,100,14/8,False
718,1,left,05/09/2025 19:05:18,14/8,-1/0/0,14 8 15 10,10,14/8 15/8 16/8,5/6 5/5 5/4 6/4 7/4 8/4,200,12/14,False
719,1,left,05/09/2025 19:05:18,13/8,-1/0/0,13 8 16 10,10,13/8 14/8 15/8 16/8 17/8,5/7 5/6 5/5 5/4 6/4 7/4,200,12/14,False
720,1,left,05/09/2025 19:05:18,12/8,-1/0/0,12 8 17 10,10,12/8 13/8 14/8 15/8 16/8,5/8 5/7 5/6 5/5 5/4 6/4,200,12/14,False
721,1,left,05/09/2025 19:05:19,11/8,-1/0/0,11 8 18 10,10,11/8 12/8 13/8 14/8 15/8,5/9 5/8 5/7 5/6 5/5 5/4,200,12/14,False
722,1,left,05/09/2025 19:05:19,10/8,-1/0/0,10 8 19 10,10,10/8 11/8 12/8 13/8 14/8,5/10 5/9 5/8 5/7 5/6 5/5,200,12/14,False
723,1,left,05/09/2025 19:05:19,9/8,-1/0/0,9 8 20 10,10,9/8 10/8 11/8 12/8 13/8,5/11 5/10 5/9 5/8 5/7 5/6,200,12/14,False
724,1,left,05/09/2025 19:05:19,8/8,-1/0/0,8 8 21 10,10,8/8 9/8 10/8 11/8 12/8,5/12 5/11 5/10 5/9 5/8 5/7,200,12/14,False
725,1,left,05/09/2025 19:05:19,7/8,-1/0/0,7 8 22 10,10,7/8 8/8 9/8 10/8 11/8,5/13 5/12 5/11 5/10 5/9 5/8,200,12/14,False
726,1,left,05/09/2025 19:05:20,6/8,-1/0/0,6 8 23 10,10,6/8 7/8 8/8 9/8 10/8,5/14 5/13 5/12 5/11 5/10 5/9,200,12/14,False
727,1,left,05/09/2025 19:05:20,5/8,-1/0/0,5 8 24 10,10,5/8 6/8 7/8 8/8 9/8,6/14 5/14 5/13 5/12 5/11 5/10,200,12/14,False
728,1,left,05/09/2025 19:05:20,4/8,-1/0/0,4 8 25 10,10,4/8 5/8 6/8 7/8 8/8,7/14 6/14 5/14 5/13 5/12 5/11,200,12/14,False
729,1,up,05/09/2025 19:05:20,3/8,-1/0/0,3 8 26 10,10,3/8 4/8 5/8 6/8 7/8,8/14 7/14 6/14 5/14 5/13 5/12,200,12/14,False
730,1,up,05/09/2025 19:05:20,3/7,0/0/1,3 7 26 11,10,3/7 3/8 4/8 5/8 6/8,9/14 8/14 7/14 6/14 5/14 5/13,200,12/14,False
731,1,up,05/09/2025 19:05:21,3/6,0/0/1,3 6 26 12,10,3/6 3/7 3/8 4/8 5/8,10/14 9/14 8/14 7/14 6/14 5/14,200,12/14,False
732,1,right,05/09/2025 19:05:21,3/5,0/0/1,3 5 26 13,10,3/5 3/6 3/7 3/8 4/8,11/14 10/14 9/14 8/14 7/14 6/14,200,12/14,False
733,1,right,05/09/2025 19:05:21,4/5,1/0/0,4 5 25 13,10,4/5 3/5 3/6 3/7 3/8,12/14 11/14 10/14 9/14 8/14,200,24/9,False
734,1,right,05/09/2025 19:05:21,5/5,1/0/0,5 5 24 13,10,5/5 4/5 3/5 3/6 3/7,13/14 12/14 11/14 10/14 9/14 8/14 7/14,200,24/9,False
735,1,right,05/09/2025 19:05:21,6/5,1/0/0,6 5 23 13,10,6/5 5/5 4/5 3/5 3/6,14/14 13/14 12/14 11/14 10/14 9/14 8/14,200,24/9,False
736,1,right,05/09/2025 19:05:22,7/5,1/0/0,7 5 22 13,10,7/5 6/5 5/5 4/5 3/5,15/14 14/14 13/14 12/14 11/14 10/14 9/14,200,24/9,False
737,1,right,05/09/2025 19:05:22,8/5,1/0/0,8 5 21 13,10,8/5 7/5 6/5 5/5 4/5,16/14 15/14 14/14 13/14 12/14 11/14 10/14,200,24/9,False
738,1,right,05/09/2025 19:05:22,9/5,1/0/0,9 5 20 13,10,9/5 8/5 7/5 6/5 5/5,17/14 16/14 15/14 14/14 13/14 12/14 11/14,200,24/9,False
739,1,right,05/09/2025 19:05:22,10/5,1/0/0,10 5 19 13,10,10/5 9/5 8/5 7/5 6/5,18/14 17/14 16/14 15/14 14/14 13/14 12/14,200,24/9,False
740,1,right,05/09/2025 19:05:22,11/5,1/0/0,11 5 18 13,10,11/5 10/5 9/5 8/5 7/5,19/14 18/14 17/14 16/14 15/14 14/14 13/14,200,24/9,False
741,1,right,05/09/2025 19:05:23,12/5,1/0/0,12 5 17 13,10,12/5 11/5 10/5 9/5 8/5,20/14 19/14 18/14 17/14 16/14 15/14 14/14,200,24/9,False
742,1,right,05/09/2025 19:05:23,13/5,1/0/0,13 5 16 13,10,13/5 12/5 11/5 10/5 9/5,21/14 20/14 19/14 18/14 17/14 16/14 15/14,200,24/9,False
743,1,right,05/09/2025 19:05:23,14/5,1/0/0,14 5 15 13,10,14/5 13/5 12/5 11/5 10/5,22/14 21/14 20/14 19/14 18/14 17/14 16/14,200,24/9,False
744,1,right,05/09/2025 19:05:23,15/5,1/0/0,15 5 14 13,10,15/5 14/5 13/5 12/5 11/5,23/14 22/14 21/14 20/14 19/14 18/14 17/14,200,24/9,False
745,1,right,05/09/2025 19:05:23,16/5,1/0/0,16 5 13 13,10,16/5 15/5 14/5 13/5 12/5,24/14 23/14 22/14 21/14 20/14 19/14 18/14,200,24/9,False
746,1,right,05/09/2025 19:05:24,17/5,1/0/0,17 5 12 13,10,17/5 16/5 15/5 14/5 13/5,24/13 24/14 23/14 22/14 21/14 20/14 19/14,200,24/9,False
747,1,right,05/09/2025 19:05:24,18/5,1/0/0,18 5 11 13,10,18/5 17/5 16/5 15/5 14/5,24/12 24/13 24/14 23/14 22/14 21/14 20/14,200,24/9,False
748,1,right,05/09/2025 19:05:24,19/5,1/0/0,19 5 10 13,10,19/5 18/5 17/5 16/5 15/5,24/11 24/12 24/13 24/14 23/14 22/14 21/14,200,24/9,False
749,1,right,05/09/2025 19:05:24,20/5,1/0/0,20 5 9 13,10,20/5 19/5 18/5 17/5 16/5,24/10 24/11 24/12 24/13 24/14 23/14 22/14,200,24/9,False
750,1,right,05/09/2025 19:05:24,21/5,1/0/0,21 5 8 13,10,21/5 20/5 19/5 18/5 17/5,24/9 24/10 24/11 24/12 24/13 24/14,200,16/15,False
751,1,right,05/09/2025 19:05:25,22/5,1/0/0,22 5 7 13,10,22/5 21/5 20/5 19/5 18/5,23/9 24/9 24/10 24/11 24/12 24/13 24/14 23/14,200,16/15,False
752,1,right,05/09/2025 19:05:25,23/5,1/0/0,23 5 6 13,10,23/5 22/5 21/5 20/5 19/5,22/9 23/9 24/9 24/10 24/11 24/12 24/13 24/14,200,16/15,False
753,1,right,05/09/2025 19:05:25,24/5,1/0/0,24 5 5 13,10,24/5 23/5 22/5 21/5 20/5,21/9 22/9 23/9 24/9 24/10 24/11 24/12 24/13,200,16/15,False
754,1,down,05/09/2025 19:05:25,25/5,1/0/0,25 5 4 13,10,25/5 24/5 23/5 22/5 21/5,20/9 21/9 22/9 23/9 24/9 24/10 24/11 24/12,200,16/15,False
755,1,down,05/09/2025 19:05:25,25/6,0/0/-1,25 6 4 12,10,25/6 25/5 24/5 23/5 22/5,19/9 20/9 21/9 22/9 23/9 24/9 24/10 24/11,200,16/15,False
756,1,down,05/09/2025 19:05:26,25/7,0/0/-1,25 7 4 11,10,25/7 25/6 25/5 24/5 23/5,18/9 19/9 20/9 21/9 22/9 23/9 24/9 24/10,200,16/15,False
757,1,down,05/09/2025 19:05:26,25/8,0/0/-1,25 8 4 10,10,25/8 25/7 25/6 25/5 24/5,17/9 18/9 19/9 20/9 21/9 22/9 23/9 24/9,200,16/15,False
758,1,down,05/09/2025 19:05:26,25/9,0/0/-1,25 9 4 9,10,25/9 25/8 25/7 25/6 25/5,16/9 17/9 18/9 19/9 20/9 21/9 22/9 23/9,200,16/15,False
759,1,down,05/09/2025 19:05:26,25/10,0/0/-1,25 10 4 8,10,25/10 25/9 25/8 25/7 25/6,15/9 16/9 17/9 18/9 19/9 20/9 21/9 22/9,200,16/15,False
760,1,down,05/09/2025 19:05:26,25/11,0/0/-1,25 11 4 7,10,25/11 25/10 25/9 25/8 25/7,14/9 15/9 16/9 17/9 18/9 19/9 20/9 21/9,200,16/15,False
761,1,down,05/09/2025 19:05:27,25/12,0/0/-1,25 12 4 6,10,25/12 25/11 25/10 25/9 25/8,13/9 14/9 15/9 16/9 17/9 18/9 19/9 20/9,200,16/15,False
762,1,down,05/09/2025 19:05:27,25/13,0/0/-1,25 13 4 5,10,25/13 25/12 25/11 25/10 25/9,12/9 13/9 14/9 15/9 16/9 17/9 18/9 19/9,200,16/15,False
763,1,down,05/09/2025 19:05:27,25/14,0/0/-1,25 14 4 4,10,25/14 25/13 25/12 25/11 25/10,11/9 12/9 13/9 14/9 15/9 16/9 17/9 18/9,200,16/15,False
764,1,left,05/09/2025 19:05:27,25/15,0/0/-1,25 15 4 3,10,25/15 25/14 25/13 25/12 25/11,10/9 11/9 12/9 13/9 14/9 15/9 16/9 17/9,200,16/15,False
765,1,left,05/09/2025 19:05:27,24/15,-1/0/0,24 15 5 3,10,24/15 25/15 25/14 25/13 25/12,9/9 10/9 11/9 12/9 13/9 14/9 15/9 16/9,200,16/15,False
766,1,left,05/09/2025 19:05:28,23/15,-1/0/0,23 15 6 3,10,23/15 24/15 25/15 25/14 25/13,8/9 9/9 10/9 11/9 12/9 13/9 14/9 15/9,200,16/15,False
767,1,left,05/09/2025 19:05:28,22/15,-1/0/0,22 15 7 3,10,22/15 23/15 24/15 25/15 25/14,7/9 8/9 9/9 10/9 11/9 12/9 13/9 14/9,200,16/15,False
768,1,left,05/09/2025 19:05:28,21/15,-1/0/0,21 15 8 3,10,21/15 22/15 23/15 24/15 25/15,6/9 7/9 8/9 9/9 10/9 11/9 12/9 13/9,200,16/15,False
769,1,left,05/09/2025 19:05:28,20/15,-1/0/0,20 15 9 3,10,20/15 21/15 22/15 23/15 24/15,5/9 6/9 7/9 8/9 9/9 10/9 11/9 12/9,200,16/15,False
770,1,left,05/09/2025 19:05:28,19/15,-1/0/0,19 15 10 3,10,19/15 20/15 21/15 22/15 23/15,4/9 5/9 6/9 7/9 8/9 9/9 10/9 11/9,200,16/15,False
771,1,left,05/09/2025 19:05:29,18/15,-1/0/0,18 15 11 3,10,18/15 19/15 20/15 21/15 22/15,3/9 4/9 5/9 6/9 7/9 8/9 9/9 10/9,200,16/15,False
772,1,left,05/09/2025 19:05:29,17/15,-1/0/0,17 15 12 3,10,17/15 18/15 19/15 20/15 21/15,2/9 3/9 4/9 5/9 6/9 7/9 8/9 9/9,200,16/15,False
773,1,left,05/09/2025 19:05:29,16/15,-1/0/0,16 15 13 3,10,16/15 17/15 18/15 19/15,2/8 2/9 3/9 4/9 5/9 6/9 7/9 8/9,300,10/5,False
774,1,left,05/09/2025 19:05:29,15/15,-1/0/0,15 15 14 3,10,15/15 16/15 17/15 18/15 19/15 20/15,2/7 2/8 2/9 3/9 4/9 5/9 6/9 7/9,300,10/5,False
775,1,left,05/09/2025 19:05:29,14/15,-1/0/0,14 15 15 3,10,14/15 15/15 16/15 17/15 18/15 19/15,2/6 2/7 2/8 2/9 3/9 4/9 5/9 6/9,300,10/5,False
776,1,left,05/09/2025 19:05:30,13/15,-1/0/0,13 15 16 3,10,13/15 14/15 15/15 16/15 17/15 18/15,3/6 2/6 2/7 2/8 2/9 3/9 4/9 5/9,300,10/5,False
777,1,left,05/09/2025 19:05:30,12/15,-1/0/0,12 15 17 3,10,12/15 13/15 14/15 15/15 16/15 17/15,4/6 3/6 2/6 2/7 2/8 2/9 3/9 4/9,300,10/5,False
778,1,left,05/09/2025 19:05:30,11/15,-1/0/0,11 15 18 3,10,11/15 12/15 13/15 14/15 15/15 16/15,5/6 4/6 3/6 2/6 2/7 2/8 2/9 3/9,300,10/5,False
779,1,left,05/09/2025 19:05:30,10/15,-1/0/0,10 15 19 3,10,10/15 11/15 12/15 13/15 14/15 15/15,6/6 5/6 4/6 3/6 2/6 2/7 2/8 2/9,300,10/5,False
780,1,left,05/09/2025 19:05:30,9/15,-1/0/0,9 15 20 3,10,9/15 10/15 11/15 12/15 13/15 14/15,7/6 6/6 5/6 4/6 3/6 2/6 2/7 2/8,300,10/5,False
781,1,left,05/09/2025 19:05:31,8/15,-1/0/0,8 15 21 3,10,8/15 9/15 10/15 11/15 12/15 13/15,7/5 7/6 6/6 5/6 4/6 3/6 2/6 2/7,300,10/5,False
782,1,left,05/09/2025 19:05:31,7/15,-1/0/0,7 15 22 3,10,7/15 8/15 9/15 10/15 11/15 12/15,8/5 7/5 7/6 6/6 5/6 4/6 3/6 2/6,300,10/5,False
783,1,left,05/09/2025 19:05:31,6/15,-1/0/0,6 15 23 3,10,6/15 7/15 8/15 9/15 10/15 11/15,9/5 8/5 7/5 7/6 6/6 5/6 4/6 3/6,300,10/5,False
784,1,left,05/09/2025 19:05:31,5/15,-1/0/0,5 15 24 3,10,5/15 6/15 7/15 8/15 9/15 10/15,10/5 9/5 8/5 7/5 7/6 6/6 5/6,300,17/11,False
785,1,up,05/09/2025 19:05:31,4/15,-1/0/0,4 15 25 3,10,4/15 5/15 6/15 7/15 8/15 9/15,11/5 10/5 9/5 8/5 7/5 7/6 6/6 5/6 4/6,300,17/11,False
786,1,up,05/09/2025 19:05:32,4/14,0/0/1,4 14 25 4,10,4/14 4/15 5/15 6/15 7/15 8/15,12/5 11/5 10/5 9/5 8/5 7/5 7/6 6/6 5/6,300,17/11,False
787,1,right,05/09/2025 19:05:32,4/13,0/0/1,4 13 25 5,10,4/13 4/14 4/15 5/15 6/15 7/15,13/5 12/5 11/5 10/5 9/5 8/5 7/5 7/6 6/6,300,17/11,False
788,1,right,05/09/2025 19:05:32,5/13,1/0/0,5 13 24 5,10,5/13 4/13 4/14 4/15 5/15 6/15,14/5 13/5 12/5 11/5 10/5 9/5 8/5 7/5 7/6,300,17/11,False
789,1,right,05/09/2025 19:05:32,6/13,1/0/0,6 13 23 5,10,6/13 5/13 4/13 4/14 4/15 5/15,15/5 14/5 13/5 12/5 11/5 10/5 9/5 8/5 7/5,300,17/11,False
790,1,right,05/09/2025 19:05:32,7/13,1/0/0,7 13 22 5,10,7/13 6/13 5/13 4/13 4/14 4/15,16/5 15/5 14/5 13/5 12/5 11/5 10/5 9/5 8/5,300,17/11,False
791,1,right,05/09/2025 19:05:33,8/13,1/0/0,8 13 21 5,10,8/13 7/13 6/13 5/13 4/13 4/14,17/5 16/5 15/5 14/5 13/5 12/5 11/5 10/5 9/5,300,17/11,False
792,1,right,05/09/2025 19:05:33,9/13,1/0/0,9 13 20 5,10,9/13 8/13 7/13 6/13 5/13 4/13,17/6 17/5 16/5 15/5 14/5 13/5 12/5 11/5 10/5,300,17/11,False
793,1,right,05/09/2025 19:05:33,10/13,1/0/0,10 13 19 5,10,10/13 9/13 8/13 7/13 6/13 5/13,17/7 17/6 17/5 16/5 15/5 14/5 13/5 12/5 11/5,300,17/11,False
794,1,right,05/09/2025 19:05:33,11/13,1/0/0,11 13 18 5,10,11/13 10/13 9/13 8/13 7/13 6/13,17/8 17/7 17/6 17/5 16/5 15/5 14/5 13/5 12/5,300,17/11,False
795,1,right,05/09/2025 19:05:33,12/13,1/0/0,12 13 17 5,10,12/13 11/13 10/13 9/13 8/13 7/13,17/9 17/8 17/7 17/6 17/5 16/5 15/5 14/5 13/5,300,17/11,False
796,1,right,05/09/2025 19:05:34,13/13,1/0/0,13 13 16 5,10,13/13 12/13 11/13 10/13 9/13 8/13,17/10 17/9 17/8 17/7 17/6 17/5 16/5 15/5 14/5,300,17/11,False
797,1,right,05/09/2025 19:05:34,14/13,1/0/0,14 13 15 5,10,14/13 13/13 12/13 11/13 10/13 9/13,17/11 17/10 17/9 17/8 17/7 17/6 17/5 16/5,300,12/9,False
798,1,right,05/09/2025 19:05:34,15/13,1/0/0,15 13 14 5,10,15/13 14/13 13/13 12/13 11/13 10/13,16/11 17/11 17/10 17/9 17/8 17/7 17/6 17/5 16/5 15/5,300,12/9,False
799,1,right,05/09/2025 19:05:34,16/13,1/0/0,16 13 13 5,10,16/13 15/13 14/13 13/13 12/13 11/13,15/11 16/11 17/11 17/10 17/9 17/8 17/7 17/6 17/5 16/5,300,12/9,False
800,1,right,05/09/2025 19:05:34,17/13,1/0/0,17 13 12 5,10,17/13 16/13 15/13 14/13 13/13 12/13,14/11 15/11 16/11 17/11 17/10 17/9 17/8 17/7 17/6 17/5,300,12/9,False
801,1,right,05/09/2025 19:05:35,18/13,1/0/0,18 13 11 5,10,18/13 17/13 16/13 15/13 14/13 13/13,13/11 14/11 15/11 16/11 17/11 17/10 17/9 17/8 17/7 17/6,300,12/9,False
802,1,right,05/09/2025 19:05:35,19/13,1/0/0,19 13 10 5,10,19/13 18/13 17/13 16/13 15/13 14/13,12/11 13/11 14/11 15/11 16/11 17/11 17/10 17/9 17/8 17/7,300,12/9,False
803,1,right,05/09/2025 19:05:35,20/13,1/0/0,20 13 9 5,10,20/13 19/13 18/13 17/13 16/13 15/13,12/10 12/11 13/11 14/11 15/11 16/11 17/11 17/10 17/9 17/8,300,12/9,False
804,1,right,05/09/2025 19:05:35,21/13,1/0/0,21 13 8 5,10,21/13 20/13 19/13 18/13 17/13 16/13,12/9 12/10 12/11 13/11 14/11 15/11 16/11 17/11 17/10,300,15/5,False
805,1,right,05/09/2025 19:05:35,22/13,1/0/0,22 13 7 5,10,22/13 21/13 20/13 19/13 18/13 17/13,12/8 12/9 12/10 12/11 13/11 14/11 15/11 16/11 17/11 17/10 17/9,300,15/5,False
806,1,up,05/09/2025 19:05:36,23/13,1/0/0,23 13 6 5,10,23/13 22/13 21/13 20/13 19/13 18/13,12/7 12/8 12/9 12/10 12/11 13/11 14/11 15/11 16/11 17/11 17/10,300,15/5,False
807,1,up,05/09/2025 19:05:36,23/12,0/0/1,23 12 6 6,10,23/12 23/13 22/13 21/13 20/13 19/13,12/6 12/7 12/8 12/9 12/10 12/11 13/11 14/11 15/11 16/11 17/11,300,15/5,False
808,1,up,05/09/2025 19:05:36,23/11,0/0/1,23 11 6 7,10,23/11 23/12 23/13 22/13 21/13 20/13,12/5 12/6 12/7 12/8 12/9 12/10 12/11 13/11 14/11 15/11 16/11,300,15/5,False
809,1,up,05/09/2025 19:05:36,23/10,0/0/1,23 10 6 8,10,23/10 23/11 23/12 23/13 22/13 21/13,12/4 12/5 12/6 12/7 12/8 12/9 12/10 12/11 13/11 14/11 15/11,300,15/5,False
810,1,up,05/09/2025 19:05:36,23/9,0/0/1,23 9 6 9,10,23/9 23/10 23/11 23/12 23/13 22/13,13/4 12/4 12/5 12/6 12/7 12/8 12/9 12/10 12/11 13/11 14/11,300,15/5,False
811,1,up,05/09/2025 19:05:37,23/8,0/0/1,23 8 6 10,10,23/8 23/9 23/10 23/11 23/12 23/13,14/4 13/4 12/4 12/5 12/6 12/7 12/8 12/9 12/10 12/11 13/11,300,15/5,False
812,1,up,05/09/2025 19:05:37,23/7,0/0/1,23 7 6 11,10,23/7 23/8 23/9 23/10 23/11 23/12,15/4 14/4 13/4 12/4 12/5 12/6 12/7 12/8 12/9 12/10 12/11,300,15/5,False
813,1,up,05/09/2025 19:05:37,23/6,0/0/1,23 6 6 12,10,23/6 23/7 23/8 23/9 23/10 23/11,15/5 15/4 14/4 13/4 12/4 12/5 12/6 12/7 12/8 12/9,300,21/4,False
814,1,up,05/09/2025 19:05:37,23/5,0/0/1,23 5 6 13,10,23/5 23/6 23/7 23/8 23/9 23/10,15/6 15/5 15/4 14/4 13/4 12/4 12/5 12/6 12/7 12/8 12/9 12/10,300,21/4,False
815,1,left,05/09/2025 19:05:37,23/4,0/0/1,23 4 6 14,10,23/4 23/5 23/6 23/7 23/8 23/9,15/7 15/6 15/5 15/4 14/4 13/4 12/4 12/5 12/6 12/7 12/8 12/9,300,21/4,False
816,1,left,05/09/2025 19:05:38,22/4,-1/0/0,22 4 7 14,10,22/4 23/4 23/5 23/6 23/7 23/8,15/8 15/7 15/6 15/5 15/4 14/4 13/4 12/4 12/5 12/6 12/7 12/8,300,21/4,False
817,1,left,05/09/2025 19:05:38,21/4,-1/0/0,21 4 8 14,10,21/4 22/4 23/4 23/5 23/6,15/9 15/8 15/7 15/6 15/5 15/4 14/4 13/4 12/4 12/5 12/6 12/7,400,22/15,False
818,1,left,05/09/2025 19:05:38,20/4,-1/0/0,20 4 9 14,10,20/4 21/4 22/4 23/4 23/5 23/6 23/7,15/10 15/9 15/8 15/7 15/6 15/5 15/4 14/4 13/4 12/4 12/5 12/6,400,22/15,False
819,1,left,05/09/2025 19:05:38,19/4,-1/0/0,19 4 10 14,10,19/4 20/4 21/4 22/4 23/4 23/5 23/6,15/11 15/10 15/9 15/8 15/7 15/6 15/5 15/4 14/4 13/4 12/4 12/5,400,22/15,False
820,1,up,05/09/2025 19:05:38,18/4,-1/0/0,18 4 11 14,10,18/4 19/4 20/4 21/4 22/4 23/4 23/5,15/12 15/11 15/10 15/9 15/8 15/7 15/6 15/5 15/4 14/4 13/4 12/4,400,22/15,False
821,1,left,05/09/2025 19:05:39,18/3,0/0/1,18 3 11 15,10,18/3 18/4 19/4 20/4 21/4 22/4 23/4,15/13 15/12 15/11 15/10 15/9 15/8 15/7 15/6 15/5 15/4 14/4 13/4,400,22/15,False
822,1,left,05/09/2025 19:05:39,17/3,-1/0/0,17 3 12 15,10,17/3 18/3 18/4 19/4 20/4 21/4 22/4,15/14 15/13 15/12 15/11 15/10 15/9 15/8 15/7 15/6 15/5 15/4 14/4,400,22/15,False
823,1,left,05/09/2025 19:05:39,16/3,-1/0/0,16 3 13 15,10,16/3 17/3 18/3 18/4 19/4 20/4 21/4,16/14 15/14 15/13 15/12 15/11 15/10 15/9 15/8 15/7 15/6 15/5 15/4,400,22/15,False
824,1,left,05/09/2025 19:05:39,15/3,-1/0/0,15 3 14 15,10,15/3 16/3 17/3 18/3 18/4 19/4 20/4,17/14 16/14 15/14 15/13 15/12 15/11 15/10 15/9 15/8 15/7 15/6 15/5,400,22/15,False
825,1,left,05/09/2025 19:05:39,14/3,-1/0/0,14 3 15 15,10,14/3 15/3 16/3 17/3 18/3 18/4 19/4,18/14 17/14 16/14 15/14 15/13 15/12 15/11 15/10 15/9 15/8 15/7 15/6,400,22/15,False
826,1,left,05/09/2025 19:05:40,13/3,-1/0/0,13 3 16 15,10,13/3 14/3 15/3 16/3 17/3 18/3 18/4,19/14 18/14 17/14 16/14 15/14 15/13 15/12 15/11 15/10 15/9 15/8 15/7,400,22/15,False
827,1,left,05/09/2025 19:05:40,12/3,-1/0/0,12 3 17 15,10,12/3 13/3 14/3 15/3 16/3 17/3 18/3,20/14 19/14 18/14 17/14 16/14 15/14 15/13 15/12 15/11 15/10 15/9 15/8,400,22/15,False
828,1,left,05/09/2025 19:05:40,11/3,-1/0/0,11 3 18 15,10,11/3 12/3 13/3 14/3 15/3 16/3 17/3,21/14 20/14 19/14 18/14 17/14 16/14 15/14 15/13 15/12 15/11 15/10 15/9,400,22/15,False
829,1,left,05/09/2025 19:05:40,10/3,-1/0/0,10 3 19 15,10,10/3 11/3 12/3 13/3 14/3 15/3 16/3,22/14 21/14 20/14 19/14 18/14 17/14 16/14 15/14 15/13 15/12 15/11 15/10,400,22/15,False
830,1,left,05/09/2025 19:05:40,9/3,-1/0/0,9 3 20 15,10,9/3 10/3 11/3 12/3 13/3 14/3 15/3,22/15 22/14 21/14 20/14 19/14 18/14 17/14 16/14 15/14 15/13 15/12,400,11/13,False
831,1,left,05/09/2025 19:05:41,8/3,-1/0/0,8 3 21 15,10,8/3 9/3 10/3 11/3 12/3 13/3 14/3,22/16 22/15 22/14 21/14 20/14 19/14 18/14 17/14 16/14 15/14 15/13 15/12 15/11,400,11/13,False
832,1,left,05/09/2025 19:05:41,7/3,-1/0/0,7 3 22 15,10,7/3 8/3 9/3 10/3 11/3 12/3 13/3,21/16 22/16 22/15 22/14 21/14 20/14 19/14 18/14 17/14 16/14 15/14 15/13 15/12,400,11/13,False
833,1,left,05/09/2025 19:05:41,6/3,-1/0/0,6 3 23 15,10,6/3 7/3 8/3 9/3 10/3 11/3 12/3,20/16 21/16 22/16 22/15 22/14 21/14 20/14 19/14 18/14 17/14 16/14 15/14 15/13,400,11/13,False
834,1,left,05/09/2025 19:05:41,5/3,-1/0/0,5 3 24 15,10,5/3 6/3 7/3 8/3 9/3 10/3 11/3,19/16 20/16 21/16 22/16 22/15 22/14 21/14 20/14 19/14 18/14 17/14 16/14 15/14,400,11/13,False
835,1,up,05/09/2025 19:05:41,4/3,-1/0/0,4 3 25 15,10,4/3 5/3 6/3 7/3 8/3 9/3 10/3,18/16 19/16 20/16 21/16 22/16 22/15 22/14 21/14 20/14 19/14 18/14 17/14 16/14,400,11/13,False
836,1,right,05/09/2025 19:05:42,4/2,0/0/1,4 2 25 16,10,4/2 4/3 5/3 6/3 7/3 8/3 9/3,17/16 18/16 19/16 20/16 21/16 22/16 22/15 22/14 21/14 20/14 19/14 18/14 17/14,400,11/13,False
837,1,right,05/09/2025 19:05:42,5/2,1/0/0,5 2 24 16,10,5/2 4/2 4/3 5/3 6/3 7/3 8/3,16/16 17/16 18/16 19/16 20/16 21/16 22/16 22/15 22/14 21/14 20/14 19/14 18/14,400,11/13,False
838,1,right,05/09/2025 19:05:42,6/2,1/0/0,6 2 23 16,10,6/2 5/2 4/2 4/3 5/3 6/3 7/3,15/16 16/16 17/16 18/16 19/16 20/16 21/16 22/16 22/15 22/14 21/14 20/14 19/14,400,11/13,False
839,1,right,05/09/2025 19:05:42,7/2,1/0/0,7 2 22 16,10,7/2 6/2 5/2 4/2 4/3 5/3 6/3,14/16 15/16 16/16 17/16 18/16 19/16 20/16 21/16 22/16 22/15 22/14 21/14 20/14,400,11/13,False
840,1,right,05/09/2025 19:05:42,8/2,1/0/0,8 2 21 16,10,8/2 7/2 6/2 5/2 4/2 4/3 5/3,13/16 14/16 15/16 16/16 17/16 18/16 19/16 20/16 21/16 22/16 22/15 22/14 21/14,400,11/13,False
841,1,right,05/09/2025 19:05:43,9/2,1/0/0,9 2 20 16,10,9/2 8/2 7/2 6/2 5/2 4/2 4/3,12/16 13/16 14/16 15/16 16/16 17/16 18/16 19/16 20/16 21/16 22/16 22/15 22/14,400,11/13,False
842,1,right,05/09/2025 19:05:43,10/2,1/0/0,10 2 19 16,10,10/2 9/2 8/2 7/2 6/2 5/2 4/2,11/16 12/16 13/16 14/16 15/16 16/16 17/16 18/16 19/16 20/16 21/16 22/16 22/15,400,11/13,False
843,1,right,05/09/2025 19:05:43,11/2,1/0/0,11 2 18 16,10,11/2 10/2 9/2 8/2 7/2 6/2 5/2,11/15 11/16 12/16 13/16 14/16 15/16 16/16 17/16 18/16 19/16 20/16 21/16 22/16,400,11/13,False
844,1,right,05/09/2025 19:05:43,12/2,1/0/0,12 2 17 16,10,12/2 11/2 10/2 9/2 8/2 7/2 6/2,11/14 11/15 11/16 12/16 13/16 14/16 15/16 16/16 17/16 18/16 19/16 20/16 21/16,400,11/13,False
845,1,right,05/09/2025 19:05:43,13/2,1/0/0,13 2 16 16,10,13/2 12/2 11/2 10/2 9/2 8/2 7/2,11/13 11/14 11/15 11/16 12/16 13/16 14/16 15/16 16/16 17/16 18/16 19/16,400,14/3,False
846,1,right,05/09/2025 19:05:44,14/2,1/0/0,14 2 15 16,10,14/2 13/2 12/2 11/2 10/2 9/2 8/2,11/12 11/13 11/14 11/15 11/16 12/16 13/16 14/16 15/16 16/16 17/16 18/16 19/16 20/16,400,14/3,False
847,1,right,05/09/2025 19:05:44,15/2,1/0/0,15 2 14 16,10,15/2 14/2 13/2 12/2 11/2 10/2 9/2,11/11 11/12 11/13 11/14 11/15 11/16 12/16 13/16 14/16 15/16 16/16 17/16 18/16 19/16,400,14/3,False
848,1,right,05/09/2025 19:05:44,16/2,1/0/0,16 2 13 16,10,16/2 15/2 14/2 13/2 12/2 11/2 10/2,11/10 11/11 11/12 11/13 11/14 11/15 11/16 12/16 13/16 14/16 15/16 16/16 17/16 18/16,400,14/3,False
849,1,right,05/09/2025 19:05:44,17/2,1/0/0,17 2 12 16,10,17/2 16/2 15/2 14/2 13/2 12/2 11/2,11/9 11/10 11/11 11/12 11/13 11/14 11/15 11/16 12/16 13/16 14/16 15/16 16/16 17/16,400,14/3,False
850,1,right,05/09/2025 19:05:44,18/2,1/0/0,18 2 11 16,10,18/2 17/2 16/2 15/2 14/2 13/2 12/2,11/8 11/9 11/10 11/11 11/12 11/13 11/14 11/15 11/16 12/16 13/16 14/16 15/16 16/16,400,14/3,False
851,1,right,05/09/2025 19:05:45,19/2,1/0/0,19 2 10 16,10,19/2 18/2 17/2 16/2 15/2 14/2 13/2,11/7 11/8 11/9 11/10 11/11 11/12 11/13 11/14 11/15 11/16 12/16 13/16 14/16 15/16,400,14/3,False
852,1,right,05/09/2025 19:05:45,20/2,1/0/0,20 2 9 16,10,20/2 19/2 18/2 17/2 16/2 15/2 14/2,11/6 11/7 11/8 11/9 11/10 11/11 11/12 11/13 11/14 11/15 11/16 12/16 13/16 14/16,400,14/3,False
853,1,down,05/09/2025 19:05:45,21/2,1/0/0,21 2 8 16,10,21/2 20/2 19/2 18/2 17/2 16/2 15/2,11/5 11/6 11/7 11/8 11/9 11/10 11/11 11/12 11/13 11/14 11/15 11/16 12/16 13/16,400,14/3,False
854,1,down,05/09/2025 19:05:45,21/3,0/0/-1,21 3 8 15,10,21/3 21/2 20/2 19/2 18/2 17/2 16/2,11/4 11/5 11/6 11/7 11/8 11/9 11/10 11/11 11/12 11/13 11/14 11/15 11/16 12/16,400,14/3,False
855,1,down,05/09/2025 19:05:45,21/4,0/0/-1,21 4 8 14,10,21/4 21/3 21/2 20/2 19/2 18/2 17/2,11/3 11/4 11/5 11/6 11/7 11/8 11/9 11/10 11/11 11/12 11/13 11/14 11/15 11/16,400,14/3,False
856,1,down,05/09/2025 19:05:46,21/5,0/0/-1,21 5 8 13,10,21/5 21/4 21/3 21/2 20/2 19/2 18/2,12/3 11/3 11/4 11/5 11/6 11/7 11/8 11/9 11/10 11/11 11/12 11/13 11/14 11/15,400,14/3,False
857,1,down,05/09/2025 19:05:46,21/6,0/0/-1,21 6 8 12,10,21/6 21/5 21/4 21/3 21/2 20/2 19/2,13/3 12/3 11/3 11/4 11/5 11/6 11/7 11/8 11/9 11/10 11/11 11/12 11/13 11/14,400,14/3,False
858,1,down,05/09/2025 19:05:46,21/7,0/0/-1,21 7 8 11,10,21/7 21/6 21/5 21/4 21/3 21/2 20/2,14/3 13/3 12/3 11/3 11/4 11/5 11/6 11/7 11/8 11/9 11/10 11/11 11/12,400,5/3,False
859,1,down,05/09/2025 19:05:46,21/8,0/0/-1,21 8 8 10,10,21/8 21/7 21/6 21/5 21/4 21/3 21/2,15/3 14/3 13/3 12/3 11/3 11/4 11/5 11/6 11/7 11/8 11/9 11/10 11/11 11/12 11/13,400,5/3,False
860,1,down,05/09/2025 19:05:46,21/9,0/0/-1,21 9 8 9,10,21/9 21/8 21/7 21/6 21/5 21/4 21/3,16/3 15/3 14/3 13/3 12/3 11/3 11/4 11/5 11/6 11/7 11/8 11/9 11/10 11/11 11/12,400,5/3,False
861,1,left,05/09/2025 19:05:47,21/10,0/0/-1,21 10 8 8,10,21/10 21/9 21/8 21/7 21/6 21/5 21/4,17/3 16/3 15/3 14/3 13/3 12/3 11/3 11/4 11/5 11/6 11/7 11/8 11/9 11/10 11/11,400,5/3,False
862,1,left,05/09/2025 19:05:47,20/10,-1/0/0,20 10 9 8,10,20/10 21/10 21/9 21/8 21/7 21/6 21/5,18/3 17/3 16/3 15/3 14/3 13/3 12/3 11/3 11/4 11/5 11/6 11/7 11/8 11/9 11/10,400,5/3,False
863,1,left,05/09/2025 19:05:47,19/10,-1/0/0,19 10 10 8,10,19/10 20/10 21/10 21/9 21/8 21/7 21/6,19/3 18/3 17/3 16/3 15/3 14/3 13/3 12/3 11/3 11/4 11/5 11/6 11/7 11/8 11/9,400,5/3,False
864,1,left,05/09/2025 19:05:47,18/10,-1/0/0,18 10 11 8,10,18/10 19/10 20/10 21/10 21/9 21/8 21/7,19/4 19/3 18/3 17/3 16/3 15/3 14/3 13/3 12/3 11/3 11/4 11/5 11/6 11/7 11/8,400,5/3,False
865,1,left,05/09/2025 19:05:47,17/10,-1/0/0,17 10 12 8,10,17/10 18/10 19/10 20/10 21/10 21/9 21/8,19/5 19/4 19/3 18/3 17/3 16/3 15/3 14/3 13/3 12/3 11/3 11/4 11/5 11/6 11/7,400,5/3,False
866,1,left,05/09/2025 19:05:48,16/10,-1/0/0,16 10 13 8,10,16/10 17/10 18/10 19/10 20/10 21/10 21/9,18/5 19/5 19/4 19/3 18/3 17/3 16/3 15/3 14/3 13/3 12/3 11/3 11/4 11/5 11/6,400,5/3,False
867,1,left,05/09/2025 19:05:48,15/10,-1/0/0,15 10 14 8,10,15/10 16/10 17/10 18/10 19/10 20/10 21/10,17/5 18/5 19/5 19/4 19/3 18/3 17/3 16/3 15/3 14/3 13/3 12/3 11/3 11/4 11/5,400,5/3,False
868,1,left,05/09/2025 19:05:48,14/10,-1/0/0,14 10 15 8,10,14/10 15/10 16/10 17/10 18/10 19/10 20/10,16/5 17/5 18/5 19/5 19/4 19/3 18/3 17/3 16/3 15/3 14/3 13/3 12/3 11/3 11/4,400,5/3,False
869,1,left,05/09/2025 19:05:48,13/10,-1/0/0,13 10 16 8,10,13/10 14/10 15/10 16/10 17/10 18/10 19/10,15/5 16/5 17/5 18/5 19/5 19/4 19/3 18/3 17/3 16/3 15/3 14/3 13/3 12/3 11/3,400,5/3,False
870,1,left,05/09/2025 19:05:48,12/10,-1/0/0,12 10 17 8,10,12/10 13/10 14/10 15/10 16/10 17/10 18/10,14/5 15/5 16/5 17/5 18/5 19/5 19/4 19/3 18/3 17/3 16/3 15/3 14/3 13/3 12/3,400,5/3,False
871,1,left,05/09/2025 19:05:49,11/10,-1/0/0,11 10 18 8,10,11/10 12/10 13/10 14/10 15/10 16/10 17/10,13/5 14/5 15/5 16/5 17/5 18/5 19/5 19/4 19/3 18/3 17/3 16/3 15/3 14/3 13/3,400,5/3,False
872,1,left,05/09/2025 19:05:49,10/10,-1/0/0,10 10 19 8,10,10/10 11/10 12/10 13/10 14/10 15/10 16/10,12/5 13/5 14/5 15/5 16/5 17/5 18/5 19/5 19/4 19/3 18/3 17/3 16/3 15/3 14/3,400,5/3,False
873,1,up,05/09/2025 19:05:49,9/10,-1/0/0,9 10 20 8,10,9/10 10/10 11/10 12/10 13/10 14/10 15/10,11/5 12/5 13/5 14/5 15/5 16/5 17/5 18/5 19/5 19/4 19/3 18/3 17/3 16/3 15/3,400,5/3,False
874,1,right,05/09/2025 19:05:49,9/9,0/0/1,9 9 20 9,10,9/9 9/10 10/10 11/10 12/10 13/10 14/10,10/5 11/5 12/5 13/5 14/5 15/5 16/5 17/5 18/5 19/5 19/4 19/3 18/3 17/3 16/3,400,5/3,False
875,1,right,05/09/2025 19:05:49,10/9,1/0/0,10 9 19 9,10,10/9 9/9 9/10 10/10 11/10 12/10 13/10,9/5 10/5 11/5 12/5 13/5 14/5 15/5 16/5 17/5 18/5 19/5 19/4 19/3 18/3 17/3,400,5/3,False
876,1,right,05/09/2025 19:05:50,11/9,1/0/0,11 9 18 9,10,11/9 10/9 9/9 9/10 10/10 11/10 12/10,8/5 9/5 10/5 11/5 12/5 13/5 14/5 15/5 16/5 17/5 18/5 19/5 19/4 19/3 18/3,400,5/3,False
877,1,right,05/09/2025 19:05:50,12/9,1/0/0,12 9 17 9,10,12/9 11/9 10/9 9/9 9/10 10/10 11/10,7/5 8/5 9/5 10/5 11/5 12/5 13/5 14/5 15/5 16/5 17/5 18/5 19/5 19/4 19/3,400,5/3,False
878,1,right,05/09/2025 19:05:50,13/9,1/0/0,13 9 16 9,10,13/9 12/9 11/9 10/9 9/9 9/10 10/10,6/5 7/5 8/5 9/5 10/5 11/5 12/5 13/5 14/5 15/5 16/5 17/5 18/5 19/5 19/4,400,5/3,False
879,1,right,05/09/2025 19:05:50,14/9,1/0/0,14 9 15 9,10,14/9 13/9 12/9 11/9 10/9 9/9 9/10,5/5 6/5 7/5 8/5 9/5 10/5 11/5 12/5 13/5 14/5 15/5 16/5 17/5 18/5 19/5,400,5/3,False
880,1,right,05/09/2025 19:05:50,15/9,1/0/0,15 9 14 9,10,15/9 14/9 13/9 12/9 11/9 10/9 9/9,5/4 5/5 6/5 7/5 8/5 9/5 10/5 11/5 12/5 13/5 14/5 15/5 16/5 17/5 18/5,400,5/3,False
881,1,right,05/09/2025 19:05:51,16/9,1/0/0,16 9 13 9,10,16/9 15/9 14/9 13/9 12/9 11/9 10/9,5/3 5/4 5/5 6/5 7/5 8/5 9/5 10/5 11/5 12/5 13/5 14/5 15/5 16/5,400,5/13,False
882,1,right,05/09/2025 19:05:51,17/9,1/0/0,17 9 12 9,10,17/9 16/9 15/9 14/9 13/9 12/9 11/9,5/2 5/3 5/4 5/5 6/5 7/5 8/5 9/5 10/5 11/5 12/5 13/5 14/5 15/5 16/5 17/5,400,5/13,False
883,1,right,05/09/2025 19:05:51,18/9,1/0/0,18 9 11 9,10,18/9 17/9 16/9 15/9 14/9 13/9 12/9,6/2 5/2 5/3 5/4 5/5 6/5 7/5 8/5 9/5 10/5 11/5 12/5 13/5 14/5 15/5 16/5,400,5/13,False
884,1,right,05/09/2025 19:05:51,19/9,1/0/0,19 9 10 9,10,19/9 18/9 17/9 16/9 15/9 14/9 13/9,7/2 6/2 5/2 5/3 5/4 5/5 6/5 7/5 8/5 9/5 10/5 11/5 12/5 13/5 14/5 15/5,400,5/13,False
885,1,right,05/09/2025 19:05:51,20/9,1/0/0,20 9 9 9,10,20/9 19/9 18/9 17/9 16/9 15/9 14/9,8/2 7/2 6/2 5/2 5/3 5/4 5/5 6/5 7/5 8/5 9/5 10/5 11/5 12/5 13/5 14/5,400,5/13,False
886,1,right,05/09/2025 19:05:52,21/9,1/0/0,21 9 8 9,10,21/9 20/9 19/9 18/9 17/9 16/9 15/9,9/2 8/2 7/2 6/2 5/2 5/3 5/4 5/5 6/5 7/5 8/5 9/5 10/5 11/5 12/5 13/5,400,5/13,False
887,1,right,05/09/2025 19:05:52,22/9,1/0/0,22 9 7 9,10,22/9 21/9 20/9 19/9 18/9 17/9 16/9,10/2 9/2 8/2 7/2 6/2 5/2 5/3 5/4 5/5 6/5 7/5 8/5 9/5 10/5 11/5 12/5,400,5/13,False
888,1,up,05/09/2025 19:05:52,23/9,1/0/0,23 9 6 9,10,23/9 22/9 21/9 20/9 19/9 18/9 17/9,11/2 10/2 9/2 8/2 7/2 6/2 5/2 5/3 5/4 5/5 6/5 7/5 8/5 9/5 10/5 11/5,400,5/13,False
889,1,up,05/09/2025 19:05:52,23/8,0/0/1,23 8 6 10,10,23/8 23/9 22/9 21/9 20/9 19/9 18/9,12/2 11/2 10/2 9/2 8/2 7/2 6/2 5/2 5/3 5/4 5/5 6/5 7/5 8/5 9/5 10/5,400,5/13,False
890,1,up,05/09/2025 19:05:53,23/7,0/0/1,23 7 6 11,10,23/7 23/8 23/9 22/9 21/9 20/9 19/9,12/3 12/2 11/2 10/2 9/2 8/2 7/2 6/2 5/2 5/3 5/4 5/5 6/5 7/5 8/5 9/5,400,5/13,False
891,1,up,05/09/2025 19:05:53,23/6,0/0/1,23 6 6 12,10,23/6 23/7 23/8 23/9 22/9 21/9 20/9,12/4 12/3 12/2 11/2 10/2 9/2 8/2 7/2 6/2 5/2 5/3 5/4 5/5 6/5 7/5 8/5,400,5/13,False
892,1,up,05/09/2025 19:05:53,23/5,0/0/1,23 5 6 13,10,23/5 23/6 23/7 23/8 23/9 22/9 21/9,12/5 12/4 12/3 12/2 11/2 10/2 9/2 8/2 7/2 6/2 5/2 5/3 5/4 5/5 6/5 7/5,400,5/13,False
893,1,up,05/09/2025 19:05:53,23/4,0/0/1,23 4 6 14,10,23/4 23/5 23/6 23/7 23/8 23/9 22/9,12/6 12/5 12/4 12/3 12/2 11/2 10/2 9/2 8/2 7/2 6/2 5/2 5/3 5/4 5/5 6/5,400,5/13,False
894,1,up,05/09/2025 19:05:53,23/3,0/0/1,23 3 6 15,10,23/3 23/4 23/5 23/6 23/7 23/8 23/9,12/7 12/6 12/5 12/4 12/3 12/2 11/2 10/2 9/2 8/2 7/2 6/2 5/2 5/3 5/4 5/5,400,5/13,False
895,1,left,05/09/2025 19:05:54,23/2,0/0/1,23 2 6 16,10,23/2 23/3 23/4 23/5 23/6 23/7 23/8,12/8 12/7 12/6 12/5 12/4 12/3 12/2 11/2 10/2 9/2 8/2 7/2 6/2 5/2 5/3 5/4,400,5/13,False
896,1,left,05/09/2025 19:05:54,22/2,-1/0/0,22 2 7 16,10,22/2 23/2 23/3 23/4 23/5 23/6 23/7,12/9 12/8 12/7 12/6 12/5 12/4 12/3 12/2 11/2 10/2 9/2 8/2 7/2 6/2 5/2 5/3,400,5/13,False
897,1,left,05/09/2025 19:05:54,21/2,-1/0/0,21 2 8 16,10,21/2 22/2 23/2 23/3 23/4 23/5 23/6,12/10 12/9 12/8 12/7 12/6 12/5 12/4 12/3 12/2 11/2 10/2 9/2 8/2 7/2 6/2 5/2,400,5/13,False
898,1,left,05/09/2025 19:05:54,20/2,-1/0/0,20 2 9 16,10,20/2 21/2 22/2 23/2 23/3 23/4 23/5,12/11 12/10 12/9 12/8 12/7 12/6 12/5 12/4 12/3 12/2 11/2 10/2 9/2 8/2 7/2 6/2,400,5/13,False
899,1,left,05/09/2025 19:05:54,19/2,-1/0/0,19 2 10 16,10,19/2 20/2 21/2 22/2 23/2 23/3 23/4,12/12 12/11 12/10 12/9 12/8 12/7 12/6 12/5 12/4 12/3 12/2 11/2 10/2 9/2 8/2 7/2,400,5/13,False
900,1,left,05/09/2025 19:05:55,18/2,-1/0/0,18 2 11 16,10,18/2 19/2 20/2 21/2 22/2 23/2 23/3,11/12 12/12 12/11 12/10 12/9 12/8 12/7 12/6 12/5 12/4 12/3 12/2 11/2 10/2 9/2 8/2,400,5/13,False
901,1,left,05/09/2025 19:05:55,17/2,-1/0/0,17 2 12 16,10,17/2 18/2 19/2 20/2 21/2 22/2 23/2,10/12 11/12 12/12 12/11 12/10 12/9 12/8 12/7 12/6 12/5 12/4 12/3 12/2 11/2 10/2 9/2,400,5/13,False
902,1,left,05/09/2025 19:05:55,16/2,-1/0/0,16 2 13 16,10,16/2 17/2 18/2 19/2 20/2 21/2 22/2,9/12 10/12 11/12 12/12 12/11 12/10 12/9 12/8 12/7 12/6 12/5 12/4 12/3 12/2 11/2 10/2,400,5/13,False
903,1,up,05/09/2025 19:05:55,15/2,-1/0/0,15 2 14 16,10,15/2 16/2 17/2 18/2 19/2 20/2 21/2,8/12 9/12 10/12 11/12 12/12 12/11 12/10 12/9 12/8 12/7 12/6 12/5 12/4 12/3 12/2 11/2,400,5/13,False
904,1,left,05/09/2025 19:05:55,15/1,0/0/1,15 1 14 17,10,15/1 15/2 16/2 17/2 18/2 19/2 20/2,7/12 8/12 9/12 10/12 11/12 12/12 12/11 12/10 12/9 12/8 12/7 12/6 12/5 12/4 12/3 12/2,400,5/13,True
905,1,left,05/09/2025 19:05:56,14/1,-1/0/0,14 1 15 17,10,14/1 15/1 15/2 16/2 17/2 18/2 19/2,6/12 7/12 8/12 9/12 10/12 11/12 12/12 12/11 12/10 12/9 12/8 12/7 12/6 12/5 12/4 12/3,400,5/13,False
906,1,left,05/09/2025 19:05:56,13/1,-1/0/0,13 1 16 17,10,13/1 14/1 15/1 15/2 16/2 17/2 18/2,5/12 6/12 7/12 8/12 9/12 10/12 11/12 12/12 12/11 12/10 12/9 12/8 12/7 12/6 12/5 12/4,400,5/13,False
907,1,left,05/09/2025 19:05:56,12/1,-1/0/0,12 1 17 17,10,12/1 13/1 14/1 15/1 15/2 16/2 17/2,4/12 5/12 6/12 7/12 8/12 9/12 10/12 11/12 12/12 12/11 12/10 12/9 12/8 12/7 12/6 12/5,400,5/13,False
908,1,left,05/09/2025 19:05:56,11/1,-1/0/0,11 1 18 17,10,11/1 12/1 13/1 14/1 15/1 15/2 16/2,4/13 4/12 5/12 6/12 7/12 8/12 9/12 10/12 11/12 12/12 12/11 12/10 12/9 12/8 12/7 12/6,400,5/13,False
909,1,left,05/09/2025 19:05:56,10/1,-1/0/0,10 1 19 17,10,10/1 11/1 12/1 13/1 14/1 15/1 15/2,4/14 4/13 4/12 5/12 6/12 7/12 8/12 9/12 10/12 11/12 12/12 12/11 12/10 12/9 12/8 12/7,400,5/13,False
910,1,left,05/09/2025 19:05:57,9/1,-1/0/0,9 1 20 17,10,9/1 10/1 11/1 12/1 13/1 14/1 15/1,5/14 4/14 4/13 4/12 5/12 6/12 7/12 8/12 9/12 10/12 11/12 12/12 12/11 12/10 12/9 12/8,400,5/13,False
911,1,left,05/09/2025 19:05:57,8/1,-1/0/0,8 1 21 17,10,8/1 9/1 10/1 11/1 12/1 13/1 14/1,6/14 5/14 4/14 4/13 4/12 5/12 6/12 7/12 8/12 9/12 10/12 11/12 12/12 12/11 12/10 12/9,400,5/13,False
912,1,left,05/09/2025 19:05:57,7/1,-1/0/0,7 1 22 17,10,7/1 8/1 9/1 10/1 11/1 12/1 13/1,7/14 6/14 5/14 4/14 4/13 4/12 5/12 6/12 7/12 8/12 9/12 10/12 11/12 12/12 12/11 12/10,400,5/13,False
913,1,left,05/09/2025 19:05:57,6/1,-1/0/0,6 1 23 17,10,6/1 7/1 8/1 9/1 10/1 11/1 12/1,8/14 7/14 6/14 5/14 4/14 4/13 4/12 5/12 6/12 7/12 8/12 9/12 10/12 11/12 12/12 12/11,400,5/13,False
914,1,down,05/09/2025 19:05:57,5/1,-1/0/0,5 1 24 17,10,5/1 6/1 7/1 8/1 9/1 10/1 11/1,9/14 8/14 7/14 6/14 5/14 4/14 4/13 4/12 5/12 6/12 7/12 8/12 9/12 10/12 11/12 12/12,400,5/13,False
915,1,down,05/09/2025 19:05:58,5/2,0/0/-1,5 2 24 16,10,5/2 5/1 6/1 7/1 8/1 9/1 10/1,10/14 9/14 8/14 7/14 6/14 5/14 4/14 4/13 4/12 5/12 6/12 7/12 8/12 9/12 10/12 11/12,400,5/13,False
916,1,right,05/09/2025 19:05:58,5/3,0/0/-1,5 3 24 15,10,5/3 5/2 5/1 6/1 7/1 8/1 9/1,11/14 10/14 9/14 8/14 7/14 6/14 5/14 4/14 4/13 4/12 5/12 6/12 7/12 8/12 9/12 10/12,400,5/13,False
917,1,right,05/09/2025 19:05:58,6/3,1/0/0,6 3 23 15,10,6/3 5/3 5/2 5/1 6/1 7/1 8/1,12/14 11/14 10/14 9/14 8/14 7/14 6/14 5/14 4/14 4/13 4/12 5/12 6/12 7/12 8/12 9/12,400,5/13,False
918,1,right,05/09/2025 19:05:58,7/3,1/0/0,7 3 22 15,10,7/3 6/3 5/3 5/2 5/1 6/1 7/1,13/14 12/14 11/14 10/14 9/14 8/14 7/14 6/14 5/14 4/14 4/13 4/12 5/12 6/12 7/12 8/12,400,5/13,False
919,1,right,05/09/2025 19:05:58,8/3,1/0/0,8 3 21 15,10,8/3 7/3 6/3 5/3 5/2 5/1 6/1,14/14 13/14 12/14 11/14 10/14 9/14 8/14 7/14 6/14 5/14 4/14 4/13 4/12 5/12 6/12 7/12,400,5/13,False
920,1,right,05/09/2025 19:05:59,9/3,1/0/0,9 3 20 15,10,9/3 8/3 7/3 6/3 5/3 5/2 5/1,14/13 14/14 13/14 12/14 11/14 10/14 9/14 8/14 7/14 6/14 5/14 4/14 4/13 4/12 5/12 6/12,400,5/13,False
921,1,right,05/09/2025 19:05:59,10/3,1/0/0,10 3 19 15,10,10/3 9/3 8/3 7/3 6/3 5/3 5/2,13/13 14/13 14/14 13/14 12/14 11/14 10/14 9/14 8/14 7/14 6/14 5/14 4/14 4/13 4/12 5/12,400,5/13,False
922,1,right,05/09/2025 19:05:59,11/3,1/0/0,11 3 18 15,10,11/3 10/3 9/3 8/3 7/3 6/3 5/3,12/13 13/13 14/13 14/14 13/14 12/14 11/14 10/14 9/14 8/14 7/14 6/14 5/14 4/14 4/13 4/12,400,5/13,False
923,1,right,05/09/2025 19:05:59,12/3,1/0/0,12 3 17 15,10,12/3 11/3 10/3 9/3 8/3 7/3 6/3,11/13 12/13 13/13 14/13 14/14 13/14 12/14 11/14 10/14 9/14 8/14 7/14 6/14 5/14 4/14 4/13,400,5/13,False
924,1,right,05/09/2025 19:05:59,13/3,1/0/0,13 3 16 15,10,13/3 12/3 11/3 10/3 9/3 8/3 7/3,10/13 11/13 12/13 13/13 14/13 14/14 13/14 12/14 11/14 10/14 9/14 8/14 7/14 6/14 5/14 4/14,400,5/13,False
925,1,right,05/09/2025 19:06:00,14/3,1/0/0,14 3 15 15,10,14/3 13/3 12/3 11/3 10/3 9/3 8/3,9/13 10/13 11/13 12/13 13/13 14/13 14/14 13/14 12/14 11/14 10/14 9/14 8/14 7/14 6/14 5/14,400,5/13,False
926,1,right,05/09/2025 19:06:00,15/3,1/0/0,15 3 14 15,10,15/3 14/3 13/3 12/3 11/3 10/3 9/3,8/13 9/13 10/13 11/13 12/13 13/13 14/13 14/14 13/14 12/14 11/14 10/14 9/14 8/14 7/14 6/14,400,5/13,False
927,1,right,05/09/2025 19:06:00,16/3,1/0/0,16 3 13 15,10,16/3 15/3 14/3 13/3 12/3 11/3 10/3,7/13 8/13 9/13 10/13 11/13 12/13 13/13 14/13 14/14 13/14 12/14 11/14 10/14 9/14 8/14 7/14,400,5/13,False
928,1,right,05/09/2025 19:06:00,17/3,1/0/0,17 3 12 15,10,17/3 16/3 15/3 14/3 13/3 12/3 11/3,6/13 7/13 8/13 9/13 10/13 11/13 12/13 13/13 14/13 14/14 13/14 12/14 11/14 10/14 9/14 8/14,400,5/13,False
929,1,right,05/09/2025 19:06:00,18/3,1/0/0,18 3 11 15,10,18/3 17/3 16/3 15/3 14/3 13/3 12/3,5/13 6/13 7/13 8/13 9/13 10/13 11/13 12/13 13/13 14/13 14/14 13/14 12/14 11/14 10/14,400,27/7,False
930,1,right,05/09/2025 19:06:01,19/3,1/0/0,19 3 10 15,10,19/3 18/3 17/3 16/3 15/3 14/3 13/3,5/12 5/13 6/13 7/13 8/13 9/13 10/13 11/13 12/13 13/13 14/13 14/14 13/14 12/14 11/14 10/14 9/14,400,27/7,False
931,1,right,05/09/2025 19:06:01,20/3,1/0/0,20 3 9 15,10,20/3 19/3 18/3 17/3 16/3 15/3 14/3,5/11 5/12 5/13 6/13 7/13 8/13 9/13 10/13 11/13 12/13 13/13 14/13 14/14 13/14 12/14 11/14 10/14,400,27/7,False
932,1,right,05/09/2025 19:06:01,21/3,1/0/0,21 3 8 15,10,21/3 20/3 19/3 18/3 17/3 16/3 15/3,5/10 5/11 5/12 5/13 6/13 7/13 8/13 9/13 10/13 11/13 12/13 13/13 14/13 14/14 13/14 12/14 11/14,400,27/7,False
933,1,right,05/09/2025 19:06:01,22/3,1/0/0,22 3 7 15,10,22/3 21/3 20/3 19/3 18/3 17/3 16/3,5/9 5/10 5/11 5/12 5/13 6/13 7/13 8/13 9/13 10/13 11/13 12/13 13/13 14/13 14/14 13/14 12/14,400,27/7,False
934,1,right,05/09/2025 19:06:01,23/3,1/0/0,23 3 6 15,10,23/3 22/3 21/3 20/3 19/3 18/3 17/3,5/8 5/9 5/10 5/11 5/12 5/13 6/13 7/13 8/13 9/13 10/13 11/13 12/13 13/13 14/13 14/14 13/14,400,27/7,False
935,1,right,05/09/2025 19:06:02,24/3,1/0/0,24 3 5 15,10,24/3 23/3 22/3 21/3 20/3 19/3 18/3,5/7 5/8 5/9 5/10 5/11 5/12 5/13 6/13 7/13 8/13 9/13 10/13 11/13 12/13 13/13 14/13 14/14,400,27/7,False
936,1,right,05/09/2025 19:06:02,25/3,1/0/0,25 3 4 15,10,25/3 24/3 23/3 22/3 21/3 20/3 19/3,5/6 5/7 5/8 5/9 5/10 5/11 5/12 5/13 6/13 7/13 8/13 9/13 10/13 11/13 12/13 13/13 14/13,400,27/7,False
937,1,right,05/09/2025 19:06:02,26/3,1/0/0,26 3 3 15,10,26/3 25/3 24/3 23/3 22/3 21/3 20/3,6/6 5/6 5/7 5/8 5/9 5/10 5/11 5/12 5/13 6/13 7/13 8/13 9/13 10/13 11/13 12/13 13/13,400,27/7,False
938,1,down,05/09/2025 19:06:02,27/3,1/0/0,27 3 2 15,10,27/3 26/3 25/3 24/3 23/3 22/3 21/3,7/6 6/6 5/6 5/7 5/8 5/9 5/10 5/11 5/12 5/13 6/13 7/13 8/13 9/13 10/13 11/13 12/13,400,27/7,False
939,1,down,05/09/2025 19:06:02,27/4,0/0/-1,27 4 2 14,10,27/4 27/3 26/3 25/3 24/3 23/3 22/3,8/6 7/6 6/6 5/6 5/7 5/8 5/9 5/10 5/11 5/12 5/13 6/13 7/13 8/13 9/13 10/13 11/13,400,27/7,False
940,1,down,05/09/2025 19:06:03,27/5,0/0/-1,27 5 2 13,10,27/5 27/4 27/3 26/3 25/3 24/3 23/3,9/6 8/6 7/6 6/6 5/6 5/7 5/8 5/9 5/10 5/11 5/12 5/13 6/13 7/13 8/13 9/13 10/13,400,27/7,False
941,1,down,05/09/2025 19:06:03,27/6,0/0/-1,27 6 2 12,10,27/6 27/5 27/4 27/3 26/3 25/3 24/3,10/6 9/6 8/6 7/6 6/6 5/6 5/7 5/8 5/9 5/10 5/11 5/12 5/13 6/13 7/13 8/13 9/13,400,27/7,False
942,1,down,05/09/2025 19:06:03,27/7,0/0/-1,27 7 2 11,10,27/7 27/6 27/5 27/4 27/3 26/3,11/6 10/6 9/6 8/6 7/6 6/6 5/6 5/7 5/8 5/9 5/10 5/11 5/12 5/13 6/13 7/13 8/13,500,12/9,False
943,1,down,05/09/2025 19:06:03,27/8,0/0/-1,27 8 2 10,10,27/8 27/7 27/6 27/5 27/4 27/3 26/3 25/3,12/6 11/6 10/6 9/6 8/6 7/6 6/6 5/6 5/7 5/8 5/9 5/10 5/11 5/12 5/13 6/13 7/13,500,12/9,False
944,1,left,05/09/2025 19:06:03,27/9,0/0/-1,27 9 2 9,10,27/9 27/8 27/7 27/6 27/5 27/4 27/3 26/3,13/6 12/6 11/6 10/6 9/6 8/6 7/6 6/6 5/6 5/7 5/8 5/9 5/10 5/11 5/12 5/13 6/13,500,12/9,False
945,1,left,05/09/2025 19:06:04,26/9,-1/0/0,26 9 3 9,10,26/9 27/9 27/8 27/7 27/6 27/5 27/4 27/3,14/6 13/6 12/6 11/6 10/6 9/6 8/6 7/6 6/6 5/6 5/7 5/8 5/9 5/10 5/11 5/12 5/13,500,12/9,False
946,1,left,05/09/2025 19:06:04,25/9,-1/0/0,25 9 4 9,10,25/9 26/9 27/9 27/8 27/7 27/6 27/5 27/4,15/6 14/6 13/6 12/6 11/6 10/6 9/6 8/6 7/6 6/6 5/6 5/7 5/8 5/9 5/10 5/11 5/12,500,12/9,False
947,1,left,05/09/2025 19:06:04,24/9,-1/0/0,24 9 5 9,10,24/9 25/9 26/9 27/9 27/8 27/7 27/6 27/5,16/6 15/6 14/6 13/6 12/6 11/6 10/6 9/6 8/6 7/6 6/6 5/6 5/7 5/8 5/9 5/10 5/11,500,12/9,False
948,1,left,05/09/2025 19:06:04,23/9,-1/0/0,23 9 6 9,10,23/9 24/9 25/9 26/9 27/9 27/8 27/7 27/6,17/6 16/6 15/6 14/6 13/6 12/6 11/6 10/6 9/6 8/6 7/6 6/6 5/6 5/7 5/8 5/9 5/10,500,12/9,False
949,1,left,05/09/2025 19:06:04,22/9,-1/0/0,22 9 7 9,10,22/9 23/9 24/9 25/9 26/9 27/9 27/8 27/7,18/6 17/6 16/6 15/6 14/6 13/6 12/6 11/6 10/6 9/6 8/6 7/6 6/6 5/6 5/7 5/8 5/9,500,12/9,False
950,1,left,05/09/2025 19:06:05,21/9,-1/0/0,21 9 8 9,10,21/9 22/9 23/9 24/9 25/9 26/9 27/9 27/8,19/6 18/6 17/6 16/6 15/6 14/6 13/6 12/6 11/6 10/6 9/6 8/6 7/6 6/6 5/6 5/7 5/8,500,12/9,False
951,1,left,05/09/2025 19:06:05,20/9,-1/0/0,20 9 9 9,10,20/9 21/9 22/9 23/9 24/9 25/9 26/9 27/9,20/6 19/6 18/6 17/6 16/6 15/6 14/6 13/6 12/6 11/6 10/6 9/6 8/6 7/6 6/6 5/6 5/7,500,12/9,False
952,1,left,05/09/2025 19:06:05,19/9,-1/0/0,19 9 10 9,10,19/9 20/9 21/9 22/9 23/9 24/9 25/9 26/9,21/6 20/6 19/6 18/6 17/6 16/6 15/6 14/6 13/6 12/6 11/6 10/6 9/6 8/6 7/6 6/6 5/6,500,12/9,False
953,1,left,05/09/2025 19:06:05,18/9,-1/0/0,18 9 11 9,10,18/9 19/9 20/9 21/9 22/9 23/9 24/9 25/9,22/6 21/6 20/6 19/6 18/6 17/6 16/6 15/6 14/6 13/6 12/6 11/6 10/6 9/6 8/6 7/6 6/6,500,12/9,False
954,1,left,05/09/2025 19:06:05,17/9,-1/0/0,17 9 12 9,10,17/9 18/9 19/9 20/9 21/9 22/9 23/9 24/9,23/6 22/6 21/6 20/6 19/6 18/6 17/6 16/6 15/6 14/6 13/6 12/6 11/6 10/6 9/6 8/6 7/6,500,12/9,False
955,1,left,05/09/2025 19:06:06,16/9,-1/0/0,16 9 13 9,10,16/9 17/9 18/9 19/9 20/9 21/9 22/9 23/9,23/5 23/6 22/6 21/6 20/6 19/6 18/6 17/6 16/6 15/6 14/6 13/6 12/6 11/6 10/6 9/6 8/6,500,12/9,False
956,1,left,05/09/2025 19:06:06,15/9,-1/0/0,15 9 14 9,10,15/9 16/9 17/9 18/9 19/9 20/9 21/9 22/9,23/4 23/5 23/6 22/6 21/6 20/6 19/6 18/6 17/6 16/6 15/6 14/6 13/6 12/6 11/6 10/6 9/6,500,12/9,False
957,1,left,05/09/2025 19:06:06,14/9,-1/0/0,14 9 15 9,10,14/9 15/9 16/9 17/9 18/9 19/9 20/9 21/9,23/3 23/4 23/5 23/6 22/6 21/6 20/6 19/6 18/6 17/6 16/6 15/6 14/6 13/6 12/6 11/6 10/6,500,12/9,False
958,1,left,05/09/2025 19:06:06,13/9,-1/0/0,13 9 16 9,10,13/9 14/9 15/9 16/9 17/9 18/9 19/9 20/9,22/3 23/3 23/4 23/5 23/6 22/6 21/6 20/6 19/6 18/6 17/6 16/6 15/6 14/6 13/6 12/6 11/6,500,12/9,False
959,1,left,05/09/2025 19:06:06,12/9,-1/0/0,12 9 17 9,10,12/9 13/9 14/9 15/9 16/9 17/9 18/9,21/3 22/3 23/3 23/4 23/5 23/6 22/6 21/6 20/6 19/6 18/6 17/6 16/6 15/6 14/6 13/6 12/6,600,25/11,False
960,1,left,05/09/2025 19:06:07,11/9,-1/0/0,11 9 18 9,10,11/9 12/9 13/9 14/9 15/9 16/9 17/9 18/9 19/9,20/3 21/3 22/3 23/3 23/4 23/5 23/6 22/6 21/6 20/6 19/6 18/6 17/6 16/6 15/6 14/6 13/6,600,25/11,False
961,1,left,05/09/2025 19:06:07,10/9,-1/0/0,10 9 19 9,10,10/9 11/9 12/9 13/9 14/9 15/9 16/9 17/9 18/9,19/3 20/3 21/3 22/3 23/3 23/4 23/5 23/6 22/6 21/6 20/6 19/6 18/6 17/6 16/6 15/6 14/6,600,25/11,False
962,1,down,05/09/2025 19:06:07,9/9,-1/0/0,9 9 20 9,10,9/9 10/9 11/9 12/9 13/9 14/9 15/9 16/9 17/9,18/3 19/3 20/3 21/3 22/3 23/3 23/4 23/5 23/6 22/6 21/6 20/6 19/6 18/6 17/6 16/6 15/6,600,25/11,False
963,1,down,05/09/2025 19:06:07,9/10,0/0/-1,9 10 20 8,10,9/10 9/9 10/9 11/9 12/9 13/9 14/9 15/9 16/9,17/3 18/3 19/3 20/3 21/3 22/3 23/3 23/4 23/5 23/6 22/6 21/6 20/6 19/6 18/6 17/6 16/6,600,25/11,False
964,1,right,05/09/2025 19:06:07,9/11,0/0/-1,9 11 20 7,10,9/11 9/10 9/9 10/9 11/9 12/9 13/9 14/9 15/9,16/3 17/3 18/3 19/3 20/3 21/3 22/3 23/3 23/4 23/5 23/6 22/6 21/6 20/6 19/6 18/6 17/6,600,25/11,False
965,1,right,05/09/2025 19:06:08,10/11,1/0/0,10 11 19 7,10,10/11 9/11 9/10 9/9 10/9 11/9 12/9 13/9 14/9,15/3 16/3 17/3 18/3 19/3 20/3 21/3 22/3 23/3 23/4 23/5 23/6 22/6 21/6 20/6 19/6 18/6,600,25/11,False
966,1,right,05/09/2025 19:06:08,11/11,1/0/0,11 11 18 7,10,11/11 10/11 9/11 9/10 9/9 10/9 11/9 12/9 13/9,14/3 15/3 16/3 17/3 18/3 19/3 20/3 21/3 22/3 23/3 23/4 23/5 23/6 22/6 21/6 20/6 19/6,600,25/11,False
967,1,right,05/09/2025 19:06:08,12/11,1/0/0,12 11 17 7,10,12/11 11/11 10/11 9/11 9/10 9/9 10/9 11/9 12/9,13/3 14/3 15/3 16/3 17/3 18/3 19/3 20/3 21/3 22/3 23/3 23/4 23/5 23/6 22/6 21/6 20/6,600,25/11,False
968,1,right,05/09/2025 19:06:08,13/11,1/0/0,13 11 16 7,10,13/11 12/11 11/11 10/11 9/11 9/10 9/9 10/9 11/9,12/3 13/3 14/3 15/3 16/3 17/3 18/3 19/3 20/3 21/3 22/3 23/3 23/4 23/5 23/6 22/6 21/6,600,25/11,False
969,1,right,05/09/2025 19:06:08,14/11,1/0/0,14 11 15 7,10,14/11 13/11 12/11 11/11 10/11 9/11 9/10 9/9 10/9,11/3 12/3 13/3 14/3 15/3 16/3 17/3 18/3 19/3 20/3 21/3 22/3 23/3 23/4 23/5 23/6 22/6,600,25/11,False
970,1,right,05/09/2025 19:06:09,15/11,1/0/0,15 11 14 7,10,15/11 14/11 13/11 12/11 11/11 10/11 9/11 9/10 9/9,10/3 11/3 12/3 13/3 14/3 15/3 16/3 17/3 18/3 19/3 20/3 21/3 22/3 23/3 23/4 23/5 23/6,600,25/11,False
971,1,right,05/09/2025 19:06:09,16/11,1/0/0,16 11 13 7,10,16/11 15/11 14/11 13/11 12/11 11/11 10/11 9/11 9/10,9/3 10/3 11/3 12/3 13/3 14/3 15/3 16/3 17/3 18/3 19/3 20/3 21/3 22/3 23/3 23/4 23/5,600,25/11,False
972,1,right,05/09/2025 19:06:09,17/11,1/0/0,17 11 12 7,10,17/11 16/11 15/11 14/11 13/11 12/11 11/11 10/11 9/11,8/3 9/3 10/3 11/3 12/3 13/3 14/3 15/3 16/3 17/3 18/3 19/3 20/3 21/3 22/3 23/3 23/4,600,25/11,False
973,1,right,05/09/2025 19:06:09,18/11,1/0/0,18 11 11 7,10,18/11 17/11 16/11 15/11 14/11 13/11 12/11 11/11 10/11,7/3 8/3 9/3 10/3 11/3 12/3 13/3 14/3 15/3 16/3 17/3 18/3 19/3 20/3 21/3 22/3 23/3,600,25/11,False
974,1,right,05/09/2025 19:06:09,19/11,1/0/0,19 11 10 7,10,19/11 18/11 17/11 16/11 15/11 14/11 13/11 12/11 11/11,7/4 7/3 8/3 9/3 10/3 11/3 12/3 13/3 14/3 15/3 16/3 17/3 18/3 19/3 20/3 21/3 22/3,600,25/11,False
975,1,right,05/09/2025 19:06:10,20/11,1/0/0,20 11 9 7,10,20/11 19/11 18/11 17/11 16/11 15/11 14/11 13/11 12/11,7/5 7/4 7/3 8/3 9/3 10/3 11/3 12/3 13/3 14/3 15/3 16/3 17/3 18/3 19/3 20/3 21/3,600,25/11,False
976,1,right,05/09/2025 19:06:10,21/11,1/0/0,21 11 8 7,10,21/11 20/11 19/11 18/11 17/11 16/11 15/11 14/11 13/11,7/6 7/5 7/4 7/3 8/3 9/3 10/3 11/3 12/3 13/3 14/3 15/3 16/3 17/3 18/3 19/3 20/3,600,25/11,False
977,1,right,05/09/2025 19:06:10,22/11,1/0/0,22 11 7 7,10,22/11 21/11 20/11 19/11 18/11 17/11 16/11 15/11 14/11,7/7 7/6 7/5 7/4 7/3 8/3 9/3 10/3 11/3 12/3 13/3 14/3 15/3 16/3 17/3 18/3 19/3,600,25/11,False
978,1,right,05/09/2025 19:06:10,23/11,1/0/0,23 11 6 7,10,23/11 22/11 21/11 20/11 19/11 18/11 17/11 16/11 15/11,8/7 7/7 7/6 7/5 7/4 7/3 8/3 9/3 10/3 11/3 12/3 13/3 14/3 15/3 16/3 17/3 18/3,600,25/11,False
979,1,right,05/09/2025 19:06:10,24/11,1/0/0,24 11 5 7,10,24/11 23/11 22/11 21/11 20/11 19/11 18/11 17/11 16/11,9/7 8/7 7/7 7/6 7/5 7/4 7/3 8/3 9/3 10/3 11/3 12/3 13/3 14/3 15/3 16/3 17/3,600,25/11,False
980,1,right,05/09/2025 19:06:11,25/11,1/0/0,25 11 4 7,10,25/11 24/11 23/11 22/11 21/11 20/11 19/11 18/11,10/7 9/7 8/7 7/7 7/6 7/5 7/4 7/3 8/3 9/3 10/3 11/3 12/3 13/3 14/3 15/3 16/3,700,6/11,False
981,1,up,05/09/2025 19:06:11,26/11,1/0/0,26 11 3 7,10,26/11 25/11 24/11 23/11 22/11 21/11 20/11 19/11 18/11 17/11,11/7 10/7 9/7 8/7 7/7 7/6 7/5 7/4 7/3 8/3 9/3 10/3 11/3 12/3 13/3 14/3 15/3,700,6/11,False
982,1,up,05/09/2025 19:06:11,26/10,0/0/1,26 10 3 8,10,26/10 26/11 25/11 24/11 23/11 22/11 21/11 20/11 19/11 18/11,12/7 11/7 10/7 9/7 8/7 7/7 7/6 7/5 7/4 7/3 8/3 9/3 10/3 11/3 12/3 13/3 14/3,700,6/11,False
983,1,up,05/09/2025 19:06:11,26/9,0/0/1,26 9 3 9,10,26/9 26/10 26/11 25/11 24/11 23/11 22/11 21/11 20/11 19/11,12/8 12/7 11/7 10/7 9/7 8/7 7/7 7/6 7/5 7/4 7/3 8/3 9/3 10/3 11/3 12/3 13/3,700,6/11,False
984,1,up,05/09/2025 19:06:11,26/8,0/0/1,26 8 3 10,10,26/8 26/9 26/10 26/11 25/11 24/11 23/11 22/11 21/11 20/11,12/9 12/8 12/7 11/7 10/7 9/7 8/7 7/7 7/6 7/5 7/4 7/3 8/3 9/3 10/3 11/3 12/3,700,6/11,False
985,1,up,05/09/2025 19:06:12,26/7,0/0/1,26 7 3 11,10,26/7 26/8 26/9 26/10 26/11 25/11 24/11 23/11 22/11 21/11,12/10 12/9 12/8 12/7 11/7 10/7 9/7 8/7 7/7 7/6 7/5 7/4 7/3 8/3 9/3 10/3 11/3,700,6/11,False
986,1,up,05/09/2025 19:06:12,26/6,0/0/1,26 6 3 12,10,26/6 26/7 26/8 26/9 26/10 26/11 25/11 24/11 23/11 22/11,12/11 12/10 12/9 12/8 12/7 11/7 10/7 9/7 8/7 7/7 7/6 7/5 7/4 7/3 8/3 9/3 10/3,700,6/11,False
987,1,up,05/09/2025 19:06:12,26/5,0/0/1,26 5 3 13,10,26/5 26/6 26/7 26/8 26/9 26/10 26/11 25/11 24/11 23/11,11/11 12/11 12/10 12/9 12/8 12/7 11/7 10/7 9/7 8/7 7/7 7/6 7/5 7/4 7/3 8/3 9/3,700,6/11,False
988,1,up,05/09/2025 19:06:12,26/4,0/0/1,26 4 3 14,10,26/4 26/5 26/6 26/7 26/8 26/9 26/10 26/11 25/11 24/11,10/11 11/11 12/11 12/10 12/9 12/8 12/7 11/7 10/7 9/7 8/7 7/7 7/6 7/5 7/4 7/3 8/3,700,6/11,False
989,1,left,05/09/2025 19:06:12,26/3,0/0/1,26 3 3 15,10,26/3 26/4 26/5 26/6 26/7 26/8 26/9 26/10 26/11 25/11,9/11 10/11 11/11 12/11 12/10 12/9 12/8 12/7 11/7 10/7 9/7 8/7 7/7 7/6 7/5 7/4 7/3,700,6/11,False
990,1,left,05/09/2025 19:06:13,25/3,-1/0/0,25 3 4 15,10,25/3 26/3 26/4 26/5 26/6 26/7 26/8 26/9 26/10 26/11,8/11 9/11 10/11 11/11 12/11 12/10 12/9 12/8 12/7 11/7 10/7 9/7 8/7 7/7 7/6 7/5 7/4,700,6/11,False
991,1,left,05/09/2025 19:06:13,24/3,-1/0/0,24 3 5 15,10,24/3 25/3 26/3 26/4 26/5 26/6 26/7 26/8 26/9 26/10,7/11 8/11 9/11 10/11 11/11 12/11 12/10 12/9 12/8 12/7 11/7 10/7 9/7 8/7 7/7 7/6 7/5,700,6/11,False
992,1,left,05/09/2025 19:06:13,23/3,-1/0/0,23 3 6 15,10,23/3 24/3 25/3 26/3 26/4 26/5 26/6 26/7 26/8 26/9,6/11 7/11 8/11 9/11 10/11 11/11 12/11 12/10 12/9 12/8 12/7 11/7 10/7 9/7 8/7 7/7,700,27/10,False
993,1,left,05/09/2025 19:06:13,22/3,-1/0/0,22 3 7 15,10,22/3 23/3 24/3 25/3 26/3 26/4 26/5 26/6 26/7 26/8,5/11 6/11 7/11 8/11 9/11 10/11 11/11 12/11 12/10 12/9 12/8 12/7 11/7 10/7 9/7 8/7 7/7 7/6,700,27/10,False
994,1,left,05/09/2025 19:06:13,21/3,-1/0/0,21 3 8 15,10,21/3 22/3 23/3 24/3 25/3 26/3 26/4 26/5 26/6 26/7,4/11 5/11 6/11 7/11 8/11 9/11 10/11 11/11 12/11 12/10 12/9 12/8 12/7 11/7 10/7 9/7 8/7 7/7,700,27/10,False
995,1,left,05/09/2025 19:06:14,20/3,-1/0/0,20 3 9 15,10,20/3 21/3 22/3 23/3 24/3 25/3 26/3 26/4 26/5 26/6,4/12 4/11 5/11 6/11 7/11 8/11 9/11 10/11 11/11 12/11 12/10 12/9 12/8 12/7 11/7 10/7 9/7 8/7,700,27/10,False
996,1,left,05/09/2025 19:06:14,19/3,-1/0/0,19 3 10 15,10,19/3 20/3 21/3 22/3 23/3 24/3 25/3 26/3 26/4 26/5,4/13 4/12 4/11 5/11 6/11 7/11 8/11 9/11 10/11 11/11 12/11 12/10 12/9 12/8 12/7 11/7 10/7 9/7,700,27/10,False
997,1,left,05/09/2025 19:06:14,18/3,-1/0/0,18 3 11 15,10,18/3 19/3 20/3 21/3 22/3 23/3 24/3 25/3 26/3 26/4,5/13 4/13 4/12 4/11 5/11 6/11 7/11 8/11 9/11 10/11 11/11 12/11 12/10 12/9 12/8 12/7 11/7 10/7,700,27/10,False
998,1,left,05/09/2025 19:06:14,17/3,-1/0/0,17 3 12 15,10,17/3 18/3 19/3 20/3 21/3 22/3 23/3 24/3 25/3 26/3,6/13 5/13 4/13 4/12 4/11 5/11 6/11 7/11 8/11 9/11 10/11 11/11 12/11 12/10 12/9 12/8 12/7 11/7,700,27/10,False
999,1,left,05/09/2025 19:06:14,16/3,-1/0/0,16 3 13 15,10,16/3 17/3 18/3 19/3 20/3 21/3 22/3 23/3 24/3 25/3,7/13 6/13 5/13 4/13 4/12 4/11 5/11 6/11 7/11 8/11 9/11 10/11 11/11 12/11 12/10 12/9 12/8 12/7,700,27/10,False
1000,1,left,05/09/2025 19:06:15,15/3,-1/0/0,15 3 14 15,10,15/3 16/3 17/3 18/3 19/3 20/3 21/3 22/3 23/3 24/3,8/13 7/13 6/13 5/13 4/13 4/12 4/11 5/11 6/11 7/11 8/11 9/11 10/11 11/11 12/11 12/10 12/9 12/8,700,27/10,False
1001,1,left,05/09/2025 19:06:15,14/3,-1/0/0,14 3 15 15,10,14/3 15/3 16/3 17/3 18/3 19/3 20/3 21/3 22/3 23/3,9/13 8/13 7/13 6/13 5/13 4/13 4/12 4/11 5/11 6/11 7/11 8/11 9/11 10/11 11/11 12/11 12/10 12/9,700,27/10,False
1002,1,left,05/09/2025 19:06:15,13/3,-1/0/0,13 3 16 15,10,13/3 14/3 15/3 16/3 17/3 18/3 19/3 20/3 21/3 22/3,10/13 9/13 8/13 7/13 6/13 5/13 4/13 4/12 4/11 5/11 6/11 7/11 8/11 9/11 10/11 11/11 12/11 12/10,700,27/10,False
1003,1,left,05/09/2025 19:06:15,12/3,-1/0/0,12 3 17 15,10,12/3 13/3 14/3 15/3 16/3 17/3 18/3 19/3 20/3 21/3,11/13 10/13 9/13 8/13 7/13 6/13 5/13 4/13 4/12 4/11 5/11 6/11 7/11 8/11 9/11 10/11 11/11 12/11,700,27/10,False
1004,1,left,05/09/2025 19:06:15,11/3,-1/0/0,11 3 18 15,10,11/3 12/3 13/3 14/3 15/3 16/3 17/3 18/3 19/3 20/3,12/13 11/13 10/13 9/13 8/13 7/13 6/13 5/13 4/13 4/12 4/11 5/11 6/11 7/11 8/11 9/11 10/11 11/11,700,27/10,False
1005,1,left,05/09/2025 19:06:16,10/3,-1/0/0,10 3 19 15,10,10/3 11/3 12/3 13/3 14/3 15/3 16/3 17/3 18/3 19/3,13/13 12/13 11/13 10/13 9/13 8/13 7/13 6/13 5/13 4/13 4/12 4/11 5/11 6/11 7/11 8/11 9/11 10/11,700,27/10,False
1006,1,left,05/09/2025 19:06:16,9/3,-1/0/0,9 3 20 15,10,9/3 10/3 11/3 12/3 13/3 14/3 15/3 16/3 17/3 18/3,14/13 13/13 12/13 11/13 10/13 9/13 8/13 7/13 6/13 5/13 4/13 4/12 4/11 5/11 6/11 7/11 8/11 9/11,700,27/10,False
1007,1,down,05/09/2025 19:06:16,8/3,-1/0/0,8 3 21 15,10,8/3 9/3 10/3 11/3 12/3 13/3 14/3 15/3 16/3 17/3,15/13 14/13 13/13 12/13 11/13 10/13 9/13 8/13 7/13 6/13 5/13 4/13 4/12 4/11 5/11 6/11 7/11 8/11,700,27/10,False
1008,1,down,05/09/2025 19:06:16,8/4,0/0/-1,8 4 21 14,10,8/4 8/3 9/3 10/3 11/3 12/3 13/3 14/3 15/3 16/3,16/13 15/13 14/13 13/13 12/13 11/13 10/13 9/13 8/13 7/13 6/13 5/13 4/13 4/12 4/11 5/11 6/11 7/11,700,27/10,False
1009,1,down,05/09/2025 19:06:16,8/5,0/0/-1,8 5 21 13,10,8/5 8/4 8/3 9/3 10/3 11/3 12/3 13/3 14/3 15/3,17/13 16/13 15/13 14/13 13/13 12/13 11/13 10/13 9/13 8/13 7/13 6/13 5/13 4/13 4/12 4/11 5/11 6/11,700,27/10,False
1010,1,down,05/09/2025 19:06:17,8/6,0/0/-1,8 6 21 12,10,8/6 8/5 8/4 8/3 9/3 10/3 11/3 12/3 13/3 14/3,18/13 17/13 16/13 15/13 14/13 13/13 12/13 11/13 10/13 9/13 8/13 7/13 6/13 5/13 4/13 4/12 4/11 5/11,700,27/10,False
1011,1,down,05/09/2025 19:06:17,8/7,0/0/-1,8 7 21 11,10,8/7 8/6 8/5 8/4 8/3 9/3 10/3 11/3 12/3 13/3,19/13 18/13 17/13 16/13 15/13 14/13 13/13 12/13 11/13 10/13 9/13 8/13 7/13 6/13 5/13 4/13 4/12 4/11,700,27/10,False
1012,1,right,05/09/2025 19:06:17,8/8,0/0/-1,8 8 21 10,10,8/8 8/7 8/6 8/5 8/4 8/3 9/3 10/3 11/3 12/3,20/13 19/13 18/13 17/13 16/13 15/13 14/13 13/13 12/13 11/13 10/13 9/13 8/13 7/13 6/13 5/13 4/13 4/12,700,27/10,False
1013,1,right,05/09/2025 19:06:17,9/8,1/0/0,9 8 20 10,10,9/8 8/8 8/7 8/6 8/5 8/4 8/3 9/3 10/3 11/3,21/13 20/13 19/13 18/13 17/13 16/13 15/13 14/13 13/13 12/13 11/13 10/13 9/13 8/13 7/13 6/13 5/13 4/13,700,27/10,False
1014,1,right,05/09/2025 19:06:17,10/8,1/0/0,10 8 19 10,10,10/8 9/8 8/8 8/7 8/6 8/5 8/4 8/3 9/3 10/3,22/13 21/13 20/13 19/13 18/13 17/13 16/13 15/13 14/13 13/13 12/13 11/13 10/13 9/13 8/13 7/13 6/13 5/13,700,27/10,False
1015,1,right,05/09/2025 19:06:18,11/8,1/0/0,11 8 18 10,10,11/8 10/8 9/8 8/8 8/7 8/6 8/5 8/4 8/3 9/3,23/13 22/13 21/13 20/13 19/13 18/13 17/13 16/13 15/13 14/13 13/13 12/13 11/13 10/13 9/13 8/13 7/13 6/13,700,27/10,False
1016,1,right,05/09/2025 19:06:18,12/8,1/0/0,12 8 17 10,10,12/8 11/8 10/8 9/8 8/8 8/7 8/6 8/5 8/4 8/3,24/13 23/13 22/13 21/13 20/13 19/13 18/13 17/13 16/13 15/13 14/13 13/13 12/13 11/13 10/13 9/13 8/13 7/13,700,27/10,False
1017,1,right,05/09/2025 19:06:18,13/8,1/0/0,13 8 16 10,10,13/8 12/8 11/8 10/8 9/8 8/8 8/7 8/6 8/5 8/4,25/13 24/13 23/13 22/13 21/13 20/13 19/13 18/13 17/13 16/13 15/13 14/13 13/13 12/13 11/13 10/13 9/13 8/13,700,27/10,False
1018,1,right,05/09/2025 19:06:18,14/8,1/0/0,14 8 15 10,10,14/8 13/8 12/8 11/8 10/8 9/8 8/8 8/7 8/6 8/5,26/13 25/13 24/13 23/13 22/13 21/13 20/13 19/13 18/13 17/13 16/13 15/13 14/13 13/13 12/13 11/13 10/13 9/13,700,27/10,False
1019,1,right,05/09/2025 19:06:18,15/8,1/0/0,15 8 14 10,10,15/8 14/8 13/8 12/8 11/8 10/8 9/8 8/8 8/7 8/6,27/13 26/13 25/13 24/13 23/13 22/13 21/13 20/13 19/13 18/13 17/13 16/13 15/13 14/13 13/13 12/13 11/13 10/13,700,27/10,False
1020,1,right,05/09/2025 19:06:19,16/8,1/0/0,16 8 13 10,10,16/8 15/8 14/8 13/8 12/8 11/8 10/8 9/8 8/8 8/7,27/12 27/13 26/13 25/13 24/13 23/13 22/13 21/13 20/13 19/13 18/13 17/13 16/13 15/13 14/13 13/13 12/13 11/13,700,27/10,False
1021,1,right,05/09/2025 19:06:19,17/8,1/0/0,17 8 12 10,10,17/8 16/8 15/8 14/8 13/8 12/8 11/8 10/8 9/8 8/8,27/11 27/12 27/13 26/13 25/13 24/13 23/13 22/13 21/13 20/13 19/13 18/13 17/13 16/13 15/13 14/13 13/13 12/13,700,27/10,False
1022,1,right,05/09/2025 19:06:19,18/8,1/0/0,18 8 11 10,10,18/8 17/8 16/8 15/8 14/8 13/8 12/8 11/8 10/8 9/8,27/10 27/11 27/12 27/13 26/13 25/13 24/13 23/13 22/13 21/13 20/13 19/13 18/13 17/13 16/13 15/13 14/13,700,7/6,False
1023,1,right,05/09/2025 19:06:19,19/8,1/0/0,19 8 10 10,10,19/8 18/8 17/8 16/8 15/8 14/8 13/8 12/8 11/8 10/8,26/10 27/10 27/11 27/12 27/13 26/13 25/13 24/13 23/13 22/13 21/13 20/13 19/13 18/13 17/13 16/13 15/13 14/13 13/13,700,7/6,False
1024,1,right,05/09/2025 19:06:19,20/8,1/0/0,20 8 9 10,10,20/8 19/8 18/8 17/8 16/8 15/8 14/8 13/8 12/8 11/8,25/10 26/10 27/10 27/11 27/12 27/13 26/13 25/13 24/13 23/13 22/13 21/13 20/13 19/13 18/13 17/13 16/13 15/13 14/13,700,7/6,False
1025,1,right,05/09/2025 19:06:20,21/8,1/0/0,21 8 8 10,10,21/8 20/8 19/8 18/8 17/8 16/8 15/8 14/8 13/8 12/8,24/10 25/10 26/10 27/10 27/11 27/12 27/13 26/13 25/13 24/13 23/13 22/13 21/13 20/13 19/13 18/13 17/13 16/13 15/13,700,7/6,False
1026,1,right,05/09/2025 19:06:20,22/8,1/0/0,22 8 7 10,10,22/8 21/8 20/8 19/8 18/8 17/8 16/8 15/8 14/8 13/8,23/10 24/10 25/10 26/10 27/10 27/11 27/12 27/13 26/13 25/13 24/13 23/13 22/13 21/13 20/13 19/13 18/13 17/13 16/13,700,7/6,False
1027,1,right,05/09/2025 19:06:20,23/8,1/0/0,23 8 6 10,10,23/8 22/8 21/8 20/8 19/8 18/8 17/8 16/8 15/8 14/8,22/10 23/10 24/10 25/10 26/10 27/10 27/11 27/12 27/13 26/13 25/13 24/13 23/13 22/13 21/13 20/13 19/13 18/13 17/13,700,7/6,False
1028,1,right,05/09/2025 19:06:20,24/8,1/0/0,24 8 5 10,10,24/8 23/8 22/8 21/8 20/8 19/8 18/8 17/8 16/8 15/8,21/10 22/10 23/10 24/10 25/10 26/10 27/10 27/11 27/12 27/13 26/13 25/13 24/13 23/13 22/13 21/13 20/13 19/13 18/13,700,7/6,False
1029,1,right,05/09/2025 19:06:20,25/8,1/0/0,25 8 4 10,10,25/8 24/8 23/8 22/8 21/8 20/8 19/8 18/8 17/8 16/8,20/10 21/10 22/10 23/10 24/10 25/10 26/10 27/10 27/11 27/12 27/13 26/13 25/13 24/13 23/13 22/13 21/13 20/13 19/13,700,7/6,False
1030,1,right,05/09/2025 19:06:21,26/8,1/0/0,26 8 3 10,10,26/8 25/8 24/8 23/8 22/8 21/8 20/8 19/8 18/8 17/8,19/10 20/10 21/10 22/10 23/10 24/10 25/10 26/10 27/10 27/11 27/12 27/13 26/13 25/13 24/13 23/13 22/13 21/13 20/13,700,7/6,False
1031,1,right,05/09/2025 19:06:21,27/8,1/0/0,27 8 2 10,10,27/8 26/8 25/8 24/8 23/8 22/8 21/8 20/8 19/8 18/8,18/10 19/10 20/10 21/10 22/10 23/10 24/10 25/10 26/10 27/10 27/11 27/12 27/13 26/13 25/13 24/13 23/13 22/13 21/13,700,7/6,False
1032,1,right,05/09/2025 19:06:21,28/8,1/0/0,28 8 1 10,10,28/8 27/8 26/8 25/8 24/8 23/8 22/8 21/8 20/8 19/8,17/10 18/10 19/10 20/10 21/10 22/10 23/10 24/10 25/10 26/10 27/10 27/11 27/12 27/13 26/13 25/13 24/13 23/13 22/13,700,7/6,True
1033,1,right,05/09/2025 19:06:23,29/8,-1/0/0,29 8 0 10,10,26/9 27/9 28/9,4/9 3/9 2/9,500,2/3,False
1034,1,right,05/09/2025 19:06:23,25/9,-1/0/0,25 9 4 9,10,25/9 26/9 27/9,5/9 4/9 3/9,500,2/3,False
1035,1,right,05/09/2025 19:06:23,24/9,-1/0/0,24 9 5 9,10,24/9 25/9 26/9,6/9 5/9 4/9,500,2/3,False
1036,1,right,05/09/2025 19:06:23,23/9,-1/0/0,23 9 6 9,10,23/9 24/9 25/9,7/9 6/9 5/9,500,2/3,False
1037,1,right,05/09/2025 19:06:23,22/9,-1/0/0,22 9 7 9,10,22/9 23/9 24/9,7/8 7/9 6/9,500,2/3,False
1038,1,right,05/09/2025 19:06:24,21/9,-1/0/0,21 9 8 9,10,21/9 22/9 23/9,7/7 7/8 7/9,500,2/3,False
1039,1,right,05/09/2025 19:06:24,20/9,-1/0/0,20 9 9 9,10,20/9 21/9 22/9,7/6 7/7 7/8,500,2/3,False
1040,1,right,05/09/2025 19:06:24,19/9,-1/0/0,19 9 10 9,10,19/9 20/9 21/9,7/5 7/6 7/7,500,2/3,False
1041,1,right,05/09/2025 19:06:24,18/9,-1/0/0,18 9 11 9,10,18/9 19/9 20/9,7/4 7/5 7/6,500,2/3,False
1042,1,right,05/09/2025 19:06:24,17/9,-1/0/0,17 9 12 9,10,17/9 18/9 19/9,7/3 7/4 7/5,500,2/3,False
1043,1,right,05/09/2025 19:06:25,16/9,-1/0/0,16 9 13 9,10,16/9 17/9 18/9,6/3 7/3 7/4,500,2/3,False
1044,1,right,05/09/2025 19:06:25,15/9,-1/0/0,15 9 14 9,10,15/9 16/9 17/9,5/3 6/3 7/3,500,2/3,False
1045,1,right,05/09/2025 19:06:25,14/9,-1/0/0,14 9 15 9,10,14/9 15/9 16/9,4/3 5/3 6/3,500,2/3,False
1046,1,right,05/09/2025 19:06:25,13/9,-1/0/0,13 9 16 9,10,13/9 14/9 15/9,3/3 4/3 5/3,500,2/3,False
1047,1,right,05/09/2025 19:06:26,12/9,-1/0/0,12 9 17 9,10,12/9 13/9 14/9,2/3 3/3,500,18/10,False
1048,1,right,05/09/2025 19:06:26,11/9,-1/0/0,11 9 18 9,10,11/9 12/9 13/9,2/4 2/3 3/3 4/3,500,18/10,False
1049,1,right,05/09/2025 19:06:26,10/9,-1/0/0,10 9 19 9,10,10/9 11/9 12/9,2/5 2/4 2/3 3/3,500,18/10,False
1050,1,right,05/09/2025 19:06:26,9/9,-1/0/0,9 9 20 9,10,9/9 10/9 11/9,3/5 2/5 2/4 2/3,500,18/10,False
1051,1,right,05/09/2025 19:06:26,8/9,-1/0/0,8 9 21 9,10,8/9 9/9 10/9,4/5 3/5 2/5 2/4,500,18/10,False
1052,1,down,05/09/2025 19:06:27,7/9,-1/0/0,7 9 22 9,10,7/9 8/9 9/9,5/5 4/5 3/5 2/5,500,18/10,False
1053,1,down,05/09/2025 19:06:27,7/10,0/0/-1,7 10 22 8,10,7/10 7/9 8/9,6/5 5/5 4/5 3/5,500,18/10,False
1054,1,down,05/09/2025 19:06:27,7/11,0/0/-1,7 11 22 7,10,7/11 7/10 7/9,7/5 6/5 5/5 4/5,500,18/10,False
1055,1,right,05/09/2025 19:06:27,7/12,0/0/-1,7 12 22 6,10,7/12 7/11 7/10,8/5 7/5 6/5 5/5,500,18/10,False
1056,1,right,05/09/2025 19:06:27,8/12,1/0/0,8 12 21 6,10,8/12 7/12 7/11,9/5 8/5 7/5 6/5,500,18/10,False
1057,1,right,05/09/2025 19:06:28,9/12,1/0/0,9 12 20 6,10,9/12 8/12 7/12,10/5 9/5 8/5 7/5,500,18/10,False
1058,1,right,05/09/2025 19:06:28,10/12,1/0/0,10 12 19 6,10,10/12 9/12 8/12,11/5 10/5 9/5 8/5,500,18/10,False
1059,1,right,05/09/2025 19:06:28,11/12,1/0/0,11 12 18 6,10,11/12 10/12 9/12,12/5 11/5 10/5 9/5,500,18/10,False
1060,1,right,05/09/2025 19:06:28,12/12,1/0/0,12 12 17 6,10,12/12 11/12 10/12,13/5 12/5 11/5 10/5,500,18/10,False
1061,1,left,05/09/2025 19:06:28,13/12,1/0/0,13 12 16 6,10,13/12 12/12 11/12,14/5 13/5 12/5 11/5,500,18/10,False
1062,1,left,05/09/2025 19:06:29,14/12,1/0/0,14 12 15 6,10,14/12 13/12 12/12,15/5 14/5 13/5 12/5,500,18/10,False
1063,1,up,05/09/2025 19:06:29,15/12,1/0/0,15 12 14 6,10,15/12 14/12 13/12,16/5 15/5 14/5 13/5,500,18/10,False
1064,1,left,05/09/2025 19:06:29,15/11,0/0/1,15 11 14 7,10,15/11 15/12 14/12,17/5 16/5 15/5 14/5,500,18/10,False
1065,1,left,05/09/2025 19:06:29,14/11,-1/0/0,14 11 15 7,10,14/11 15/11 15/12,18/5 17/5 16/5 15/5,500,18/10,False
1066,1,left,05/09/2025 19:06:29,13/11,-1/0/0,13 11 16 7,10,13/11 14/11 15/11,19/5 18/5 17/5 16/5,500,18/10,False
1067,1,left,05/09/2025 19:06:30,12/11,-1/0/0,12 11 17 7,10,12/11 13/11 14/11,19/6 19/5 18/5 17/5,500,18/10,False
1068,1,left,05/09/2025 19:06:30,11/11,-1/0/0,11 11 18 7,10,11/11 12/11 13/11,19/7 19/6 19/5 18/5,500,18/10,False
1069,1,left,05/09/2025 19:06:30,10/11,-1/0/0,10 11 19 7,10,10/11 11/11 12/11,19/8 19/7 19/6 19/5,500,18/10,False
1070,1,left,05/09/2025 19:06:30,9/11,-1/0/0,9 11 20 7,10,9/11 10/11 11/11,19/9 19/8 19/7 19/6,500,18/10,False
1071,1,left,05/09/2025 19:06:30,8/11,-1/0/0,8 11 21 7,10,8/11 9/11 10/11,19/10 19/9 19/8 19/7,500,18/10,False
1072,1,left,05/09/2025 19:06:31,7/11,-1/0/0,7 11 22 7,10,7/11 8/11 9/11,18/10 19/10 19/9,500,19/2,False
1073,1,up,05/09/2025 19:06:31,6/11,-1/0/0,6 11 23 7,10,6/11 7/11 8/11,17/10 18/10 19/10 19/9 19/8,500,19/2,False
1074,1,up,05/09/2025 19:06:31,6/10,0/0/1,6 10 23 8,10,6/10 6/11 7/11,16/10 17/10 18/10 19/10 19/9,500,19/2,False
1075,1,up,05/09/2025 19:06:31,6/9,0/0/1,6 9 23 9,10,6/9 6/10 6/11,15/10 16/10 17/10 18/10 19/10,500,19/2,False
1076,1,up,05/09/2025 19:06:31,6/8,0/0/1,6 8 23 10,10,6/8 6/9 6/10,14/10 15/10 16/10 17/10 18/10,500,19/2,False
1077,1,up,05/09/2025 19:06:32,6/7,0/0/1,6 7 23 11,10,6/7 6/8 6/9,14/9 14/10 15/10 16/10 17/10,500,19/2,False
1078,1,up,05/09/2025 19:06:32,6/6,0/0/1,6 6 23 12,10,6/6 6/7 6/8,14/8 14/9 14/10 15/10 16/10,500,19/2,False
1079,1,up,05/09/2025 19:06:32,6/5,0/0/1,6 5 23 13,10,6/5 6/6 6/7,14/7 14/8 14/9 14/10 15/10,500,19/2,False
1080,1,right,05/09/2025 19:06:32,6/4,0/0/1,6 4 23 14,10,6/4 6/5 6/6,14/6 14/7 14/8 14/9 14/10,500,19/2,False
1081,1,right,05/09/2025 19:06:32,7/4,1/0/0,7 4 22 14,10,7/4 6/4 6/5,14/5 14/6 14/7 14/8 14/9,500,19/2,False
1082,1,right,05/09/2025 19:06:33,8/4,1/0/0,8 4 21 14,10,8/4 7/4 6/4,14/4 14/5 14/6 14/7 14/8,500,19/2,False
1083,1,down,05/09/2025 19:06:33,9/4,1/0/0,9 4 20 14,10,9/4 8/4 7/4,14/3 14/4 14/5 14/6 14/7,500,19/2,False
1084,1,down,05/09/2025 19:06:33,9/5,0/0/-1,9 5 20 13,10,9/5 9/4 8/4,14/2 14/3 14/4 14/5 14/6,500,19/2,False
1085,1,down,05/09/2025 19:06:33,9/6,0/0/-1,9 6 20 12,10,9/6 9/5 9/4,14/1 14/2 14/3 14/4 14/5,500,19/2,False
1086,1,down,05/09/2025 19:06:33,9/7,0/0/-1,9 7 20 11,10,9/7 9/6 9/5,15/1 14/1 14/2 14/3 14/4,500,19/2,False
1087,1,down,05/09/2025 19:06:34,9/8,0/0/-1,9 8 20 10,10,9/8 9/7 9/6,16/1 15/1 14/1 14/2 14/3,500,19/2,False
1088,1,down,05/09/2025 19:06:34,9/9,0/0/-1,9 9 20 9,10,9/9 9/8 9/7,17/1 16/1 15/1 14/1 14/2,500,19/2,False
1089,1,down,05/09/2025 19:06:34,9/10,0/0/-1,9 10 20 8,10,9/10 9/9 9/8,18/1 17/1 16/1 15/1 14/1,500,19/2,False
1090,1,down,05/09/2025 19:06:34,9/11,0/0/-1,9 11 20 7,10,9/11 9/10 9/9,19/1 18/1 17/1 16/1 15/1,500,19/2,False
1091,1,down,05/09/2025 19:06:34,9/12,0/0/-1,9 12 20 6,10,9/12 9/11 9/10,19/2 19/1 18/1 17/1,500,25/6,False
1092,1,down,05/09/2025 19:06:35,9/13,0/0/-1,9 13 20 5,10,9/13 9/12 9/11,19/3 19/2 19/1 18/1 17/1 16/1,500,25/6,False
1093,1,down,05/09/2025 19:06:35,9/14,0/0/-1,9 14 20 4,10,9/14 9/13 9/12,19/4 19/3 19/2 19/1 18/1 17/1,500,25/6,False
1094,1,down,05/09/2025 19:06:35,9/15,0/0/-1,9 15 20 3,10,9/15 9/14 9/13,19/5 19/4 19/3 19/2 19/1 18/1,500,25/6,False
1095,1,right,05/09/2025 19:06:35,9/16,0/0/-1,9 16 20 2,10,9/16 9/15 9/14,19/6 19/5 19/4 19/3 19/2 19/1,500,25/6,False
1096,1,right,05/09/2025 19:06:35,10/16,1/0/0,10 16 19 2,10,10/16 9/16 9/15,19/7 19/6 19/5 19/4 19/3 19/2,500,25/6,False
1097,1,right,05/09/2025 19:06:36,11/16,1/0/0,11 16 18 2,10,11/16 10/16 9/16,19/8 19/7 19/6 19/5 19/4 19/3,500,25/6,False
1098,1,right,05/09/2025 19:06:36,12/16,1/0/0,12 16 17 2,10,12/16 11/16 10/16,20/8 19/8 19/7 19/6 19/5 19/4,500,25/6,False
1099,1,right,05/09/2025 19:06:36,13/16,1/0/0,13 16 16 2,10,13/16 12/16 11/16,21/8 20/8 19/8 19/7 19/6 19/5,500,25/6,False
1100,1,right,05/09/2025 19:06:36,14/16,1/0/0,14 16 15 2,10,14/16 13/16 12/16,22/8 21/8 20/8 19/8 19/7 19/6,500,25/6,False
1101,1,right,05/09/2025 19:06:36,15/16,1/0/0,15 16 14 2,10,15/16 14/16 13/16,23/8 22/8 21/8 20/8 19/8 19/7,500,25/6,False
1102,1,right,05/09/2025 19:06:37,16/16,1/0/0,16 16 13 2,10,16/16 15/16 14/16,24/8 23/8 22/8 21/8 20/8 19/8,500,25/6,False
1103,1,right,05/09/2025 19:06:37,17/16,1/0/0,17 16 12 2,10,17/16 16/16 15/16,25/8 24/8 23/8 22/8 21/8 20/8,500,25/6,False
1104,1,right,05/09/2025 19:06:37,18/16,1/0/0,18 16 11 2,10,18/16 17/16 16/16,25/7 25/8 24/8 23/8 22/8 21/8,500,25/6,False
1105,1,right,05/09/2025 19:06:37,19/16,1/0/0,19 16 10 2,10,19/16 18/16 17/16,25/6 25/7 25/8 24/8 23/8,500,22/7,False
1106,1,right,05/09/2025 19:06:37,20/16,1/0/0,20 16 9 2,10,20/16 19/16 18/16,25/5 25/6 25/7 25/8 24/8 23/8 22/8,500,22/7,False
1107,1,right,05/09/2025 19:06:38,21/16,1/0/0,21 16 8 2,10,21/16 20/16 19/16,24/5 25/5 25/6 25/7 25/8 24/8 23/8,500,22/7,False
1108,1,right,05/09/2025 19:06:38,22/16,1/0/0,22 16 7 2,10,22/16 21/16 20/16,23/5 24/5 25/5 25/6 25/7 25/8 24/8,500,22/7,False
1109,1,right,05/09/2025 19:06:38,23/16,1/0/0,23 16 6 2,10,23/16 22/16 21/16,22/5 23/5 24/5 25/5 25/6 25/7 25/8,500,22/7,False
1110,1,right,05/09/2025 19:06:38,24/16,1/0/0,24 16 5 2,10,24/16 23/16 22/16,22/6 22/5 23/5 24/5 25/5 25/6 25/7,500,22/7,False
1111,1,up,05/09/2025 19:06:38,25/16,1/0/0,25 16 4 2,10,25/16 24/16 23/16,22/7 22/6 22/5 23/5 24/5 25/5,500,12/4,False
1112,1,up,05/09/2025 19:06:39,25/15,0/0/1,25 15 4 3,10,25/15 25/16 24/16,22/8 22/7 22/6 22/5 23/5 24/5 25/5 25/6,500,12/4,False
1113,1,up,05/09/2025 19:06:39,25/14,0/0/1,25 14 4 4,10,25/14 25/15 25/16,22/9 22/8 22/7 22/6 22/5 23/5 24/5 25/5,500,12/4,False
1114,1,left,05/09/2025 19:06:39,25/13,0/0/1,25 13 4 5,10,25/13 25/14 25/15,22/10 22/9 22/8 22/7 22/6 22/5 23/5 24/5,500,12/4,False
1115,1,left,05/09/2025 19:06:39,24/13,-1/0/0,24 13 5 5,10,24/13 25/13 25/14,22/11 22/10 22/9 22/8 22/7 22/6 22/5 23/5,500,12/4,False
1116,1,left,05/09/2025 19:06:39,23/13,-1/0/0,23 13 6 5,10,23/13 24/13 25/13,22/12 22/11 22/10 22/9 22/8 22/7 22/6 22/5,500,12/4,False
1117,1,left,05/09/2025 19:06:40,22/13,-1/0/0,22 13 7 5,10,22/13 23/13 24/13,21/12 22/12 22/11 22/10 22/9 22/8 22/7 22/6,500,12/4,False
1118,1,left,05/09/2025 19:06:40,21/13,-1/0/0,21 13 8 5,10,21/13 22/13 23/13,20/12 21/12 22/12 22/11 22/10 22/9 22/8 22/7,500,12/4,False
1119,1,left,05/09/2025 19:06:40,20/13,-1/0/0,20 13 9 5,10,20/13 21/13 22/13,19/12 20/12 21/12 22/12 22/11 22/10 22/9 22/8,500,12/4,False
1120,1,left,05/09/2025 19:06:40,19/13,-1/0/0,19 13 10 5,10,19/13 20/13 21/13,18/12 19/12 20/12 21/12 22/12 22/11 22/10 22/9,500,12/4,False
1121,1,left,05/09/2025 19:06:40,18/13,-1/0/0,18 13 11 5,10,18/13 19/13 20/13,17/12 18/12 19/12 20/12 21/12 22/12 22/11 22/10,500,12/4,False
1122,1,left,05/09/2025 19:06:41,17/13,-1/0/0,17 13 12 5,10,17/13 18/13 19/13,16/12 17/12 18/12 19/12 20/12 21/12 22/12 22/11,500,12/4,False
1123,1,left,05/09/2025 19:06:41,16/13,-1/0/0,16 13 13 5,10,16/13 17/13 18/13,15/12 16/12 17/12 18/12 19/12 20/12 21/12 22/12,500,12/4,False
1124,1,left,05/09/2025 19:06:41,15/13,-1/0/0,15 13 14 5,10,15/13 16/13 17/13,14/12 15/12 16/12 17/12 18/12 19/12 20/12 21/12,500,12/4,False
1125,1,left,05/09/2025 19:06:41,14/13,-1/0/0,14 13 15 5,10,14/13 15/13 16/13,13/12 14/12 15/12 16/12 17/12 18/12 19/12 20/12,500,12/4,False
1126,1,left,05/09/2025 19:06:41,13/13,-1/0/0,13 13 16 5,10,13/13 14/13 15/13,12/12 13/12 14/12 15/12 16/12 17/12 18/12 19/12,500,12/4,False
1127,1,left,05/09/2025 19:06:42,12/13,-1/0/0,12 13 17 5,10,12/13 13/13 14/13,12/11 12/12 13/12 14/12 15/12 16/12 17/12 18/12,500,12/4,False
1128,1,left,05/09/2025 19:06:42,11/13,-1/0/0,11 13 18 5,10,11/13 12/13 13/13,12/10 12/11 12/12 13/12 14/12 15/12 16/12 17/12,500,12/4,False
1129,1,left,05/09/2025 19:06:42,10/13,-1/0/0,10 13 19 5,10,10/13 11/13 12/13,12/9 12/10 12/11 12/12 13/12 14/12 15/12 16/12,500,12/4,False
1130,1,left,05/09/2025 19:06:42,9/13,-1/0/0,9 13 20 5,10,9/13 10/13 11/13,12/8 12/9 12/10 12/11 12/12 13/12 14/12 15/12,500,12/4,False
1131,1,left,05/09/2025 19:06:42,8/13,-1/0/0,8 13 21 5,10,8/13 9/13 10/13,12/7 12/8 12/9 12/10 12/11 12/12 13/12 14/12,500,12/4,False
1132,1,left,05/09/2025 19:06:43,7/13,-1/0/0,7 13 22 5,10,7/13 8/13 9/13,12/6 12/7 12/8 12/9 12/10 12/11 12/12 13/12,500,12/4,False
1133,1,left,05/09/2025 19:06:43,6/13,-1/0/0,6 13 23 5,10,6/13 7/13 8/13,12/5 12/6 12/7 12/8 12/9 12/10 12/11 12/12,500,12/4,False
1134,1,left,05/09/2025 19:06:43,5/13,-1/0/0,5 13 24 5,10,5/13 6/13 7/13,12/4 12/5 12/6 12/7 12/8 12/9 12/10,500,28/15,False
1135,1,left,05/09/2025 19:06:43,4/13,-1/0/0,4 13 25 5,10,4/13 5/13 6/13,13/4 12/4 12/5 12/6 12/7 12/8 12/9 12/10 12/11,500,28/15,False
1136,1,right,05/09/2025 19:06:43,3/13,-1/0/0,3 13 26 5,10,3/13 4/13 5/13,14/4 13/4 12/4 12/5 12/6 12/7 12/8 12/9 12/10,500,28/15,False
1137,1,right,05/09/2025 19:06:44,2/13,-1/0/0,2 13 27 5,10,2/13 3/13 4/13,15/4 14/4 13/4 12/4 12/5 12/6 12/7 12/8 12/9,500,28/15,False
1138,1,up,05/09/2025 19:06:44,1/13,-1/0/0,1 13 28 5,10,1/13 2/13 3/13,16/4 15/4 14/4 13/4 12/4 12/5 12/6 12/7 12/8,500,28/15,True
1139,1,up,05/09/2025 19:06:44,1/12,0/0/1,1 12 28 6,10,1/12 1/13 2/13,17/4 16/4 15/4 14/4 13/4 12/4 12/5 12/6 12/7,500,28/15,False
1140,1,right,05/09/2025 19:06:44,1/11,0/0/1,1 11 28 7,10,1/11 1/12 1/13,18/4 17/4 16/4 15/4 14/4 13/4 12/4 12/5 12/6,500,28/15,False
1141,1,right,05/09/2025 19:06:44,2/11,1/0/0,2 11 27 7,10,2/11 1/11 1/12,19/4 18/4 17/4 16/4 15/4 14/4 13/4 12/4 12/5,500,28/15,False
1142,1,right,05/09/2025 19:06:45,3/11,1/0/0,3 11 26 7,10,3/11 2/11 1/11,20/4 19/4 18/4 17/4 16/4 15/4 14/4 13/4 12/4,500,28/15,False
1143,1,right,05/09/2025 19:06:45,4/11,1/0/0,4 11 25 7,10,4/11 3/11 2/11,21/4 20/4 19/4 18/4 17/4 16/4 15/4 14/4 13/4,500,28/15,False
1144,1,right,05/09/2025 19:06:45,5/11,1/0/0,5 11 24 7,10,5/11 4/11 3/11,22/4 21/4 20/4 19/4 18/4 17/4 16/4 15/4 14/4,500,28/15,False
1145,1,right,05/09/2025 19:06:45,6/11,1/0/0,6 11 23 7,10,6/11 5/11 4/11,23/4 22/4 21/4 20/4 19/4 18/4 17/4 16/4 15/4,500,28/15,False
1146,1,right,05/09/2025 19:06:45,7/11,1/0/0,7 11 22 7,10,7/11 6/11 5/11,24/4 23/4 22/4 21/4 20/4 19/4 18/4 17/4 16/4,500,28/15,False
1147,1,right,05/09/2025 19:06:46,8/11,1/0/0,8 11 21 7,10,8/11 7/11 6/11,25/4 24/4 23/4 22/4 21/4 20/4 19/4 18/4 17/4,500,28/15,False
1148,1,right,05/09/2025 19:06:46,9/11,1/0/0,9 11 20 7,10,9/11 8/11 7/11,26/4 25/4 24/4 23/4 22/4 21/4 20/4 19/4 18/4,500,28/15,False
1149,1,right,05/09/2025 19:06:46,10/11,1/0/0,10 11 19 7,10,10/11 9/11 8/11,27/4 26/4 25/4 24/4 23/4 22/4 21/4 20/4 19/4,500,28/15,False
1150,1,right,05/09/2025 19:06:46,11/11,1/0/0,11 11 18 7,10,11/11 10/11 9/11,28/4 27/4 26/4 25/4 24/4 23/4 22/4 21/4 20/4,500,28/15,False
1151,1,right,05/09/2025 19:06:46,12/11,1/0/0,12 11 17 7,10,12/11 11/11 10/11,28/5 28/4 27/4 26/4 25/4 24/4 23/4 22/4 21/4,500,28/15,False
1152,1,right,05/09/2025 19:06:47,13/11,1/0/0,13 11 16 7,10,13/11 12/11 11/11,28/6 28/5 28/4 27/4 26/4 25/4 24/4 23/4 22/4,500,28/15,False
1153,1,right,05/09/2025 19:06:47,14/11,1/0/0,14 11 15 7,10,14/11 13/11 12/11,28/7 28/6 28/5 28/4 27/4 26/4 25/4 24/4 23/4,500,28/15,False
1154,1,right,05/09/2025 19:06:47,15/11,1/0/0,15 11 14 7,10,15/11 14/11 13/11,28/8 28/7 28/6 28/5 28/4 27/4 26/4 25/4 24/4,500,28/15,False
1155,1,right,05/09/2025 19:06:47,16/11,1/0/0,16 11 13 7,10,16/11 15/11 14/11,28/9 28/8 28/7 28/6 28/5 28/4 27/4 26/4 25/4,500,28/15,False
1156,1,right,05/09/2025 19:06:47,17/11,1/0/0,17 11 12 7,10,17/11 16/11 15/11,28/10 28/9 28/8 28/7 28/6 28/5 28/4 27/4 26/4,500,28/15,False
1157,1,right,05/09/2025 19:06:48,18/11,1/0/0,18 11 11 7,10,18/11 17/11 16/11,28/11 28/10 28/9 28/8 28/7 28/6 28/5 28/4 27/4,500,28/15,False
1158,1,right,05/09/2025 19:06:48,19/11,1/0/0,19 11 10 7,10,19/11 18/11 17/11,28/12 28/11 28/10 28/9 28/8 28/7 28/6 28/5 28/4,500,28/15,False
1159,1,right,05/09/2025 19:06:48,20/11,1/0/0,20 11 9 7,10,20/11 19/11 18/11,28/13 28/12 28/11 28/10 28/9 28/8 28/7 28/6 28/5,500,28/15,False
1160,1,right,05/09/2025 19:06:48,21/11,1/0/0,21 11 8 7,10,21/11 20/11 19/11,28/14 28/13 28/12 28/11 28/10 28/9 28/8 28/7 28/6,500,28/15,False
1161,1,right,05/09/2025 19:06:48,22/11,1/0/0,22 11 7 7,10,22/11 21/11 20/11,28/15 28/14 28/13 28/12 28/11 28/10 28/9 28/8,500,7/8,False
1162,1,right,05/09/2025 19:06:49,23/11,1/0/0,23 11 6 7,10,23/11 22/11 21/11,28/16 28/15 28/14 28/13 28/12 28/11 28/10 28/9 28/8 28/7,500,7/8,False
1163,1,left,05/09/2025 19:06:49,24/11,1/0/0,24 11 5 7,10,24/11 23/11 22/11,27/16 28/16 28/15 28/14 28/13 28/12 28/11 28/10 28/9 28/8,500,7/8,False
1164,1,left,05/09/2025 19:06:49,25/11,1/0/0,25 11 4 7,10,25/11 24/11 23/11,26/16 27/16 28/16 28/15 28/14 28/13 28/12 28/11 28/10 28/9,500,7/8,False
1165,1,down,05/09/2025 19:06:49,26/11,1/0/0,26 11 3 7,10,26/11 25/11 24/11,25/16 26/16 27/16 28/16 28/15 28/14 28/13 28/12 28/11 28/10,500,7/8,False
1166,1,left,05/09/2025 19:06:49,26/12,0/0/-1,26 12 3 6,10,26/12 26/11 25/11,24/16 25/16 26/16 27/16 28/16 28/15 28/14 28/13 28/12 28/11,500,7/8,False
1167,1,left,05/09/2025 19:06:50,25/12,-1/0/0,25 12 4 6,10,25/12 26/12 26/11,23/16 24/16 25/16 26/16 27/16 28/16 28/15 28/14 28/13 28/12,500,7/8,False
1168,1,left,05/09/2025 19:06:50,24/12,-1/0/0,24 12 5 6,10,24/12 25/12 26/12,22/16 23/16 24/16 25/16 26/16 27/16 28/16 28/15 28/14 28/13,500,7/8,False
1169,1,left,05/09/2025 19:06:50,23/12,-1/0/0,23 12 6 6,10,23/12 24/12 25/12,21/16 22/16 23/16 24/16 25/16 26/16 27/16 28/16 28/15 28/14,500,7/8,False
1170,1,left,05/09/2025 19:06:50,22/12,-1/0/0,22 12 7 6,10,22/12 23/12 24/12,20/16 21/16 22/16 23/16 24/16 25/16 26/16 27/16 28/16 28/15,500,7/8,False
1171,1,left,05/09/2025 19:06:50,21/12,-1/0/0,21 12 8 6,10,21/12 22/12 23/12,19/16 20/16 21/16 22/16 23/16 24/16 25/16 26/16 27/16 28/16,500,7/8,False
1172,1,left,05/09/2025 19:06:51,20/12,-1/0/0,20 12 9 6,10,20/12 21/12 22/12,18/16 19/16 20/16 21/16 22/16 23/16 24/16 25/16 26/16 27/16,500,7/8,False
1173,1,left,05/09/2025 19:06:51,19/12,-1/0/0,19 12 10 6,10,19/12 20/12 21/12,17/16 18/16 19/16 20/16 21/16 22/16 23/16 24/16 25/16 26/16,500,7/8,False
1174,1,left,05/09/2025 19:06:51,18/12,-1/0/0,18 12 11 6,10,18/12 19/12 20/12,16/16 17/16 18/16 19/16 20/16 21/16 22/16 23/16 24/16 25/16,500,7/8,False
1175,1,left,05/09/2025 19:06:51,17/12,-1/0/0,17 12 12 6,10,17/12 18/12 19/12,15/16 16/16 17/16 18/16 19/16 20/16 21/16 22/16 23/16 24/16,500,7/8,False
1176,1,left,05/09/2025 19:06:51,16/12,-1/0/0,16 12 13 6,10,16/12 17/12 18/12,14/16 15/16 16/16 17/16 18/16 19/16 20/16 21/16 22/16 23/16,500,7/8,False
1177,1,left,05/09/2025 19:06:52,15/12,-1/0/0,15 12 14 6,10,15/12 16/12 17/12,13/16 14/16 15/16 16/16 17/16 18/16 19/16 20/16 21/16 22/16,500,7/8,False
1178,1,left,05/09/2025 19:06:52,14/12,-1/0/0,14 12 15 6,10,14/12 15/12 16/12,12/16 13/16 14/16 15/16 16/16 17/16 18/16 19/16 20/16 21/16,500,7/8,False
1179,1,left,05/09/2025 19:06:52,13/12,-1/0/0,13 12 16 6,10,13/12 14/12 15/12,11/16 12/16 13/16 14/16 15/16 16/16 17/16 18/16 19/16 20/16,500,7/8,False
1180,1,left,05/09/2025 19:06:52,12/12,-1/0/0,12 12 17 6,10,12/12 13/12 14/12,10/16 11/16 12/16 13/16 14/16 15/16 16/16 17/16 18/16 19/16,500,7/8,False
1181,1,left,05/09/2025 19:06:52,11/12,-1/0/0,11 12 18 6,10,11/12 12/12 13/12,9/16 10/16 11/16 12/16 13/16 14/16 15/16 16/16 17/16 18/16,500,7/8,False
1182,1,left,05/09/2025 19:06:53,10/12,-1/0/0,10 12 19 6,10,10/12 11/12 12/12,8/16 9/16 10/16 11/16 12/16 13/16 14/16 15/16 16/16 17/16,500,7/8,False
1183,1,left,05/09/2025 19:06:53,9/12,-1/0/0,9 12 20 6,10,9/12 10/12 11/12,7/16 8/16 9/16 10/16 11/16 12/16 13/16 14/16 15/16 16/16,500,7/8,False
1184,1,left,05/09/2025 19:06:53,8/12,-1/0/0,8 12 21 6,10,8/12 9/12 10/12,6/16 7/16 8/16 9/16 10/16 11/16 12/16 13/16 14/16 15/16,500,7/8,False
1185,1,up,05/09/2025 19:06:53,7/12,-1/0/0,7 12 22 6,10,7/12 8/12 9/12,5/16 6/16 7/16 8/16 9/16 10/16 11/16 12/16 13/16 14/16,500,7/8,False
1186,1,up,05/09/2025 19:06:53,7/11,0/0/1,7 11 22 7,10,7/11 7/12 8/12,4/16 5/16 6/16 7/16 8/16 9/16 10/16 11/16 12/16 13/16,500,7/8,False
1187,1,up,05/09/2025 19:06:54,7/10,0/0/1,7 10 22 8,10,7/10 7/11 7/12,3/16 4/16 5/16 6/16 7/16 8/16 9/16 10/16 11/16 12/16,500,7/8,False
1188,1,up,05/09/2025 19:06:54,7/9,0/0/1,7 9 22 9,10,7/9 7/10 7/11,2/16 3/16 4/16 5/16 6/16 7/16 8/16 9/16 10/16 11/16,500,7/8,False
1189,1,up,05/09/2025 19:06:54,7/8,0/0/1,7 8 22 10,10,7/8 7/9,2/15 2/16 3/16 4/16 5/16 6/16 7/16 8/16 9/16 10/16,600,18/2,False
1190,1,up,05/09/2025 19:06:54,7/7,0/0/1,7 7 22 11,10,7/7 7/8 7/9 7/10,2/14 2/15 2/16 3/16 4/16 5/16 6/16 7/16 8/16 9/16,600,18/2,False
1191,1,up,05/09/2025 19:06:54,7/6,0/0/1,7 6 22 12,10,7/6 7/7 7/8 7/9,2/13 2/14 2/15 2/16 3/16 4/16 5/16 6/16 7/16 8/16,600,18/2,False
1192,1,right,05/09/2025 19:06:55,7/5,0/0/1,7 5 22 13,10,7/5 7/6 7/7 7/8,2/12 2/13 2/14 2/15 2/16 3/16 4/16 5/16 6/16 7/16,600,18/2,False
1193,1,right,05/09/2025 19:06:55,8/5,1/0/0,8 5 21 13,10,8/5 7/5 7/6 7/7,2/11 2/12 2/13 2/14 2/15 2/16 3/16 4/16 5/16 6/16,600,18/2,False
1194,1,right,05/09/2025 19:06:55,9/5,1/0/0,9 5 20 13,10,9/5 8/5 7/5 7/6,2/10 2/11 2/12 2/13 2/14 2/15 2/16 3/16 4/16 5/16,600,18/2,False
1195,1,right,05/09/2025 19:06:55,10/5,1/0/0,10 5 19 13,10,10/5 9/5 8/5 7/5,2/9 2/10 2/11 2/12 2/13 2/14 2/15 2/16 3/16 4/16,600,18/2,False
1196,1,right,05/09/2025 19:06:55,11/5,1/0/0,11 5 18 13,10,11/5 10/5 9/5 8/5,2/8 2/9 2/10 2/11 2/12 2/13 2/14 2/15 2/16 3/16,600,18/2,False
1197,1,right,05/09/2025 19:06:56,12/5,1/0/0,12 5 17 13,10,12/5 11/5 10/5 9/5,2/7 2/8 2/9 2/10 2/11 2/12 2/13 2/14 2/15 2/16,600,18/2,False
1198,1,right,05/09/2025 19:06:56,13/5,1/0/0,13 5 16 13,10,13/5 12/5 11/5 10/5,2/6 2/7 2/8 2/9 2/10 2/11 2/12 2/13 2/14 2/15,600,18/2,False
1199,1,right,05/09/2025 19:06:56,14/5,1/0/0,14 5 15 13,10,14/5 13/5 12/5 11/5,2/5 2/6 2/7 2/8 2/9 2/10 2/11 2/12 2/13 2/14,600,18/2,False
1200,1,right,05/09/2025 19:06:56,15/5,1/0/0,15 5 14 13,10,15/5 14/5 13/5 12/5,2/4 2/5 2/6 2/7 2/8 2/9 2/10 2/11 2/12 2/13,600,18/2,False
1201,1,right,05/09/2025 19:06:56,16/5,1/0/0,16 5 13 13,10,16/5 15/5 14/5 13/5,2/3 2/4 2/5 2/6 2/7 2/8 2/9 2/10 2/11 2/12,600,18/2,False
1202,1,right,05/09/2025 19:06:57,17/5,1/0/0,17 5 12 13,10,17/5 16/5 15/5 14/5,3/3 2/3 2/4 2/5 2/6 2/7 2/8 2/9 2/10 2/11,600,18/2,False
1203,1,right,05/09/2025 19:06:57,18/5,1/0/0,18 5 11 13,10,18/5 17/5 16/5 15/5,4/3 3/3 2/3 2/4 2/5 2/6 2/7 2/8 2/9 2/10,600,18/2,False
1204,1,right,05/09/2025 19:06:57,19/5,1/0/0,19 5 10 13,10,19/5 18/5 17/5 16/5,5/3 4/3 3/3 2/3 2/4 2/5 2/6 2/7 2/8 2/9,600,18/2,False
1205,1,right,05/09/2025 19:06:57,20/5,1/0/0,20 5 9 13,10,20/5 19/5 18/5 17/5,6/3 5/3 4/3 3/3 2/3 2/4 2/5 2/6 2/7 2/8,600,18/2,False
1206,1,right,05/09/2025 19:06:57,21/5,1/0/0,21 5 8 13,10,21/5 20/5 19/5 18/5,7/3 6/3 5/3 4/3 3/3 2/3 2/4 2/5 2/6 2/7,600,18/2,False
1207,1,right,05/09/2025 19:06:58,22/5,1/0/0,22 5 7 13,10,22/5 21/5 20/5 19/5,8/3 7/3 6/3 5/3 4/3 3/3 2/3 2/4 2/5 2/6,600,18/2,False
1208,1,right,05/09/2025 19:06:58,23/5,1/0/0,23 5 6 13,10,23/5 22/5 21/5 20/5,9/3 8/3 7/3 6/3 5/3 4/3 3/3 2/3 2/4 2/5,600,18/2,False
1209,1,right,05/09/2025 19:06:58,24/5,1/0/0,24 5 5 13,10,24/5 23/5 22/5 21/5,9/2 9/3 8/3 7/3 6/3 5/3 4/3 3/3 2/3 2/4,600,18/2,False
1210,1,right,05/09/2025 19:06:58,25/5,1/0/0,25 5 4 13,10,25/5 24/5 23/5 22/5,10/2 9/2 9/3 8/3 7/3 6/3 5/3 4/3 3/3 2/3,600,18/2,False
1211,1,right,05/09/2025 19:06:58,26/5,1/0/0,26 5 3 13,10,26/5 25/5 24/5 23/5,11/2 10/2 9/2 9/3 8/3 7/3 6/3 5/3 4/3 3/3,600,18/2,False
1212,1,down,05/09/2025 19:06:59,27/5,1/0/0,27 5 2 13,10,27/5 26/5 25/5 24/5,12/2 11/2 10/2 9/2 9/3 8/3 7/3 6/3 5/3 4/3,600,18/2,False
1213,1,down,05/09/2025 19:06:59,27/6,0/0/-1,27 6 2 12,10,27/6 27/5 26/5 25/5,13/2 12/2 11/2 10/2 9/2 9/3 8/3 7/3 6/3 5/3,600,18/2,False
1214,1,down,05/09/2025 19:06:59,27/7,0/0/-1,27 7 2 11,10,27/7 27/6 27/5 26/5,14/2 13/2 12/2 11/2 10/2 9/2 9/3 8/3 7/3 6/3,600,18/2,False
1215,1,down,05/09/2025 19:06:59,27/8,0/0/-1,27 8 2 10,10,27/8 27/7 27/6 27/5,15/2 14/2 13/2 12/2 11/2 10/2 9/2 9/3 8/3 7/3,600,18/2,False
1216,1,down,05/09/2025 19:06:59,27/9,0/0/-1,27 9 2 9,10,27/9 27/8 27/7 27/6,16/2 15/2 14/2 13/2 12/2 11/2 10/2 9/2 9/3 8/3,600,18/2,False
1217,1,down,05/09/2025 19:07:00,27/10,0/0/-1,27 10 2 8,10,27/10 27/9 27/8 27/7,17/2 16/2 15/2 14/2 13/2 12/2 11/2 10/2 9/2 9/3,600,18/2,False
1218,1,down,05/09/2025 19:07:00,27/11,0/0/-1,27 11 2 7,10,27/11 27/10 27/9 27/8,18/2 17/2 16/2 15/2 14/2 13/2 12/2 11/2 10/2,600,22/2,False
1219,1,down,05/09/2025 19:07:00,27/12,0/0/-1,27 12 2 6,10,27/12 27/11 27/10 27/9,18/3 18/2 17/2 16/2 15/2 14/2 13/2 12/2 11/2 10/2 9/2,600,22/2,False
1220,1,down,05/09/2025 19:07:00,27/13,0/0/-1,27 13 2 5,10,27/13 27/12 27/11 27/10,18/4 18/3 18/2 17/2 16/2 15/2 14/2 13/2 12/2 11/2 10/2,600,22/2,False
1221,1,down,05/09/2025 19:07:00,27/14,0/0/-1,27 14 2 4,10,27/14 27/13 27/12 27/11,18/5 18/4 18/3 18/2 17/2 16/2 15/2 14/2 13/2 12/2 11/2,600,22/2,False
1222,1,left,05/09/2025 19:07:01,27/15,0/0/-1,27 15 2 3,10,27/15 27/14 27/13 27/12,18/6 18/5 18/4 18/3 18/2 17/2 16/2 15/2 14/2 13/2 12/2,600,22/2,False
1223,1,left,05/09/2025 19:07:01,26/15,-1/0/0,26 15 3 3,10,26/15 27/15 27/14 27/13,18/7 18/6 18/5 18/4 18/3 18/2 17/2 16/2 15/2 14/2 13/2,600,22/2,False
1224,1,left,05/09/2025 19:07:01,25/15,-1/0/0,25 15 4 3,10,25/15 26/15 27/15 27/14,18/8 18/7 18/6 18/5 18/4 18/3 18/2 17/2 16/2 15/2 14/2,600,22/2,False
1225,1,left,05/09/2025 19:07:01,24/15,-1/0/0,24 15 5 3,10,24/15 25/15 26/15 27/15,19/8 18/8 18/7 18/6 18/5 18/4 18/3 18/2 17/2 16/2 15/2,600,22/2,False
1226,1,left,05/09/2025 19:07:01,23/15,-1/0/0,23 15 6 3,10,23/15 24/15 25/15 26/15,20/8 19/8 18/8 18/7 18/6 18/5 18/4 18/3 18/2 17/2 16/2,600,22/2,False
1227,1,left,05/09/2025 19:07:02,22/15,-1/0/0,22 15 7 3,10,22/15 23/15 24/15 25/15,21/8 20/8 19/8 18/8 18/7 18/6 18/5 18/4 18/3 18/2 17/2,600,22/2,False
1228,1,left,05/09/2025 19:07:02,21/15,-1/0/0,21 15 8 3,10,21/15 22/15 23/15 24/15,22/8 21/8 20/8 19/8 18/8 18/7 18/6 18/5 18/4 18/3 18/2,600,22/2,False
1229,1,left,05/09/2025 19:07:02,20/15,-1/0/0,20 15 9 3,10,20/15 21/15 22/15 23/15,23/8 22/8 21/8 20/8 19/8 18/8 18/7 18/6 18/5 18/4 18/3,600,22/2,False
1230,1,left,05/09/2025 19:07:02,19/15,-1/0/0,19 15 10 3,10,19/15 20/15 21/15 22/15,24/8 23/8 22/8 21/8 20/8 19/8 18/8 18/7 18/6 18/5 18/4,600,22/2,False
1231,1,left,05/09/2025 19:07:02,18/15,-1/0/0,18 15 11 3,10,18/15 19/15 20/15 21/15,25/8 24/8 23/8 22/8 21/8 20/8 19/8 18/8 18/7 18/6 18/5,600,22/2,False
1232,1,left,05/09/2025 19:07:03,17/15,-1/0/0,17 15 12 3,10,17/15 18/15 19/15 20/15,25/7 25/8 24/8 23/8 22/8 21/8 20/8 19/8 18/8 18/7 18/6,600,22/2,False
1233,1,left,05/09/2025 19:07:03,16/15,-1/0/0,16 15 13 3,10,16/15 17/15 18/15 19/15,25/6 25/7 25/8 24/8 23/8 22/8 21/8 20/8 19/8 18/8 18/7,600,22/2,False
1234,1,left,05/09/2025 19:07:03,15/15,-1/0/0,15 15 14 3,10,15/15 16/15 17/15 18/15,25/5 25/6 25/7 25/8 24/8 23/8 22/8 21/8 20/8 19/8 18/8,600,22/2,False
1235,1,left,05/09/2025 19:07:03,14/15,-1/0/0,14 15 15 3,10,14/15 15/15 16/15 17/15,25/4 25/5 25/6 25/7 25/8 24/8 23/8 22/8 21/8 20/8 19/8,600,22/2,False
1236,1,left,05/09/2025 19:07:03,13/15,-1/0/0,13 15 16 3,10,13/15 14/15 15/15 16/15,25/3 25/4 25/5 25/6 25/7 25/8 24/8 23/8 22/8 21/8 20/8,600,22/2,False
1237,1,left,05/09/2025 19:07:04,12/15,-1/0/0,12 15 17 3,10,12/15 13/15 14/15 15/15,25/2 25/3 25/4 25/5 25/6 25/7 25/8 24/8 23/8 22/8 21/8,600,22/2,False
1238,1,left,05/09/2025 19:07:04,11/15,-1/0/0,11 15 18 3,10,11/15 12/15 13/15 14/15,24/2 25/2 25/3 25/4 25/5 25/6 25/7 25/8 24/8 23/8 22/8,600,22/2,False
1239,1,left,05/09/2025 19:07:04,10/15,-1/0/0,10 15 19 3,10,10/15 11/15 12/15 13/15,23/2 24/2 25/2 25/3 25/4 25/5 25/6 25/7 25/8 24/8 23/8,600,22/2,False
1240,1,left,05/09/2025 19:07:04,9/15,-1/0/0,9 15 20 3,10,9/15 10/15 11/15 12/15,22/2 23/2 24/2 25/2 25/3 25/4 25/5 25/6 25/7 25/8,600,20/4,False
1241,1,left,05/09/2025 19:07:04,8/15,-1/0/0,8 15 21 3,10,8/15 9/15 10/15 11/15,21/2 22/2 23/2 24/2 25/2 25/3 25/4 25/5 25/6 25/7 25/8 24/8,600,20/4,False
1242,1,left,05/09/2025 19:07:05,7/15,-1/0/0,7 15 22 3,10,7/15 8/15 9/15 10/15,20/2 21/2 22/2 23/2 24/2 25/2 25/3 25/4 25/5 25/6 25/7 25/8,600,20/4,False
1243,1,left,05/09/2025 19:07:05,6/15,-1/0/0,6 15 23 3,10,6/15 7/15 8/15 9/15,20/3 20/2 21/2 22/2 23/2 24/2 25/2 25/3 25/4 25/5 25/6 25/7,600,20/4,False
1244,1,left,05/09/2025 19:07:05,5/15,-1/0/0,5 15 24 3,10,5/15 6/15 7/15 8/15,20/4 20/3 20/2 21/2 22/2 23/2 24/2 25/2 25/3 25/4 25/5,600,28/14,False
1245,1,left,05/09/2025 19:07:05,4/15,-1/0/0,4 15 25 3,10,4/15 5/15 6/15 7/15,20/5 20/4 20/3 20/2 21/2 22/2 23/2 24/2 25/2 25/3 25/4 25/5 25/6,600,28/14,False
1246,1,left,05/09/2025 19:07:05,3/15,-1/0/0,3 15 26 3,10,3/15 4/15 5/15 6/15,20/6 20/5 20/4 20/3 20/2 21/2 22/2 23/2 24/2 25/2 25/3 25/4 25/5,600,28/14,False
1247,1,left,05/09/2025 19:07:06,2/15,-1/0/0,2 15 27 3,10,2/15 3/15 4/15 5/15,20/7 20/6 20/5 20/4 20/3 20/2 21/2 22/2 23/2 24/2 25/2 25/3 25/4,600,28/14,False
1248,1,up,05/09/2025 19:07:06,1/15,-1/0/0,1 15 28 3,10,1/15 2/15 3/15 4/15,20/8 20/7 20/6 20/5 20/4 20/3 20/2 21/2 22/2 23/2 24/2 25/2 25/3,600,28/14,True
1249,1,up,05/09/2025 19:07:06,1/14,0/0/1,1 14 28 4,10,1/14 1/15 2/15 3/15,20/9 20/8 20/7 20/6 20/5 20/4 20/3 20/2 21/2 22/2 23/2 24/2 25/2,600,28/14,False
1250,1,right,05/09/2025 19:07:06,1/13,0/0/1,1 13 28 5,10,1/13 1/14 1/15 2/15,20/10 20/9 20/8 20/7 20/6 20/5 20/4 20/3 20/2 21/2 22/2 23/2 24/2,600,28/14,False
1251,1,right,05/09/2025 19:07:06,2/13,1/0/0,2 13 27 5,10,2/13 1/13 1/14 1/15,20/11 20/10 20/9 20/8 20/7 20/6 20/5 20/4 20/3 20/2 21/2 22/2 23/2,600,28/14,False
1252,1,right,05/09/2025 19:07:07,3/13,1/0/0,3 13 26 5,10,3/13 2/13 1/13 1/14,20/12 20/11 20/10 20/9 20/8 20/7 20/6 20/5 20/4 20/3 20/2 21/2 22/2,600,28/14,False
1253,1,right,05/09/2025 19:07:07,4/13,1/0/0,4 13 25 5,10,4/13 3/13 2/13 1/13,20/13 20/12 20/11 20/10 20/9 20/8 20/7 20/6 20/5 20/4 20/3 20/2 21/2,600,28/14,False
1254,1,right,05/09/2025 19:07:07,5/13,1/0/0,5 13 24 5,10,5/13 4/13 3/13 2/13,20/14 20/13 20/12 20/11 20/10 20/9 20/8 20/7 20/6 20/5 20/4 20/3 20/2,600,28/14,False
1255,1,right,05/09/2025 19:07:07,6/13,1/0/0,6 13 23 5,10,6/13 5/13 4/13 3/13,20/15 20/14 20/13 20/12 20/11 20/10 20/9 20/8 20/7 20/6 20/5 20/4 20/3,600,28/14,False
1256,1,right,05/09/2025 19:07:07,7/13,1/0/0,7 13 22 5,10,7/13 6/13 5/13 4/13,19/15 20/15 20/14 20/13 20/12 20/11 20/10 20/9 20/8 20/7 20/6 20/5 20/4,600,28/14,False
1257,1,right,05/09/2025 19:07:08,8/13,1/0/0,8 13 21 5,10,8/13 7/13 6/13 5/13,18/15 19/15 20/15 20/14 20/13 20/12 20/11 20/10 20/9 20/8 20/7 20/6 20/5,600,28/14,False
1258,1,right,05/09/2025 19:07:08,9/13,1/0/0,9 13 20 5,10,9/13 8/13 7/13 6/13,17/15 18/15 19/15 20/15 20/14 20/13 20/12 20/11 20/10 20/9 20/8 20/7 20/6,600,28/14,False
1259,1,right,05/09/2025 19:07:08,10/13,1/0/0,10 13 19 5,10,10/13 9/13 8/13 7/13,16/15 17/15 18/15 19/15 20/15 20/14 20/13 20/12 20/11 20/10 20/9 20/8 20/7,600,28/14,False
1260,1,right,05/09/2025 19:07:08,11/13,1/0/0,11 13 18 5,10,11/13 10/13 9/13 8/13,15/15 16/15 17/15 18/15 19/15 20/15 20/14 20/13 20/12 20/11 20/10 20/9 20/8,600,28/14,False
1261,1,right,05/09/2025 19:07:08,12/13,1/0/0,12 13 17 5,10,12/13 11/13 10/13 9/13,14/15 15/15 16/15 17/15 18/15 19/15 20/15 20/14 20/13 20/12 20/11 20/10 20/9,600,28/14,False
1262,1,right,05/09/2025 19:07:09,13/13,1/0/0,13 13 16 5,10,13/13 12/13 11/13 10/13,13/15 14/15 15/15 16/15 17/15 18/15 19/15 20/15 20/14 20/13 20/12 20/11 20/10,600,28/14,False
1263,1,right,05/09/2025 19:07:09,14/13,1/0/0,14 13 15 5,10,14/13 13/13 12/13 11/13,12/15 13/15 14/15 15/15 16/15 17/15 18/15 19/15 20/15 20/14 20/13 20/12 20/11,600,28/14,False
1264,1,right,05/09/2025 19:07:09,15/13,1/0/0,15 13 14 5,10,15/13 14/13 13/13 12/13,11/15 12/15 13/15 14/15 15/15 16/15 17/15 18/15 19/15 20/15 20/14 20/13 20/12,600,28/14,False
1265,1,right,05/09/2025 19:07:09,16/13,1/0/0,16 13 13 5,10,16/13 15/13 14/13 13/13,10/15 11/15 12/15 13/15 14/15 15/15 16/15 17/15 18/15 19/15 20/15 20/14 20/13,600,28/14,False
1266,1,right,05/09/2025 19:07:09,17/13,1/0/0,17 13 12 5,10,17/13 16/13 15/13 14/13,9/15 10/15 11/15 12/15 13/15 14/15 15/15 16/15 17/15 18/15 19/15 20/15 20/14,600,28/14,False
1267,1,right,05/09/2025 19:07:10,18/13,1/0/0,18 13 11 5,10,18/13 17/13 16/13 15/13,8/15 9/15 10/15 11/15 12/15 13/15 14/15 15/15 16/15 17/15 18/15 19/15 20/15,600,28/14,False
1268,1,right,05/09/2025 19:07:10,19/13,1/0/0,19 13 10 5,10,19/13 18/13 17/13 16/13,7/15 8/15 9/15 10/15 11/15 12/15 13/15 14/15 15/15 16/15 17/15 18/15 19/15,600,28/14,False
1269,1,right,05/09/2025 19:07:10,20/13,1/0/0,20 13 9 5,10,20/13 19/13 18/13 17/13,6/15 7/15 8/15 9/15 10/15 11/15 12/15 13/15 14/15 15/15 16/15 17/15 18/15,600,28/14,False
1270,1,right,05/09/2025 19:07:10,21/13,1/0/0,21 13 8 5,10,21/13 20/13 19/13 18/13,6/14 6/15 7/15 8/15 9/15 10/15 11/15 12/15 13/15 14/15 15/15 16/15 17/15,600,28/14,False
1271,1,right,05/09/2025 19:07:10,22/13,1/0/0,22 13 7 5,10,22/13 21/13 20/13 19/13,6/13 6/14 6/15 7/15 8/15 9/15 10/15 11/15 12/15 13/15 14/15 15/15 16/15,600,28/14,False
1272,1,right,05/09/2025 19:07:11,23/13,1/0/0,23 13 6 5,10,23/13 22/13 21/13 20/13,6/12 6/13 6/14 6/15 7/15 8/15 9/15 10/15 11/15 12/15 13/15 14/15 15/15,600,28/14,False
1273,1,right,05/09/2025 19:07:11,24/13,1/0/0,24 13 5 5,10,24/13 23/13 22/13 21/13,6/11 6/12 6/13 6/14 6/15 7/15 8/15 9/15 10/15 11/15 12/15 13/15 14/15,600,28/14,False
1274,1,right,05/09/2025 19:07:11,25/13,1/0/0,25 13 4 5,10,25/13 24/13 23/13 22/13,6/10 6/11 6/12 6/13 6/14 6/15 7/15 8/15 9/15 10/15 11/15 12/15 13/15,600,28/14,False
1275,1,right,05/09/2025 19:07:11,26/13,1/0/0,26 13 3 5,10,26/13 25/13 24/13 23/13,6/9 6/10 6/11 6/12 6/13 6/14 6/15 7/15 8/15 9/15 10/15 11/15 12/15,600,28/14,False
1276,1,right,05/09/2025 19:07:12,27/13,1/0/0,27 13 2 5,10,27/13 26/13 25/13 24/13,6/8 6/9 6/10 6/11 6/12 6/13 6/14 6/15 7/15 8/15 9/15 10/15 11/15,600,28/14,False
1277,1,down,05/09/2025 19:07:12,28/13,1/0/0,28 13 1 5,10,28/13 27/13 26/13 25/13,6/7 6/8 6/9 6/10 6/11 6/12 6/13 6/14 6/15 7/15 8/15 9/15 10/15,600,28/14,True
1278,1,down,05/09/2025 19:07:12,28/14,0/0/-1,28 14 1 4,10,28/14 28/13 27/13,6/6 6/7 6/8 6/9 6/10 6/11 6/12 6/13 6/14 6/15 7/15 8/15 9/15,700,1/16,False
1279,1,down,05/09/2025 19:07:12,28/15,0/0/-1,28 15 1 3,10,28/15 28/14 28/13 27/13 26/13,6/5 6/6 6/7 6/8 6/9 6/10 6/11 6/12 6/13 6/14 6/15 7/15 8/15,700,1/16,False
1280,1,left,05/09/2025 19:07:12,28/16,0/0/-1,28 16 1 2,10,28/16 28/15 28/14 28/13 27/13,7/5 6/5 6/6 6/7 6/8 6/9 6/10 6/11 6/12 6/13 6/14 6/15 7/15,700,1/16,False
1281,1,left,05/09/2025 19:07:13,27/16,-1/0/0,27 16 2 2,10,27/16 28/16 28/15 28/14 28/13,8/5 7/5 6/5 6/6 6/7 6/8 6/9 6/10 6/11 6/12 6/13 6/14 6/15,700,1/16,False
1282,1,left,05/09/2025 19:07:13,26/16,-1/0/0,26 16 3 2,10,26/16 27/16 28/16 28/15 28/14,9/5 8/5 7/5 6/5 6/6 6/7 6/8 6/9 6/10 6/11 6/12 6/13 6/14,700,1/16,False
1283,1,left,05/09/2025 19:07:13,25/16,-1/0/0,25 16 4 2,10,25/16 26/16 27/16 28/16 28/15,10/5 9/5 8/5 7/5 6/5 6/6 6/7 6/8 6/9 6/10 6/11 6/12 6/13,700,1/16,False
1284,1,left,05/09/2025 19:07:13,24/16,-1/0/0,24 16 5 2,10,24/16 25/16 26/16 27/16 28/16,11/5 10/5 9/5 8/5 7/5 6/5 6/6 6/7 6/8 6/9 6/10 6/11 6/12,700,1/16,False
1285,1,left,05/09/2025 19:07:13,23/16,-1/0/0,23 16 6 2,10,23/16 24/16 25/16 26/16 27/16,12/5 11/5 10/5 9/5 8/5 7/5 6/5 6/6 6/7 6/8 6/9 6/10 6/11,700,1/16,False
1286,1,left,05/09/2025 19:07:14,22/16,-1/0/0,22 16 7 2,10,22/16 23/16 24/16 25/16 26/16,13/5 12/5 11/5 10/5 9/5 8/5 7/5 6/5 6/6 6/7 6/8 6/9 6/10,700,1/16,False
1287,1,left,05/09/2025 19:07:14,21/16,-1/0/0,21 16 8 2,10,21/16 22/16 23/16 24/16 25/16,14/5 13/5 12/5 11/5 10/5 9/5 8/5 7/5 6/5 6/6 6/7 6/8 6/9,700,1/16,False
1288,1,left,05/09/2025 19:07:14,20/16,-1/0/0,20 16 9 2,10,20/16 21/16 22/16 23/16 24/16,15/5 14/5 13/5 12/5 11/5 10/5 9/5 8/5 7/5 6/5 6/6 6/7 6/8,700,1/16,False
1289,1,left,05/09/2025 19:07:14,19/16,-1/0/0,19 16 10 2,10,19/16 20/16 21/16 22/16 23/16,16/5 15/5 14/5 13/5 12/5 11/5 10/5 9/5 8/5 7/5 6/5 6/6 6/7,700,1/16,False
1290,1,left,05/09/2025 19:07:14,18/16,-1/0/0,18 16 11 2,10,18/16 19/16 20/16 21/16 22/16,17/5 16/5 15/5 14/5 13/5 12/5 11/5 10/5 9/5 8/5 7/5 6/5 6/6,700,1/16,False
1291,1,left,05/09/2025 19:07:15,17/16,-1/0/0,17 16 12 2,10,17/16 18/16 19/16 20/16 21/16,18/5 17/5 16/5 15/5 14/5 13/5 12/5 11/5 10/5 9/5 8/5 7/5 6/5,700,1/16,False
1292,1,left,05/09/2025 19:07:15,16/16,-1/0/0,16 16 13 2,10,16/16 17/16 18/16 19/16 20/16,19/5 18/5 17/5 16/5 15/5 14/5 13/5 12/5 11/5 10/5 9/5 8/5 7/5,700,1/16,False
1293,1,left,05/09/2025 19:07:15,15/16,-1/0/0,15 16 14 2,10,15/16 16/16 17/16 18/16 19/16,20/5 19/5 18/5 17/5 16/5 15/5 14/5 13/5 12/5 11/5 10/5 9/5 8/5,700,1/16,False
1294,1,left,05/09/2025 19:07:15,14/16,-1/0/0,14 16 15 2,10,14/16 15/16 16/16 17/16 18/16,21/5 20/5 19/5 18/5 17/5 16/5 15/5 14/5 13/5 12/5 11/5 10/5 9/5,700,1/16,False
1295,1,left,05/09/2025 19:07:15,13/16,-1/0/0,13 16 16 2,10,13/16 14/16 15/16 16/16 17/16,22/5 21/5 20/5 19/5 18/5 17/5 16/5 15/5 14/5 13/5 12/5 11/5 10/5,700,1/16,False
1296,1,left,05/09/2025 19:07:16,12/16,-1/0/0,12 16 17 2,10,12/16 13/16 14/16 15/16 16/16,23/5 22/5 21/5 20/5 19/5 18/5 17/5 16/5 15/5 14/5 13/5 12/5 11/5,700,1/16,False
1297,1,left,05/09/2025 19:07:16,11/16,-1/0/0,11 16 18 2,10,11/16 12/16 13/16 14/16 15/16,24/5 23/5 22/5 21/5 20/5 19/5 18/5 17/5 16/5 15/5 14/5 13/5 12/5,700,1/16,False
1298,1,left,05/09/2025 19:07:16,10/16,-1/0/0,10 16 19 2,10,10/16 11/16 12/16 13/16 14/16,25/5 24/5 23/5 22/5 21/5 20/5 19/5 18/5 17/5 16/5 15/5 14/5 13/5,700,1/16,False
1299,1,left,05/09/2025 19:07:16,9/16,-1/0/0,9 16 20 2,10,9/16 10/16 11/16 12/16 13/16,25/6 25/5 24/5 23/5 22/5 21/5 20/5 19/5 18/5 17/5 16/5 15/5 14/5,700,1/16,False
1300,1,left,05/09/2025 19:07:16,8/16,-1/0/0,8 16 21 2,10,8/16 9/16 10/16 11/16 12/16,25/7 25/6 25/5 24/5 23/5 22/5 21/5 20/5 19/5 18/5 17/5 16/5 15/5,700,1/16,False
1301,1,left,05/09/2025 19:07:17,7/16,-1/0/0,7 16 22 2,10,7/16 8/16 9/16 10/16 11/16,25/8 25/7 25/6 25/5 24/5 23/5 22/5 21/5 20/5 19/5 18/5 17/5 16/5,700,1/16,False
1302,1,left,05/09/2025 19:07:17,6/16,-1/0/0,6 16 23 2,10,6/16 7/16 8/16 9/16 10/16,25/9 25/8 25/7 25/6 25/5 24/5 23/5 22/5 21/5 20/5 19/5 18/5 17/5,700,1/16,False
1303,1,left,05/09/2025 19:07:17,5/16,-1/0/0,5 16 24 2,10,5/16 6/16 7/16 8/16 9/16,25/10 25/9 25/8 25/7 25/6 25/5 24/5 23/5 22/5 21/5 20/5 19/5 18/5,700,1/16,False
1304,1,left,05/09/2025 19:07:17,4/16,-1/0/0,4 16 25 2,10,4/16 5/16 6/16 7/16 8/16,25/11 25/10 25/9 25/8 25/7 25/6 25/5 24/5 23/5 22/5 21/5 20/5 19/5,700,1/16,False
1305,1,left,05/09/2025 19:07:17,3/16,-1/0/0,3 16 26 2,10,3/16 4/16 5/16 6/16 7/16,25/12 25/11 25/10 25/9 25/8 25/7 25/6 25/5 24/5 23/5 22/5 21/5 20/5,700,1/16,False
1306,1,left,05/09/2025 19:07:18,2/16,-1/0/0,2 16 27 2,10,2/16 3/16 4/16 5/16 6/16,25/13 25/12 25/11 25/10 25/9 25/8 25/7 25/6 25/5 24/5 23/5 22/5 21/5,700,1/16,False
1307,1,up,05/09/2025 19:07:18,1/16,-1/0/0,1 16 28 2,10,1/16 2/16 3/16 4/16,25/14 25/13 25/12 25/11 25/10 25/9 25/8 25/7 25/6 25/5 24/5 23/5 22/5,800,13/5,True
1308,1,up,05/09/2025 19:07:18,1/15,0/0/1,1 15 28 3,10,1/15 1/16 2/16 3/16 4/16 5/16,25/15 25/14 25/13 25/12 25/11 25/10 25/9 25/8 25/7 25/6 25/5 24/5 23/5,800,13/5,False
1309,1,up,05/09/2025 19:07:18,1/14,0/0/1,1 14 28 4,10,1/14 1/15 1/16 2/16 3/16 4/16,25/16 25/15 25/14 25/13 25/12 25/11 25/10 25/9 25/8 25/7 25/6 25/5 24/5,800,13/5,False
1310,1,up,05/09/2025 19:07:18,1/13,0/0/1,1 13 28 5,10,1/13 1/14 1/15 1/16 2/16 3/16,25/17 25/16 25/15 25/14 25/13 25/12 25/11 25/10 25/9 25/8 25/7 25/6 25/5,800,13/5,False
1311,1,up,05/09/2025 19:07:19,1/12,0/0/1,1 12 28 6,10,1/12 1/13 1/14 1/15 1/16 2/16,24/17 25/17 25/16 25/15 25/14 25/13 25/12 25/11 25/10 25/9 25/8 25/7 25/6,800,13/5,False
1312,1,up,05/09/2025 19:07:19,1/11,0/0/1,1 11 28 7,10,1/11 1/12 1/13 1/14 1/15 1/16,23/17 24/17 25/17 25/16 25/15 25/14 25/13 25/12 25/11 25/10 25/9 25/8 25/7,800,13/5,False
1313,1,up,05/09/2025 19:07:19,1/10,0/0/1,1 10 28 8,10,1/10 1/11 1/12 1/13 1/14 1/15,22/17 23/17 24/17 25/17 25/16 25/15 25/14 25/13 25/12 25/11 25/10 25/9 25/8,800,13/5,False
1314,1,up,05/09/2025 19:07:19,1/9,0/0/1,1 9 28 9,10,1/9 1/10 1/11 1/12 1/13 1/14,21/17 22/17 23/17 24/17 25/17 25/16 25/15 25/14 25/13 25/12 25/11 25/10 25/9,800,13/5,False
1315,1,up,05/09/2025 19:07:19,1/8,0/0/1,1 8 28 10,10,1/8 1/9 1/10 1/11 1/12 1/13,20/17 21/17 22/17 23/17 24/17 25/17 25/16 25/15 25/14 25/13 25/12 25/11 25/10,800,13/5,False
1316,1,right,05/09/2025 19:07:20,1/7,0/0/1,1 7 28 11,10,1/7 1/8 1/9 1/10 1/11 1/12,19/17 20/17 21/17 22/17 23/17 24/17 25/17 25/16 25/15 25/14 25/13 25/12 25/11,800,13/5,False
1317,1,right,05/09/2025 19:07:20,2/7,1/0/0,2 7 27 11,10,2/7 1/7 1/8 1/9 1/10 1/11,18/17 19/17 20/17 21/17 22/17 23/17 24/17 25/17 25/16 25/15 25/14 25/13 25/12,800,13/5,False
1318,1,right,05/09/2025 19:07:20,3/7,1/0/0,3 7 26 11,10,3/7 2/7 1/7 1/8 1/9 1/10,17/17 18/17 19/17 20/17 21/17 22/17 23/17 24/17 25/17 25/16 25/15 25/14 25/13,800,13/5,False
1319,1,right,05/09/2025 19:07:20,4/7,1/0/0,4 7 25 11,10,4/7 3/7 2/7 1/7 1/8 1/9,16/17 17/17 18/17 19/17 20/17 21/17 22/17 23/17 24/17 25/17 25/16 25/15 25/14,800,13/5,False
1320,1,right,05/09/2025 19:07:20,5/7,1/0/0,5 7 24 11,10,5/7 4/7 3/7 2/7 1/7 1/8,15/17 16/17 17/17 18/17 19/17 20/17 21/17 22/17 23/17 24/17 25/17 25/16 25/15,800,13/5,False
1321,1,right,05/09/2025 19:07:21,6/7,1/0/0,6 7 23 11,10,6/7 5/7 4/7 3/7 2/7 1/7,14/17 15/17 16/17 17/17 18/17 19/17 20/17 21/17 22/17 23/17 24/17 25/17 25/16,800,13/5,False
1322,1,right,05/09/2025 19:07:21,7/7,1/0/0,7 7 22 11,10,7/7 6/7 5/7 4/7 3/7 2/7,13/17 14/17 15/17 16/17 17/17 18/17 19/17 20/17 21/17 22/17 23/17 24/17 25/17,800,13/5,False
1323,1,right,05/09/2025 19:07:21,8/7,1/0/0,8 7 21 11,10,8/7 7/7 6/7 5/7 4/7 3/7,12/17 13/17 14/17 15/17 16/17 17/17 18/17 19/17 20/17 21/17 22/17 23/17 24/17,800,13/5,False
1324,1,right,05/09/2025 19:07:21,9/7,1/0/0,9 7 20 11,10,9/7 8/7 7/7 6/7 5/7 4/7,11/17 12/17 13/17 14/17 15/17 16/17 17/17 18/17 19/17 20/17 21/17 22/17 23/17,800,13/5,False
1325,1,right,05/09/2025 19:07:21,10/7,1/0/0,10 7 19 11,10,10/7 9/7 8/7 7/7 6/7 5/7,10/17 11/17 12/17 13/17 14/17 15/17 16/17 17/17 18/17 19/17 20/17 21/17 22/17,800,13/5,False
1326,1,right,05/09/2025 19:07:22,11/7,1/0/0,11 7 18 11,10,11/7 10/7 9/7 8/7 7/7 6/7,9/17 10/17 11/17 12/17 13/17 14/17 15/17 16/17 17/17 18/17 19/17 20/17 21/17,800,13/5,False
1327,1,right,05/09/2025 19:07:22,12/7,1/0/0,12 7 17 11,10,12/7 11/7 10/7 9/7 8/7 7/7,8/17 9/17 10/17 11/17 12/17 13/17 14/17 15/17 16/17 17/17 18/17 19/17 20/17,800,13/5,False
1328,1,up,05/09/2025 19:07:22,13/7,1/0/0,13 7 16 11,10,13/7 12/7 11/7 10/7 9/7 8/7,7/17 8/17 9/17 10/17 11/17 12/17 13/17 14/17 15/17 16/17 17/17 18/17 19/17,800,13/5,False
1329,1,up,05/09/2025 19:07:22,13/6,0/0/1,13 6 16 12,10,13/6 13/7 12/7 11/7 10/7 9/7,6/17 7/17 8/17 9/17 10/17 11/17 12/17 13/17 14/17 15/17 16/17 17/17 18/17,800,13/5,False
1330,1,up,05/09/2025 19:07:22,13/5,0/0/1,13 5 16 13,10,13/5 13/6 13/7 12/7 11/7,5/17 6/17 7/17 8/17 9/17 10/17 11/17 12/17 13/17 14/17 15/17 16/17 17/17,900,8/16,False
1331,1,up,05/09/2025 19:07:23,13/4,0/0/1,13 4 16 14,10,13/4 13/5 13/6 13/7 12/7 11/7 10/7,4/17 5/17 6/17 7/17 8/17 9/17 10/17 11/17 12/17 13/17 14/17 15/17 16/17,900,8/16,False
1332,1,up,05/09/2025 19:07:23,13/3,0/0/1,13 3 16 15,10,13/3 13/4 13/5 13/6 13/7 12/7 11/7,4/16 4/17 5/17 6/17 7/17 8/17 9/17 10/17 11/17 12/17 13/17 14/17 15/17,900,8/16,False
1333,1,up,05/09/2025 19:07:23,13/2,0/0/1,13 2 16 16,10,13/2 13/3 13/4 13/5 13/6 13/7 12/7,4/15 4/16 4/17 5/17 6/17 7/17 8/17 9/17 10/17 11/17 12/17 13/17 14/17,900,8/16,False
1334,1,up,05/09/2025 19:07:23,13/1,0/0/1,13 1 16 17,10,13/1 13/2 13/3 13/4 13/5 13/6 13/7,4/14 4/15 4/16 4/17 5/17 6/17 7/17 8/17 9/17 10/17 11/17 12/17 13/17,900,8/16,True
1335,1,left,05/09/2025 19:07:42,0/0,-1/0/0,0 0 29 18,10,26/9 27/9 28/9,3/9 2/9 1/9,0,4/11,True
1336,1,left,05/09/2025 19:07:42,25/9,-1/0/0,25 9 4 9,10,25/9 26/9 27/9,4/9 3/9 2/9,0,4/11,False
1337,1,left,05/09/2025 19:07:42,24/9,-1/0/0,24 9 5 9,10,24/9 25/9 26/9,5/9 4/9 3/9,0,4/11,False
1338,1,left,05/09/2025 19:07:42,23/9,-1/0/0,23 9 6 9,10,23/9 24/9 25/9,6/9 5/9 4/9,0,4/11,False
1339,1,left,05/09/2025 19:07:43,22/9,-1/0/0,22 9 7 9,10,22/9 23/9 24/9,6/10 6/9 5/9,0,4/11,False
1340,1,left,05/09/2025 19:07:43,21/9,-1/0/0,21 9 8 9,10,21/9 22/9 23/9,6/11 6/10 6/9,0,4/11,False
1341,1,left,05/09/2025 19:07:43,20/9,-1/0/0,20 9 9 9,10,20/9 21/9 22/9,5/11 6/11 6/10,0,4/11,False
1342,1,left,05/09/2025 19:07:43,19/9,-1/0/0,19 9 10 9,10,19/9 20/9 21/9,4/11 5/11,0,16/1,False
1343,1,left,05/09/2025 19:07:43,18/9,-1/0/0,18 9 11 9,10,18/9 19/9 20/9,3/11 4/11 5/11 6/11,0,16/1,False
1344,1,left,05/09/2025 19:07:44,17/9,-1/0/0,17 9 12 9,10,17/9 18/9 19/9,3/10 3/11 4/11 5/11,0,16/1,False
1345,1,left,05/09/2025 19:07:44,16/9,-1/0/0,16 9 13 9,10,16/9 17/9 18/9,3/9 3/10 3/11 4/11,0,16/1,False
1346,1,left,05/09/2025 19:07:44,15/9,-1/0/0,15 9 14 9,10,15/9 16/9 17/9,3/8 3/9 3/10 3/11,0,16/1,False
1347,1,left,05/09/2025 19:07:44,14/9,-1/0/0,14 9 15 9,10,14/9 15/9 16/9,3/7 3/8 3/9 3/10,0,16/1,False
1348,1,up,05/09/2025 19:07:44,13/9,-1/0/0,13 9 16 9,10,13/9 14/9 15/9,3/6 3/7 3/8 3/9,0,16/1,False
1349,1,right,05/09/2025 19:07:45,13/8,0/0/1,13 8 16 10,10,13/8 13/9 14/9,3/5 3/6 3/7 3/8,0,16/1,False
1350,1,right,05/09/2025 19:07:45,14/8,1/0/0,14 8 15 10,10,14/8 13/8 13/9,3/4 3/5 3/6 3/7,0,16/1,False
1351,1,right,05/09/2025 19:07:45,15/8,1/0/0,15 8 14 10,10,15/8 14/8 13/8,3/3 3/4 3/5 3/6,0,16/1,False
1352,1,right,05/09/2025 19:07:45,16/8,1/0/0,16 8 13 10,10,16/8 15/8 14/8,3/2 3/3 3/4 3/5,0,16/1,False
1353,1,right,05/09/2025 19:07:45,17/8,1/0/0,17 8 12 10,10,17/8 16/8 15/8,3/1 3/2 3/3 3/4,0,16/1,False
1354,1,right,05/09/2025 19:07:46,18/8,1/0/0,18 8 11 10,10,18/8 17/8 16/8,4/1 3/1 3/2 3/3,0,16/1,False
1355,1,right,05/09/2025 19:07:46,19/8,1/0/0,19 8 10 10,10,19/8 18/8 17/8,5/1 4/1 3/1 3/2,0,16/1,False
1356,1,right,05/09/2025 19:07:46,20/8,1/0/0,20 8 9 10,10,20/8 19/8 18/8,6/1 5/1 4/1 3/1,0,16/1,False
1357,1,right,05/09/2025 19:07:46,21/8,1/0/0,21 8 8 10,10,21/8 20/8 19/8,7/1 6/1 5/1 4/1,0,16/1,False
1358,1,right,05/09/2025 19:07:46,22/8,1/0/0,22 8 7 10,10,22/8 21/8 20/8,8/1 7/1 6/1 5/1,0,16/1,False
1359,1,right,05/09/2025 19:07:47,23/8,1/0/0,23 8 6 10,10,23/8 22/8 21/8,9/1 8/1 7/1 6/1,0,16/1,False
1360,1,right,05/09/2025 19:07:47,24/8,1/0/0,24 8 5 10,10,24/8 23/8 22/8,10/1 9/1 8/1 7/1,0,16/1,False
1361,1,right,05/09/2025 19:07:47,25/8,1/0/0,25 8 4 10,10,25/8 24/8 23/8,11/1 10/1 9/1 8/1,0,16/1,False
1362,1,right,05/09/2025 19:07:47,26/8,1/0/0,26 8 3 10,10,26/8 25/8 24/8,12/1 11/1 10/1 9/1,0,16/1,False
1363,1,up,05/09/2025 19:07:47,27/8,1/0/0,27 8 2 10,10,27/8 26/8 25/8,13/1 12/1 11/1 10/1,0,16/1,False
1364,1,up,05/09/2025 19:07:48,27/7,0/0/1,27 7 2 11,10,27/7 27/8 26/8,14/1 13/1 12/1 11/1,0,16/1,False
1365,1,up,05/09/2025 19:07:48,27/6,0/0/1,27 6 2 12,10,27/6 27/7 27/8,15/1 14/1 13/1 12/1,0,16/1,False
1366,1,up,05/09/2025 19:07:48,27/5,0/0/1,27 5 2 13,10,27/5 27/6 27/7,16/1 15/1 14/1,0,14/4,False
1367,1,up,05/09/2025 19:07:48,27/4,0/0/1,27 4 2 14,10,27/4 27/5 27/6,16/2 16/1 15/1 14/1 13/1,0,14/4,False
1368,1,up,05/09/2025 19:07:48,27/3,0/0/1,27 3 2 15,10,27/3 27/4 27/5,16/3 16/2 16/1 15/1 14/1,0,14/4,False
1369,1,up,05/09/2025 19:07:49,27/2,0/0/1,27 2 2 16,10,27/2 27/3 27/4,16/4 16/3 16/2 16/1 15/1,0,14/4,False
1370,1,up,05/09/2025 19:07:49,27/1,0/0/1,27 1 2 17,10,27/1 27/2 27/3,15/4 16/4 16/3 16/2 16/1,0,14/4,True
1371,1,up,05/09/2025 19:07:50,27/0,-1/0/0,27 0 2 18,10,26/9 27/9 28/9,4/9 3/9 2/9,-200,8/1,False
1372,1,up,05/09/2025 19:07:51,25/9,-1/0/0,25 9 4 9,10,25/9 26/9 27/9,5/9 4/9 3/9,-200,8/1,False
1373,1,up,05/09/2025 19:07:51,24/9,-1/0/0,24 9 5 9,10,24/9 25/9 26/9,6/9 5/9 4/9,-200,8/1,False
1374,1,up,05/09/2025 19:07:51,23/9,-1/0/0,23 9 6 9,10,23/9 24/9 25/9,7/9 6/9 5/9,-200,8/1,False
1375,1,up,05/09/2025 19:07:51,22/9,-1/0/0,22 9 7 9,10,22/9 23/9 24/9,7/8 7/9 6/9,-200,8/1,False
1376,1,up,05/09/2025 19:07:51,21/9,-1/0/0,21 9 8 9,10,21/9 22/9 23/9,7/7 7/8 7/9,-200,8/1,False
1377,1,up,05/09/2025 19:07:52,20/9,-1/0/0,20 9 9 9,10,20/9 21/9 22/9,7/6 7/7 7/8,-200,8/1,False
1378,1,up,05/09/2025 19:07:52,19/9,-1/0/0,19 9 10 9,10,19/9 20/9 21/9,7/5 7/6 7/7,-200,8/1,False
1379,1,up,05/09/2025 19:07:52,18/9,-1/0/0,18 9 11 9,10,18/9 19/9 20/9,7/4 7/5 7/6,-200,8/1,False
1380,1,up,05/09/2025 19:07:52,17/9,-1/0/0,17 9 12 9,10,17/9 18/9 19/9,7/3 7/4 7/5,-200,8/1,False
1381,1,up,05/09/2025 19:07:52,16/9,-1/0/0,16 9 13 9,10,16/9 17/9 18/9,7/2 7/3 7/4,-200,8/1,False
1382,1,up,05/09/2025 19:07:53,15/9,-1/0/0,15 9 14 9,10,15/9 16/9 17/9,7/1 7/2 7/3,-200,8/1,False
1383,1,up,05/09/2025 19:07:53,14/9,-1/0/0,14 9 15 9,10,14/9 15/9 16/9,8/1 7/1,-200,2/2,False
1384,1,up,05/09/2025 19:07:53,13/9,-1/0/0,13 9 16 9,10,13/9 14/9 15/9,9/1 8/1 7/1 7/2,-200,2/2,False
1385,1,up,05/09/2025 19:07:53,12/9,-1/0/0,12 9 17 9,10,12/9 13/9 14/9,10/1 9/1 8/1 7/1,-200,2/2,False
1386,1,up,05/09/2025 19:07:53,11/9,-1/0/0,11 9 18 9,10,11/9 12/9 13/9,11/1 10/1 9/1 8/1,-200,2/2,False
1387,1,up,05/09/2025 19:07:54,10/9,-1/0/0,10 9 19 9,10,10/9 11/9 12/9,11/2 11/1 10/1 9/1,-200,2/2,False
1388,1,up,05/09/2025 19:07:54,9/9,-1/0/0,9 9 20 9,10,9/9 10/9 11/9,11/3 11/2 11/1 10/1,-200,2/2,False
1389,1,up,05/09/2025 19:07:54,8/9,-1/0/0,8 9 21 9,10,8/9 9/9 10/9,11/4 11/3 11/2 11/1,-200,2/2,False
1390,1,up,05/09/2025 19:07:54,7/9,-1/0/0,7 9 22 9,10,7/9 8/9 9/9,11/5 11/4 11/3 11/2,-200,2/2,False
1391,1,up,05/09/2025 19:07:54,6/9,-1/0/0,6 9 23 9,10,6/9 7/9 8/9,11/6 11/5 11/4 11/3,-200,2/2,False
1392,1,up,05/09/2025 19:07:55,5/9,-1/0/0,5 9 24 9,10,5/9 6/9 7/9,11/7 11/6 11/5 11/4,-200,2/2,False
1393,1,up,05/09/2025 19:07:55,4/9,-1/0/0,4 9 25 9,10,4/9 5/9 6/9,11/8 11/7 11/6 11/5,-200,2/2,False
1394,1,up,05/09/2025 19:07:55,3/9,-1/0/0,3 9 26 9,10,3/9 4/9 5/9,11/9 11/8 11/7 11/6,-200,2/2,False
1395,1,up,05/09/2025 19:07:55,2/9,-1/0/0,2 9 27 9,10,2/9 3/9 4/9,11/10 11/9 11/8 11/7,-200,2/2,False
1396,1,up,05/09/2025 19:07:55,2/8,0/0/1,2 8 27 10,10,2/8 2/9 3/9,11/11 11/10 11/9 11/8,-200,2/2,False
1397,1,up,05/09/2025 19:07:56,2/7,0/0/1,2 7 27 11,10,2/7 2/8 2/9,11/12 11/11 11/10 11/9,-200,2/2,False
1398,1,up,05/09/2025 19:07:56,2/6,0/0/1,2 6 27 12,10,2/6 2/7 2/8,11/13 11/12 11/11 11/10,-200,2/2,False
1399,1,up,05/09/2025 19:07:56,2/5,0/0/1,2 5 27 13,10,2/5 2/6 2/7,11/14 11/13 11/12 11/11,-200,2/2,False
1400,1,up,05/09/2025 19:07:56,2/4,0/0/1,2 4 27 14,10,2/4 2/5 2/6,11/15 11/14 11/13 11/12,-200,2/2,False
1401,1,up,05/09/2025 19:07:56,2/3,0/0/1,2 3 27 15,10,2/3 2/4 2/5,11/16 11/15 11/14 11/13,-200,2/2,False
1402,1,up,05/09/2025 19:07:57,2/2,0/0/1,2 2 27 16,10,2/2 2/3,12/16 11/16 11/15 11/14,-100,11/8,False
1403,1,up,05/09/2025 19:07:57,2/1,0/0/1,2 1 27 17,10,2/1 2/2 2/3 2/4,13/16 12/16 11/16 11/15,-100,11/8,True
1404,1,up,05/09/2025 19:07:59,2/0,-1/0/0,2 0 27 18,10,26/9 27/9 28/9,4/9 3/9 2/9,-300,17/5,False
1405,1,up,05/09/2025 19:07:59,25/9,-1/0/0,25 9 4 9,10,25/9 26/9 27/9,5/9 4/9 3/9,-300,17/5,False
1406,1,up,05/09/2025 19:08:00,24/9,-1/0/0,24 9 5 9,10,24/9 25/9 26/9,6/9 5/9 4/9,-300,17/5,False
1407,1,up,05/09/2025 19:08:00,23/9,-1/0/0,23 9 6 9,10,23/9 24/9 25/9,7/9 6/9 5/9,-300,17/5,False
1408,1,up,05/09/2025 19:08:00,22/9,-1/0/0,22 9 7 9,10,22/9 23/9 24/9,8/9 7/9 6/9,-300,17/5,False
1409,1,up,05/09/2025 19:08:00,21/9,-1/0/0,21 9 8 9,10,21/9 22/9 23/9,8/8 8/9 7/9,-300,17/5,False
1410,1,up,05/09/2025 19:08:00,20/9,-1/0/0,20 9 9 9,10,20/9 21/9 22/9,8/7 8/8 8/9,-300,17/5,False
1411,1,up,05/09/2025 19:08:01,19/9,-1/0/0,19 9 10 9,10,19/9 20/9 21/9,8/6 8/7 8/8,-300,17/5,False
1412,1,up,05/09/2025 19:08:01,18/9,-1/0/0,18 9 11 9,10,18/9 19/9 20/9,9/6 8/6 8/7,-300,17/5,False
1413,1,up,05/09/2025 19:08:01,17/9,-1/0/0,17 9 12 9,10,17/9 18/9 19/9,10/6 9/6 8/6,-300,17/5,False
1414,1,up,05/09/2025 19:08:01,16/9,-1/0/0,16 9 13 9,10,16/9 17/9 18/9,11/6 10/6 9/6,-300,17/5,False
1415,1,up,05/09/2025 19:08:01,15/9,-1/0/0,15 9 14 9,10,15/9 16/9 17/9,12/6 11/6 10/6,-300,17/5,False
1416,1,up,05/09/2025 19:08:02,14/9,-1/0/0,14 9 15 9,10,14/9 15/9 16/9,13/6 12/6 11/6,-300,17/5,False
1417,1,up,05/09/2025 19:08:02,13/9,-1/0/0,13 9 16 9,10,13/9 14/9 15/9,13/5 13/6 12/6,-300,17/5,False
1418,1,up,05/09/2025 19:08:02,12/9,-1/0/0,12 9 17 9,10,12/9 13/9 14/9,14/5 13/5 13/6,-300,17/5,False
1419,1,up,05/09/2025 19:08:02,11/9,-1/0/0,11 9 18 9,10,11/9 12/9 13/9,15/5 14/5 13/5,-300,17/5,False
1420,1,up,05/09/2025 19:08:02,10/9,-1/0/0,10 9 19 9,10,10/9 11/9 12/9,16/5 15/5 14/5,-300,17/5,False
1421,1,down,05/09/2025 19:08:03,9/9,-1/0/0,9 9 20 9,10,9/9 10/9 11/9,17/5 16/5,-300,3/14,False
1422,1,down,05/09/2025 19:08:03,9/10,0/0/-1,9 10 20 8,10,9/10 9/9 10/9,18/5 17/5 16/5 15/5,-300,3/14,False
1423,1,down,05/09/2025 19:08:03,9/11,0/0/-1,9 11 20 7,10,9/11 9/10 9/9,19/5 18/5 17/5 16/5,-300,3/14,False
1424,1,down,05/09/2025 19:08:03,9/12,0/0/-1,9 12 20 6,10,9/12 9/11 9/10,20/5 19/5 18/5 17/5,-300,3/14,False
1425,1,down,05/09/2025 19:08:03,9/13,0/0/-1,9 13 20 5,10,9/13 9/12 9/11,21/5 20/5 19/5 18/5,-300,3/14,False
1426,1,down,05/09/2025 19:08:04,9/14,0/0/-1,9 14 20 4,10,9/14 9/13 9/12,22/5 21/5 20/5 19/5,-300,3/14,False
1427,1,down,05/09/2025 19:08:04,9/15,0/0/-1,9 15 20 3,10,9/15 9/14 9/13,22/6 22/5 21/5 20/5,-300,3/14,False
1428,1,left,05/09/2025 19:08:04,9/16,0/0/-1,9 16 20 2,10,9/16 9/15 9/14,22/7 22/6 22/5 21/5,-300,3/14,False
1429,1,left,05/09/2025 19:08:04,8/16,-1/0/0,8 16 21 2,10,8/16 9/16 9/15,22/8 22/7 22/6 22/5,-300,3/14,False
1430,1,left,05/09/2025 19:08:04,7/16,-1/0/0,7 16 22 2,10,7/16 8/16 9/16,22/9 22/8 22/7 22/6,-300,3/14,False
1431,1,left,05/09/2025 19:08:05,6/16,-1/0/0,6 16 23 2,10,6/16 7/16 8/16,22/10 22/9 22/8 22/7,-300,3/14,False
1432,1,left,05/09/2025 19:08:05,5/16,-1/0/0,5 16 24 2,10,5/16 6/16 7/16,22/11 22/10 22/9 22/8,-300,3/14,False
1433,1,left,05/09/2025 19:08:05,4/16,-1/0/0,4 16 25 2,10,4/16 5/16 6/16,22/12 22/11 22/10 22/9,-300,3/14,False
1434,1,up,05/09/2025 19:08:05,3/16,-1/0/0,3 16 26 2,10,3/16 4/16 5/16,22/13 22/12 22/11 22/10,-300,3/14,False
1435,1,up,05/09/2025 19:08:05,3/15,0/0/1,3 15 26 3,10,3/15 3/16 4/16,22/14 22/13 22/12 22/11,-300,3/14,False
1436,1,up,05/09/2025 19:08:06,3/14,0/0/1,3 14 26 4,10,3/14 3/15,22/15 22/14 22/13 22/12,-200,13/4,False
1437,1,up,05/09/2025 19:08:06,3/13,0/0/1,3 13 26 5,10,3/13 3/14 3/15 3/16,21/15 22/15 22/14 22/13,-200,13/4,False
1438,1,up,05/09/2025 19:08:06,3/12,0/0/1,3 12 26 6,10,3/12 3/13 3/14 3/15,20/15 21/15 22/15 22/14,-200,13/4,False
1439,1,up,05/09/2025 19:08:06,3/11,0/0/1,3 11 26 7,10,3/11 3/12 3/13 3/14,19/15 20/15 21/15 22/15,-200,13/4,False
1440,1,up,05/09/2025 19:08:06,3/10,0/0/1,3 10 26 8,10,3/10 3/11 3/12 3/13,18/15 19/15 20/15 21/15,-200,13/4,False
1441,1,up,05/09/2025 19:08:07,3/9,0/0/1,3 9 26 9,10,3/9 3/10 3/11 3/12,17/15 18/15 19/15 20/15,-200,13/4,False
1442,1,up,05/09/2025 19:08:07,3/8,0/0/1,3 8 26 10,10,3/8 3/9 3/10 3/11,16/15 17/15 18/15 19/15,-200,13/4,False
1443,1,up,05/09/2025 19:08:07,3/7,0/0/1,3 7 26 11,10,3/7 3/8 3/9 3/10,15/15 16/15 17/15 18/15,-200,13/4,False
1444,1,up,05/09/2025 19:08:07,3/6,0/0/1,3 6 26 12,10,3/6 3/7 3/8 3/9,14/15 15/15 16/15 17/15,-200,13/4,False
1445,1,up,05/09/2025 19:08:07,3/5,0/0/1,3 5 26 13,10,3/5 3/6 3/7 3/8,13/15 14/15 15/15 16/15,-200,13/4,False
1446,1,up,05/09/2025 19:08:08,3/4,0/0/1,3 4 26 14,10,3/4 3/5 3/6 3/7,12/15 13/15 14/15 15/15,-200,13/4,False
1447,1,right,05/09/2025 19:08:08,3/3,0/0/1,3 3 26 15,10,3/3 3/4 3/5 3/6,11/15 12/15 13/15 14/15,-200,13/4,False
1448,1,right,05/09/2025 19:08:08,4/3,1/0/0,4 3 25 15,10,4/3 3/3 3/4 3/5,10/15 11/15 12/15 13/15,-200,13/4,False
1449,1,right,05/09/2025 19:08:08,5/3,1/0/0,5 3 24 15,10,5/3 4/3 3/3 3/4,9/15 10/15 11/15 12/15,-200,13/4,False
1450,1,right,05/09/2025 19:08:08,6/3,1/0/0,6 3 23 15,10,6/3 5/3 4/3 3/3,8/15 9/15 10/15 11/15,-200,13/4,False
1451,1,right,05/09/2025 19:08:09,7/3,1/0/0,7 3 22 15,10,7/3 6/3 5/3 4/3,7/15 8/15 9/15 10/15,-200,13/4,False
1452,1,right,05/09/2025 19:08:09,8/3,1/0/0,8 3 21 15,10,8/3 7/3 6/3 5/3,6/15 7/15 8/15 9/15,-200,13/4,False
1453,1,right,05/09/2025 19:08:09,9/3,1/0/0,9 3 20 15,10,9/3 8/3 7/3 6/3,5/15 6/15 7/15 8/15,-200,13/4,False
1454,1,right,05/09/2025 19:08:09,10/3,1/0/0,10 3 19 15,10,10/3 9/3 8/3 7/3,5/14 5/15 6/15 7/15,-200,13/4,False
1455,1,right,05/09/2025 19:08:09,11/3,1/0/0,11 3 18 15,10,11/3 10/3 9/3 8/3,5/13 5/14 5/15 6/15,-200,13/4,False
1456,1,right,05/09/2025 19:08:10,12/3,1/0/0,12 3 17 15,10,12/3 11/3 10/3 9/3,5/12 5/13 5/14 5/15,-200,13/4,False
1457,1,right,05/09/2025 19:08:10,13/3,1/0/0,13 3 16 15,10,13/3 12/3 11/3 10/3,5/11 5/12 5/13 5/14,-200,13/4,False
1458,1,down,05/09/2025 19:08:10,14/3,1/0/0,14 3 15 15,10,14/3 13/3 12/3 11/3,5/10 5/11 5/12 5/13,-200,13/4,False
1459,1,down,05/09/2025 19:08:10,14/4,0/0/-1,14 4 15 14,10,14/4 14/3 13/3 12/3,5/9 5/10 5/11 5/12,-200,13/4,False
1460,1,left,05/09/2025 19:08:10,14/5,0/0/-1,14 5 15 13,10,14/5 14/4 14/3 13/3,5/8 5/9 5/10 5/11,-200,13/4,False
1461,1,left,05/09/2025 19:08:11,13/5,-1/0/0,13 5 16 13,10,13/5 14/5 14/4 14/3,5/7 5/8 5/9 5/10,-200,13/4,False
1462,1,up,05/09/2025 19:08:11,12/5,-1/0/0,12 5 17 13,10,12/5 13/5 14/5 14/4,5/6 5/7 5/8 5/9,-200,13/4,False
1463,1,up,05/09/2025 19:08:11,12/4,0/0/1,12 4 17 14,10,12/4 12/5 13/5 14/5,5/5 5/6 5/7 5/8,-200,13/4,False
1464,1,right,05/09/2025 19:08:11,12/3,0/0/1,12 3 17 15,10,12/3 12/4 12/5 13/5,5/4 5/5 5/6 5/7,-200,13/4,False
1465,1,right,05/09/2025 19:08:11,13/3,1/0/0,13 3 16 15,10,13/3 12/3 12/4 12/5,5/3 5/4 5/5 5/6,-200,13/4,False
1466,1,right,05/09/2025 19:08:12,14/3,1/0/0,14 3 15 15,10,14/3 13/3 12/3 12/4,5/2 5/3 5/4 5/5,-200,13/4,False
1467,1,right,05/09/2025 19:08:12,15/3,1/0/0,15 3 14 15,10,15/3 14/3 13/3 12/3,5/1 5/2 5/3 5/4,-200,13/4,False
1468,1,left,05/09/2025 19:09:42,0/0,-1/0/0,0 0 29 18,10,26/9 27/9 28/9,3/9 2/9 1/9,0,25/14,True
1469,1,left,05/09/2025 19:09:43,25/9,-1/0/0,25 9 4 9,10,25/9 26/9 27/9,3/10 3/9 2/9,0,25/14,False
1470,1,left,05/09/2025 19:09:43,24/9,-1/0/0,24 9 5 9,10,24/9 25/9 26/9,3/11 3/10 3/9,0,25/14,False
1471,1,left,05/09/2025 19:09:43,23/9,-1/0/0,23 9 6 9,10,23/9 24/9 25/9,3/12 3/11 3/10,0,25/14,False
1472,1,left,05/09/2025 19:09:43,22/9,-1/0/0,22 9 7 9,10,22/9 23/9 24/9,3/13 3/12 3/11,0,25/14,False
1473,1,down,05/09/2025 19:09:43,21/9,-1/0/0,21 9 8 9,10,21/9 22/9 23/9,4/13 3/13 3/12,0,25/14,False
1474,1,down,05/09/2025 19:09:44,21/10,0/0/-1,21 10 8 8,10,21/10 21/9 22/9,5/13 4/13 3/13,0,25/14,False
1475,1,down,05/09/2025 19:09:44,21/11,0/0/-1,21 11 8 7,10,21/11 21/10 21/9,6/13 5/13 4/13,0,25/14,False
1476,1,down,05/09/2025 19:09:44,21/12,0/0/-1,21 12 8 6,10,21/12 21/11 21/10,7/13 6/13 5/13,0,25/14,False
1477,1,left,05/09/2025 19:09:44,21/13,0/0/-1,21 13 8 5,10,21/13 21/12 21/11,8/13 7/13 6/13,0,25/14,False
1478,1,left,05/09/2025 19:09:44,20/13,-1/0/0,20 13 9 5,10,20/13 21/13 21/12,9/13 8/13 7/13,0,25/14,False
1479,1,up,05/09/2025 19:09:45,19/13,-1/0/0,19 13 10 5,10,19/13 20/13 21/13,10/13 9/13 8/13,0,25/14,False
1480,1,up,05/09/2025 19:09:45,19/12,0/0/1,19 12 10 6,10,19/12 19/13 20/13,11/13 10/13 9/13,0,25/14,False
1481,1,up,05/09/2025 19:09:45,19/11,0/0/1,19 11 10 7,10,19/11 19/12 19/13,12/13 11/13 10/13,0,25/14,False
1482,1,up,05/09/2025 19:09:45,19/10,0/0/1,19 10 10 8,10,19/10 19/11 19/12,13/13 12/13 11/13,0,25/14,False
1483,1,up,05/09/2025 19:09:45,19/9,0/0/1,19 9 10 9,10,19/9 19/10 19/11,14/13 13/13 12/13,0,25/14,False
1484,1,left,05/09/2025 19:09:46,19/8,0/0/1,19 8 10 10,10,19/8 19/9 19/10,15/13 14/13 13/13,0,25/14,False
1485,1,left,05/09/2025 19:09:46,18/8,-1/0/0,18 8 11 10,10,18/8 19/8 19/9,16/13 15/13 14/13,0,25/14,False
1486,1,left,05/09/2025 19:09:46,17/8,-1/0/0,17 8 12 10,10,17/8 18/8 19/8,17/13 16/13 15/13,0,25/14,False
1487,1,left,05/09/2025 19:09:46,16/8,-1/0/0,16 8 13 10,10,16/8 17/8 18/8,18/13 17/13 16/13,0,25/14,False
1488,1,left,05/09/2025 19:09:46,15/8,-1/0/0,15 8 14 10,10,15/8 16/8 17/8,19/13 18/13 17/13,0,25/14,False
1489,1,left,05/09/2025 19:09:47,14/8,-1/0/0,14 8 15 10,10,14/8 15/8 16/8,20/13 19/13 18/13,0,25/14,False
1490,1,left,05/09/2025 19:09:47,13/8,-1/0/0,13 8 16 10,10,13/8 14/8 15/8,21/13 20/13 19/13,0,25/14,False
1491,1,left,05/09/2025 19:09:47,12/8,-1/0/0,12 8 17 10,10,12/8 13/8 14/8,22/13 21/13 20/13,0,25/14,False
1492,1,left,05/09/2025 19:09:47,11/8,-1/0/0,11 8 18 10,10,11/8 12/8 13/8,23/13 22/13 21/13,0,25/14,False
1493,1,left,05/09/2025 19:09:47,10/8,-1/0/0,10 8 19 10,10,10/8 11/8 12/8,24/13 23/13 22/13,0,25/14,False
1494,1,down,05/09/2025 19:09:48,9/8,-1/0/0,9 8 20 10,10,9/8 10/8 11/8,25/13 24/13 23/13,0,25/14,False
1495,1,down,05/09/2025 19:09:48,9/9,0/0/-1,9 9 20 9,10,9/9 9/8 10/8,26/13 25/13 24/13,0,25/14,False
1496,1,down,05/09/2025 19:09:48,9/10,0/0/-1,9 10 20 8,10,9/10 9/9 9/8,27/13 26/13 25/13,0,25/14,False
1497,1,down,05/09/2025 19:09:48,9/11,0/0/-1,9 11 20 7,10,9/11 9/10 9/9,27/12 27/13 26/13,0,25/14,False
1498,1,down,05/09/2025 19:09:48,9/12,0/0/-1,9 12 20 6,10,9/12 9/11 9/10,27/11 27/12 27/13,0,25/14,False
1499,1,down,05/09/2025 19:09:49,9/13,0/0/-1,9 13 20 5,10,9/13 9/12 9/11,27/10 27/11 27/12,0,25/14,False
1500,1,down,05/09/2025 19:09:49,9/14,0/0/-1,9 14 20 4,10,9/14 9/13 9/12,27/9 27/10 27/11,0,25/14,False
1501,1,right,05/09/2025 19:09:49,9/15,0/0/-1,9 15 20 3,10,9/15 9/14 9/13,27/8 27/9 27/10,0,25/14,False
1502,1,right,05/09/2025 19:09:49,10/15,1/0/0,10 15 19 3,10,10/15 9/15 9/14,27/7 27/8 27/9,0,25/14,False
1503,1,right,05/09/2025 19:09:49,11/15,1/0/0,11 15 18 3,10,11/15 10/15 9/15,27/6 27/7 27/8,0,25/14,False
1504,1,right,05/09/2025 19:09:50,12/15,1/0/0,12 15 17 3,10,12/15 11/15 10/15,27/5 27/6 27/7,0,25/14,False
1505,1,right,05/09/2025 19:09:50,13/15,1/0/0,13 15 16 3,10,13/15 12/15 11/15,27/4 27/5 27/6,0,25/14,False
1506,1,right,05/09/2025 19:09:50,14/15,1/0/0,14 15 15 3,10,14/15 13/15 12/15,26/4 27/4 27/5,0,25/14,False
1507,1,right,05/09/2025 19:09:50,15/15,1/0/0,15 15 14 3,10,15/15 14/15 13/15,25/4 26/4 27/4,0,25/14,False
1508,1,right,05/09/2025 19:09:50,16/15,1/0/0,16 15 13 3,10,16/15 15/15 14/15,24/4 25/4 26/4,0,25/14,False
1509,1,right,05/09/2025 19:09:51,17/15,1/0/0,17 15 12 3,10,17/15 16/15 15/15,23/4 24/4 25/4,0,25/14,False
1510,1,right,05/09/2025 19:09:51,18/15,1/0/0,18 15 11 3,10,18/15 17/15 16/15,22/4 23/4 24/4,0,25/14,False
1511,1,right,05/09/2025 19:09:51,19/15,1/0/0,19 15 10 3,10,19/15 18/15 17/15,21/4 22/4 23/4,0,25/14,False
1512,1,right,05/09/2025 19:09:51,20/15,1/0/0,20 15 9 3,10,20/15 19/15 18/15,20/4 21/4 22/4,0,25/14,False
1513,1,right,05/09/2025 19:09:52,21/15,1/0/0,21 15 8 3,10,21/15 20/15 19/15,19/4 20/4 21/4,0,25/14,False
1514,1,right,05/09/2025 19:09:52,22/15,1/0/0,22 15 7 3,10,22/15 21/15 20/15,18/4 19/4 20/4,0,25/14,False
1515,1,right,05/09/2025 19:09:52,23/15,1/0/0,23 15 6 3,10,23/15 22/15 21/15,17/4 18/4 19/4,0,25/14,False
1516,1,right,05/09/2025 19:09:52,24/15,1/0/0,24 15 5 3,10,24/15 23/15 22/15,16/4 17/4 18/4,0,25/14,False
1517,1,up,05/09/2025 19:09:52,25/15,1/0/0,25 15 4 3,10,25/15 24/15 23/15,15/4 16/4 17/4,0,25/14,False
1518,1,up,05/09/2025 19:09:53,25/14,0/0/1,25 14 4 4,10,25/14 25/15,14/4 15/4 16/4,100,22/4,False
1519,1,up,05/09/2025 19:09:53,25/13,0/0/1,25 13 4 5,10,25/13 25/14 25/15 24/15,14/5 14/4 15/4,100,22/4,False
1520,1,up,05/09/2025 19:09:53,25/12,0/0/1,25 12 4 6,10,25/12 25/13 25/14 25/15,14/6 14/5 14/4,100,22/4,False
1521,1,up,05/09/2025 19:09:53,25/11,0/0/1,25 11 4 7,10,25/11 25/12 25/13 25/14,14/7 14/6 14/5,100,22/4,False
1522,1,up,05/09/2025 19:09:53,25/10,0/0/1,25 10 4 8,10,25/10 25/11 25/12 25/13,14/8 14/7 14/6,100,22/4,False
1523,1,up,05/09/2025 19:09:54,25/9,0/0/1,25 9 4 9,10,25/9 25/10 25/11 25/12,14/9 14/8 14/7,100,22/4,False
1524,1,left,05/09/2025 19:09:54,25/8,0/0/1,25 8 4 10,10,25/8 25/9 25/10 25/11,14/10 14/9 14/8,100,22/4,False
1525,1,left,05/09/2025 19:09:54,24/8,-1/0/0,24 8 5 10,10,24/8 25/8 25/9 25/10,14/11 14/10 14/9,100,22/4,False
1526,1,left,05/09/2025 19:09:54,23/8,-1/0/0,23 8 6 10,10,23/8 24/8 25/8 25/9,14/12 14/11 14/10,100,22/4,False
1527,1,left,05/09/2025 19:09:54,22/8,-1/0/0,22 8 7 10,10,22/8 23/8 24/8 25/8,14/13 14/12 14/11,100,22/4,False
1528,1,left,05/09/2025 19:09:55,21/8,-1/0/0,21 8 8 10,10,21/8 22/8 23/8 24/8,14/14 14/13 14/12,100,22/4,False
1529,1,left,05/09/2025 19:09:55,20/8,-1/0/0,20 8 9 10,10,20/8 21/8 22/8 23/8,14/15 14/14 14/13,100,22/4,False
1530,1,up,05/09/2025 19:09:55,19/8,-1/0/0,19 8 10 10,10,19/8 20/8 21/8 22/8,14/16 14/15 14/14,100,22/4,False
1531,1,left,05/09/2025 19:09:55,19/7,0/0/1,19 7 10 11,10,19/7 19/8 20/8 21/8,14/17 14/16 14/15,100,22/4,False
1532,1,left,05/09/2025 19:09:55,18/7,-1/0/0,18 7 11 11,10,18/7 19/7 19/8 20/8,13/17 14/17 14/16,100,22/4,False
1533,1,left,05/09/2025 19:09:56,17/7,-1/0/0,17 7 12 11,10,17/7 18/7 19/7 19/8,12/17 13/17 14/17,100,22/4,False
1534,1,left,05/09/2025 19:09:56,16/7,-1/0/0,16 7 13 11,10,16/7 17/7 18/7 19/7,11/17 12/17 13/17,100,22/4,False
1535,1,left,05/09/2025 19:09:56,15/7,-1/0/0,15 7 14 11,10,15/7 16/7 17/7 18/7,10/17 11/17 12/17,100,22/4,False
1536,1,left,05/09/2025 19:09:56,14/7,-1/0/0,14 7 15 11,10,14/7 15/7 16/7 17/7,9/17 10/17 11/17,100,22/4,False
1537,1,left,05/09/2025 19:09:56,13/7,-1/0/0,13 7 16 11,10,13/7 14/7 15/7 16/7,8/17 9/17 10/17,100,22/4,False
1538,1,left,05/09/2025 19:09:57,12/7,-1/0/0,12 7 17 11,10,12/7 13/7 14/7 15/7,7/17 8/17 9/17,100,22/4,False
1539,1,left,05/09/2025 19:09:57,11/7,-1/0/0,11 7 18 11,10,11/7 12/7 13/7 14/7,7/16 7/17 8/17,100,22/4,False
1540,1,up,05/09/2025 19:09:57,10/7,-1/0/0,10 7 19 11,10,10/7 11/7 12/7 13/7,7/15 7/16 7/17,100,22/4,False
1541,1,up,05/09/2025 19:09:57,10/6,0/0/1,10 6 19 12,10,10/6 10/7 11/7 12/7,7/14 7/15 7/16,100,22/4,False
1542,1,up,05/09/2025 19:09:57,10/5,0/0/1,10 5 19 13,10,10/5 10/6 10/7 11/7,7/13 7/14 7/15,100,22/4,False
1543,1,right,05/09/2025 19:09:58,10/4,0/0/1,10 4 19 14,10,10/4 10/5 10/6 10/7,7/12 7/13 7/14,100,22/4,False
1544,1,right,05/09/2025 19:09:58,11/4,1/0/0,11 4 18 14,10,11/4 10/4 10/5 10/6,7/11 7/12 7/13,100,22/4,False
1545,1,right,05/09/2025 19:09:58,12/4,1/0/0,12 4 17 14,10,12/4 11/4 10/4 10/5,7/10 7/11 7/12,100,22/4,False
1546,1,right,05/09/2025 19:09:58,13/4,1/0/0,13 4 16 14,10,13/4 12/4 11/4 10/4,7/9 7/10 7/11,100,22/4,False
1547,1,right,05/09/2025 19:09:58,14/4,1/0/0,14 4 15 14,10,14/4 13/4 12/4 11/4,7/8 7/9 7/10,100,22/4,False
1548,1,right,05/09/2025 19:09:59,15/4,1/0/0,15 4 14 14,10,15/4 14/4 13/4 12/4,7/7 7/8 7/9,100,22/4,False
1549,1,down,05/09/2025 19:09:59,16/4,1/0/0,16 4 13 14,10,16/4 15/4 14/4 13/4,7/6 7/7 7/8,100,22/4,False
1550,1,down,05/09/2025 19:09:59,16/5,0/0/-1,16 5 13 13,10,16/5 16/4 15/4 14/4,8/6 7/6 7/7,100,22/4,False
1551,1,down,05/09/2025 19:09:59,16/6,0/0/-1,16 6 13 12,10,16/6 16/5 16/4 15/4,9/6 8/6 7/6,100,22/4,False
1552,1,down,05/09/2025 19:09:59,16/7,0/0/-1,16 7 13 11,10,16/7 16/6 16/5 16/4,10/6 9/6 8/6,100,22/4,False
1553,1,down,05/09/2025 19:10:00,16/8,0/0/-1,16 8 13 10,10,16/8 16/7 16/6 16/5,11/6 10/6 9/6,100,22/4,False
1554,1,down,05/09/2025 19:10:00,16/9,0/0/-1,16 9 13 9,10,16/9 16/8 16/7 16/6,12/6 11/6 10/6,100,22/4,False
1555,1,down,05/09/2025 19:10:00,16/10,0/0/-1,16 10 13 8,10,16/10 16/9 16/8 16/7,12/7 12/6 11/6,100,22/4,False
1556,1,down,05/09/2025 19:10:00,16/11,0/0/-1,16 11 13 7,10,16/11 16/10 16/9 16/8,12/8 12/7 12/6,100,22/4,False
1557,1,down,05/09/2025 19:10:00,16/12,0/0/-1,16 12 13 6,10,16/12 16/11 16/10 16/9,12/9 12/8 12/7,100,22/4,False
1558,1,right,05/09/2025 19:10:01,16/13,0/0/-1,16 13 13 5,10,16/13 16/12 16/11 16/10,12/10 12/9 12/8,100,22/4,False
1559,1,right,05/09/2025 19:10:01,17/13,1/0/0,17 13 12 5,10,17/13 16/13 16/12 16/11,12/11 12/10 12/9,100,22/4,False
1560,1,right,05/09/2025 19:10:01,18/13,1/0/0,18 13 11 5,10,18/13 17/13 16/13 16/12,12/12 12/11 12/10,100,22/4,False
1561,1,right,05/09/2025 19:10:01,19/13,1/0/0,19 13 10 5,10,19/13 18/13 17/13 16/13,12/13 12/12 12/11,100,22/4,False
1562,1,right,05/09/2025 19:10:01,20/13,1/0/0,20 13 9 5,10,20/13 19/13 18/13 17/13,12/14 12/13 12/12,100,22/4,False
1563,1,right,05/09/2025 19:10:02,21/13,1/0/0,21 13 8 5,10,21/13 20/13 19/13 18/13,12/15 12/14 12/13,100,22/4,False
1564,1,right,05/09/2025 19:10:02,22/13,1/0/0,22 13 7 5,10,22/13 21/13 20/13 19/13,13/15 12/15 12/14,100,22/4,False
1565,1,right,05/09/2025 19:10:02,23/13,1/0/0,23 13 6 5,10,23/13 22/13 21/13 20/13,14/15 13/15 12/15,100,22/4,False
1566,1,up,05/09/2025 19:10:02,24/13,1/0/0,24 13 5 5,10,24/13 23/13 22/13 21/13,15/15 14/15 13/15,100,22/4,False
1567,1,up,05/09/2025 19:10:02,24/12,0/0/1,24 12 5 6,10,24/12 24/13 23/13 22/13,16/15 15/15 14/15,100,22/4,False
1568,1,up,05/09/2025 19:10:03,24/11,0/0/1,24 11 5 7,10,24/11 24/12 24/13 23/13,17/15 16/15 15/15,100,22/4,False
1569,1,up,05/09/2025 19:10:03,24/10,0/0/1,24 10 5 8,10,24/10 24/11 24/12 24/13,18/15 17/15 16/15,100,22/4,False
1570,1,up,05/09/2025 19:10:03,24/9,0/0/1,24 9 5 9,10,24/9 24/10 24/11 24/12,19/15 18/15 17/15,100,22/4,False
1571,1,up,05/09/2025 19:10:03,24/8,0/0/1,24 8 5 10,10,24/8 24/9 24/10 24/11,20/15 19/15 18/15,100,22/4,False
1572,1,left,05/09/2025 19:10:03,24/7,0/0/1,24 7 5 11,10,24/7 24/8 24/9 24/10,21/15 20/15 19/15,100,22/4,False
1573,1,left,05/09/2025 19:10:04,23/7,-1/0/0,23 7 6 11,10,23/7 24/7 24/8 24/9,22/15 21/15 20/15,100,22/4,False
1574,1,left,05/09/2025 19:10:04,22/7,-1/0/0,22 7 7 11,10,22/7 23/7 24/7 24/8,23/15 22/15 21/15,100,22/4,False
1575,1,left,05/09/2025 19:10:04,21/7,-1/0/0,21 7 8 11,10,21/7 22/7 23/7 24/7,23/14 23/15 22/15,100,22/4,False
1576,1,left,05/09/2025 19:10:04,20/7,-1/0/0,20 7 9 11,10,20/7 21/7 22/7 23/7,23/13 23/14 23/15,100,22/4,False
1577,1,left,05/09/2025 19:10:04,19/7,-1/0/0,19 7 10 11,10,19/7 20/7 21/7 22/7,23/12 23/13 23/14,100,22/4,False
1578,1,left,05/09/2025 19:10:05,18/7,-1/0/0,18 7 11 11,10,18/7 19/7 20/7 21/7,23/11 23/12 23/13,100,22/4,False
1579,1,left,05/09/2025 19:10:05,17/7,-1/0/0,17 7 12 11,10,17/7 18/7 19/7 20/7,23/10 23/11 23/12,100,22/4,False
1580,1,left,05/09/2025 19:10:05,16/7,-1/0/0,16 7 13 11,10,16/7 17/7 18/7 19/7,23/9 23/10 23/11,100,22/4,False
1581,1,left,05/09/2025 19:10:05,15/7,-1/0/0,15 7 14 11,10,15/7 16/7 17/7 18/7,23/8 23/9 23/10,100,22/4,False
1582,1,left,05/09/2025 19:10:05,14/7,-1/0/0,14 7 15 11,10,14/7 15/7 16/7 17/7,23/7 23/8 23/9,100,22/4,False
1583,1,left,05/09/2025 19:10:06,13/7,-1/0/0,13 7 16 11,10,13/7 14/7 15/7 16/7,23/6 23/7 23/8,100,22/4,False
1584,1,left,05/09/2025 19:10:06,12/7,-1/0/0,12 7 17 11,10,12/7 13/7 14/7 15/7,23/5 23/6 23/7,100,22/4,False
1585,1,left,05/09/2025 19:10:06,11/7,-1/0/0,11 7 18 11,10,11/7 12/7 13/7 14/7,23/4 23/5 23/6,100,22/4,False
1586,1,down,05/09/2025 19:10:06,10/7,-1/0/0,10 7 19 11,10,10/7 11/7 12/7 13/7,23/3 23/4 23/5,100,22/4,False
1587,1,down,05/09/2025 19:10:06,10/8,0/0/-1,10 8 19 10,10,10/8 10/7 11/7 12/7,23/2 23/3 23/4,100,22/4,False
1588,1,down,05/09/2025 19:10:07,10/9,0/0/-1,10 9 19 9,10,10/9 10/8 10/7 11/7,23/1 23/2 23/3,100,22/4,False
1589,1,down,05/09/2025 19:10:07,10/10,0/0/-1,10 10 19 8,10,10/10 10/9 10/8 10/7,22/1 23/1 23/2,100,22/4,False
1590,1,right,05/09/2025 19:10:07,10/11,0/0/-1,10 11 19 7,10,10/11 10/10 10/9 10/8,21/1 22/1 23/1,100,22/4,False
1591,1,right,05/09/2025 19:10:07,11/11,1/0/0,11 11 18 7,10,11/11 10/11 10/10 10/9,20/1 21/1 22/1,100,22/4,False
1592,1,right,05/09/2025 19:10:07,12/11,1/0/0,12 11 17 7,10,12/11 11/11 10/11 10/10,19/1 20/1 21/1,100,22/4,False
1593,1,right,05/09/2025 19:10:08,13/11,1/0/0,13 11 16 7,10,13/11 12/11 11/11 10/11,18/1 19/1 20/1,100,22/4,False
1594,1,right,05/09/2025 19:10:08,14/11,1/0/0,14 11 15 7,10,14/11 13/11 12/11 11/11,18/2 18/1 19/1,100,22/4,False
1595,1,right,05/09/2025 19:10:08,15/11,1/0/0,15 11 14 7,10,15/11 14/11 13/11 12/11,18/3 18/2 18/1,100,22/4,False
1596,1,right,05/09/2025 19:10:08,16/11,1/0/0,16 11 13 7,10,16/11 15/11 14/11 13/11,18/4 18/3 18/2,100,22/4,False
1597,1,right,05/09/2025 19:10:08,17/11,1/0/0,17 11 12 7,10,17/11 16/11 15/11 14/11,18/5 18/4 18/3,100,22/4,False
1598,1,down,05/09/2025 19:10:09,18/11,1/0/0,18 11 11 7,10,18/11 17/11 16/11 15/11,18/6 18/5 18/4,100,22/4,False
1599,1,left,05/09/2025 19:10:09,18/12,0/0/-1,18 12 11 6,10,18/12 18/11 17/11 16/11,18/7 18/6 18/5,100,22/4,False
1600,1,left,05/09/2025 19:10:09,17/12,-1/0/0,17 12 12 6,10,17/12 18/12 18/11 17/11,18/8 18/7 18/6,100,22/4,False
1601,1,left,05/09/2025 19:10:09,16/12,-1/0/0,16 12 13 6,10,16/12 17/12 18/12 18/11,18/9 18/8 18/7,100,22/4,False
1602,1,left,05/09/2025 19:10:09,15/12,-1/0/0,15 12 14 6,10,15/12 16/12 17/12 18/12,18/10 18/9 18/8,100,22/4,False
1603,1,left,05/09/2025 19:10:10,14/12,-1/0/0,14 12 15 6,10,14/12 15/12 16/12 17/12,18/11 18/10 18/9,100,22/4,False
1604,1,left,05/09/2025 19:10:10,13/12,-1/0/0,13 12 16 6,10,13/12 14/12 15/12 16/12,18/12 18/11 18/10,100,22/4,False
1605,1,up,05/09/2025 19:10:10,12/12,-1/0/0,12 12 17 6,10,12/12 13/12 14/12 15/12,18/13 18/12 18/11,100,22/4,False
1606,1,up,05/09/2025 19:10:10,12/11,0/0/1,12 11 17 7,10,12/11 12/12 13/12 14/12,18/14 18/13 18/12,100,22/4,False
1607,1,up,05/09/2025 19:10:10,12/10,0/0/1,12 10 17 8,10,12/10 12/11 12/12 13/12,18/15 18/14 18/13,100,22/4,False
1608,1,up,05/09/2025 19:10:11,12/9,0/0/1,12 9 17 9,10,12/9 12/10 12/11 12/12,18/16 18/15 18/14,100,22/4,False
1609,1,up,05/09/2025 19:10:11,12/8,0/0/1,12 8 17 10,10,12/8 12/9 12/10 12/11,18/17 18/16 18/15,100,22/4,False
1610,1,right,05/09/2025 19:10:11,12/7,0/0/1,12 7 17 11,10,12/7 12/8 12/9 12/10,17/17 18/17 18/16,100,22/4,False
1611,1,right,05/09/2025 19:10:11,13/7,1/0/0,13 7 16 11,10,13/7 12/7 12/8 12/9,16/17 17/17 18/17,100,22/4,False
1612,1,right,05/09/2025 19:10:11,14/7,1/0/0,14 7 15 11,10,14/7 13/7 12/7 12/8,15/17 16/17 17/17,100,22/4,False
1613,1,right,05/09/2025 19:10:12,15/7,1/0/0,15 7 14 11,10,15/7 14/7 13/7 12/7,14/17 15/17 16/17,100,22/4,False
1614,1,right,05/09/2025 19:10:12,16/7,1/0/0,16 7 13 11,10,16/7 15/7 14/7 13/7,13/17 14/17 15/17,100,22/4,False
1615,1,right,05/09/2025 19:10:12,17/7,1/0/0,17 7 12 11,10,17/7 16/7 15/7 14/7,12/17 13/17 14/17,100,22/4,False
1616,1,right,05/09/2025 19:10:12,18/7,1/0/0,18 7 11 11,10,18/7 17/7 16/7 15/7,11/17 12/17 13/17,100,22/4,False
1617,1,right,05/09/2025 19:10:12,19/7,1/0/0,19 7 10 11,10,19/7 18/7 17/7 16/7,10/17 11/17 12/17,100,22/4,False
1618,1,right,05/09/2025 19:10:13,20/7,1/0/0,20 7 9 11,10,20/7 19/7 18/7 17/7,9/17 10/17 11/17,100,22/4,False
1619,1,right,05/09/2025 19:10:13,21/7,1/0/0,21 7 8 11,10,21/7 20/7 19/7 18/7,8/17 9/17 10/17,100,22/4,False
1620,1,right,05/09/2025 19:10:13,22/7,1/0/0,22 7 7 11,10,22/7 21/7 20/7 19/7,7/17 8/17 9/17,100,22/4,False
1621,1,right,05/09/2025 19:10:13,23/7,1/0/0,23 7 6 11,10,23/7 22/7 21/7 20/7,6/17 7/17 8/17,100,22/4,False
1622,1,up,05/09/2025 19:10:13,24/7,1/0/0,24 7 5 11,10,24/7 23/7 22/7 21/7,6/16 6/17 7/17,100,22/4,False
1623,1,up,05/09/2025 19:10:14,24/6,0/0/1,24 6 5 12,10,24/6 24/7 23/7 22/7,6/15 6/16 6/17,100,22/4,False
1624,1,up,05/09/2025 19:10:14,24/5,0/0/1,24 5 5 13,10,24/5 24/6 24/7 23/7,6/14 6/15 6/16,100,22/4,False
1625,1,left,05/09/2025 19:10:14,24/4,0/0/1,24 4 5 14,10,24/4 24/5 24/6 24/7,6/13 6/14 6/15,100,22/4,False
1626,1,left,05/09/2025 19:10:14,23/4,-1/0/0,23 4 6 14,10,23/4 24/4 24/5 24/6,6/12 6/13 6/14,100,22/4,False
1627,1,left,05/09/2025 19:10:14,22/4,-1/0/0,22 4 7 14,10,22/4 23/4 24/4,6/11 6/12 6/13,200,5/8,False
1628,1,left,05/09/2025 19:10:15,21/4,-1/0/0,21 4 8 14,10,21/4 22/4 23/4 24/4 24/5,5/11 6/11 6/12,200,5/8,False
1629,1,left,05/09/2025 19:10:15,20/4,-1/0/0,20 4 9 14,10,20/4 21/4 22/4 23/4 24/4,4/11 5/11 6/11,200,5/8,False
1630,1,left,05/09/2025 19:10:15,19/4,-1/0/0,19 4 10 14,10,19/4 20/4 21/4 22/4 23/4,3/11 4/11 5/11,200,5/8,False
1631,1,left,05/09/2025 19:10:15,18/4,-1/0/0,18 4 11 14,10,18/4 19/4 20/4 21/4 22/4,2/11 3/11 4/11,200,5/8,False
1632,1,up,05/09/2025 19:10:15,17/4,-1/0/0,17 4 12 14,10,17/4 18/4 19/4 20/4 21/4,2/10 2/11 3/11,200,5/8,False
1633,1,up,05/09/2025 19:10:16,17/3,0/0/1,17 3 12 15,10,17/3 17/4 18/4 19/4 20/4,2/9 2/10 2/11,200,5/8,False
1634,1,right,05/09/2025 19:10:16,17/2,0/0/1,17 2 12 16,10,17/2 17/3 17/4 18/4 19/4,2/8 2/9 2/10,200,5/8,False
1635,1,right,05/09/2025 19:10:16,18/2,1/0/0,18 2 11 16,10,18/2 17/2 17/3 17/4 18/4,2/7 2/8 2/9,200,5/8,False
1636,1,right,05/09/2025 19:10:16,19/2,1/0/0,19 2 10 16,10,19/2 18/2 17/2 17/3 17/4,3/7 2/7 2/8,200,5/8,False
1637,1,right,05/09/2025 19:10:16,20/2,1/0/0,20 2 9 16,10,20/2 19/2 18/2 17/2 17/3,4/7 3/7 2/7,200,5/8,False
1638,1,right,05/09/2025 19:10:17,21/2,1/0/0,21 2 8 16,10,21/2 20/2 19/2 18/2 17/2,5/7 4/7 3/7,200,5/8,False
1639,1,down,05/09/2025 19:10:17,22/2,1/0/0,22 2 7 16,10,22/2 21/2 20/2 19/2 18/2,6/7 5/7 4/7,200,5/8,False
1640,1,down,05/09/2025 19:10:17,22/3,0/0/-1,22 3 7 15,10,22/3 22/2 21/2 20/2 19/2,7/7 6/7 5/7,200,5/8,False
1641,1,down,05/09/2025 19:10:17,22/4,0/0/-1,22 4 7 14,10,22/4 22/3 22/2 21/2 20/2,8/7 7/7 6/7,200,5/8,False
1642,1,down,05/09/2025 19:10:17,22/5,0/0/-1,22 5 7 13,10,22/5 22/4 22/3 22/2 21/2,9/7 8/7 7/7,200,5/8,False
1643,1,down,05/09/2025 19:10:18,22/6,0/0/-1,22 6 7 12,10,22/6 22/5 22/4 22/3 22/2,10/7 9/7 8/7,200,5/8,False
1644,1,down,05/09/2025 19:10:18,22/7,0/0/-1,22 7 7 11,10,22/7 22/6 22/5 22/4 22/3,11/7 10/7 9/7,200,5/8,False
1645,1,down,05/09/2025 19:10:18,22/8,0/0/-1,22 8 7 10,10,22/8 22/7 22/6 22/5 22/4,12/7 11/7 10/7,200,5/8,False
1646,1,down,05/09/2025 19:10:18,22/9,0/0/-1,22 9 7 9,10,22/9 22/8 22/7 22/6 22/5,12/8 12/7 11/7,200,5/8,False
1647,1,down,05/09/2025 19:10:18,22/10,0/0/-1,22 10 7 8,10,22/10 22/9 22/8 22/7 22/6,12/9 12/8 12/7,200,5/8,False
1648,1,down,05/09/2025 19:10:19,22/11,0/0/-1,22 11 7 7,10,22/11 22/10 22/9 22/8 22/7,12/10 12/9 12/8,200,5/8,False
1649,1,down,05/09/2025 19:10:19,22/12,0/0/-1,22 12 7 6,10,22/12 22/11 22/10 22/9 22/8,12/11 12/10 12/9,200,5/8,False
1650,1,down,05/09/2025 19:10:19,22/13,0/0/-1,22 13 7 5,10,22/13 22/12 22/11 22/10 22/9,11/11 12/11 12/10,200,5/8,False
1651,1,left,05/09/2025 19:10:19,22/14,0/0/-1,22 14 7 4,10,22/14 22/13 22/12 22/11 22/10,10/11 11/11 12/11,200,5/8,False
1652,1,left,05/09/2025 19:10:19,21/14,-1/0/0,21 14 8 4,10,21/14 22/14 22/13 22/12 22/11,9/11 10/11 11/11,200,5/8,False
1653,1,left,05/09/2025 19:10:20,20/14,-1/0/0,20 14 9 4,10,20/14 21/14 22/14 22/13 22/12,8/11 9/11 10/11,200,5/8,False
1654,1,left,05/09/2025 19:10:20,19/14,-1/0/0,19 14 10 4,10,19/14 20/14 21/14 22/14 22/13,7/11 8/11 9/11,200,5/8,False
1655,1,left,05/09/2025 19:10:20,18/14,-1/0/0,18 14 11 4,10,18/14 19/14 20/14 21/14 22/14,6/11 7/11 8/11,200,5/8,False
1656,1,left,05/09/2025 19:10:20,17/14,-1/0/0,17 14 12 4,10,17/14 18/14 19/14 20/14 21/14,5/11 6/11 7/11,200,5/8,False
1657,1,left,05/09/2025 19:10:20,16/14,-1/0/0,16 14 13 4,10,16/14 17/14 18/14 19/14 20/14,4/11 5/11 6/11,200,5/8,False
1658,1,left,05/09/2025 19:10:21,15/14,-1/0/0,15 14 14 4,10,15/14 16/14 17/14 18/14 19/14,3/11 4/11 5/11,200,5/8,False
1659,1,left,05/09/2025 19:10:21,14/14,-1/0/0,14 14 15 4,10,14/14 15/14 16/14 17/14 18/14,2/11 3/11 4/11,200,5/8,False
1660,1,left,05/09/2025 19:10:21,13/14,-1/0/0,13 14 16 4,10,13/14 14/14 15/14 16/14 17/14,1/11 2/11 3/11,200,5/8,False
1661,1,left,05/09/2025 19:10:21,12/14,-1/0/0,12 14 17 4,10,12/14 13/14 14/14 15/14 16/14,1/10 1/11 2/11,200,5/8,False
1662,1,left,05/09/2025 19:10:24,11/14,-1/0/0,11 14 18 4,10,26/9 27/9 28/9,3/9 2/9 1/9,200,17/15,False
1663,1,left,05/09/2025 19:10:24,25/9,-1/0/0,25 9 4 9,10,25/9 26/9 27/9,4/9 3/9 2/9,200,17/15,False
1664,1,left,05/09/2025 19:10:24,24/9,-1/0/0,24 9 5 9,10,24/9 25/9 26/9,5/9 4/9 3/9,200,17/15,False
1665,1,left,05/09/2025 19:10:24,23/9,-1/0/0,23 9 6 9,10,23/9 24/9 25/9,6/9 5/9 4/9,200,17/15,False
1666,1,down,05/09/2025 19:10:24,22/9,-1/0/0,22 9 7 9,10,22/9 23/9 24/9,7/9 6/9 5/9,200,17/15,False
1667,1,down,05/09/2025 19:10:25,22/10,0/0/-1,22 10 7 8,10,22/10 22/9 23/9,8/9 7/9 6/9,200,17/15,False
1668,1,down,05/09/2025 19:10:25,22/11,0/0/-1,22 11 7 7,10,22/11 22/10 22/9,9/9 8/9 7/9,200,17/15,False
1669,1,down,05/09/2025 19:10:25,22/12,0/0/-1,22 12 7 6,10,22/12 22/11 22/10,10/9 9/9 8/9,200,17/15,False
1670,1,down,05/09/2025 19:10:25,22/13,0/0/-1,22 13 7 5,10,22/13 22/12 22/11,11/9 10/9 9/9,200,17/15,False
1671,1,down,05/09/2025 19:10:25,22/14,0/0/-1,22 14 7 4,10,22/14 22/13 22/12,12/9 11/9 10/9,200,17/15,False
1672,1,down,05/09/2025 19:10:26,22/15,0/0/-1,22 15 7 3,10,22/15 22/14 22/13,13/9 12/9 11/9,200,17/15,False
1673,1,left,05/09/2025 19:10:26,22/16,0/0/-1,22 16 7 2,10,22/16 22/15 22/14,14/9 13/9 12/9,200,17/15,False
1674,1,left,05/09/2025 19:10:26,21/16,-1/0/0,21 16 8 2,10,21/16 22/16 22/15,14/10 14/9 13/9,200,17/15,False
1675,1,left,05/09/2025 19:10:26,20/16,-1/0/0,20 16 9 2,10,20/16 21/16 22/16,14/11 14/10 14/9,200,17/15,False
1676,1,left,05/09/2025 19:10:26,19/16,-1/0/0,19 16 10 2,10,19/16 20/16 21/16,14/12 14/11 14/10,200,17/15,False
1677,1,left,05/09/2025 19:10:27,18/16,-1/0/0,18 16 11 2,10,18/16 19/16 20/16,14/13 14/12 14/11,200,17/15,False
1678,1,down,05/09/2025 19:10:27,17/16,-1/0/0,17 16 12 2,10,17/16 18/16 19/16,14/14 14/13 14/12,200,17/15,False
1679,1,right,05/09/2025 19:10:27,17/17,0/0/-1,17 17 12 1,10,17/17 17/16 18/16,15/14 14/14 14/13,200,17/15,True
1680,1,right,05/09/2025 19:10:27,18/17,1/0/0,18 17 11 1,10,18/17 17/17 17/16,16/14 15/14 14/14,200,17/15,False
1681,1,right,05/09/2025 19:10:27,19/17,1/0/0,19 17 10 1,10,19/17 18/17 17/17,17/14 16/14 15/14,200,17/15,False
1682,1,right,05/09/2025 19:10:28,20/17,1/0/0,20 17 9 1,10,20/17 19/17 18/17,18/14 17/14 16/14,200,17/15,False
1683,1,right,05/09/2025 19:10:28,21/17,1/0/0,21 17 8 1,10,21/17 20/17 19/17,19/14 18/14 17/14,200,17/15,False
1684,1,right,05/09/2025 19:10:28,22/17,1/0/0,22 17 7 1,10,22/17 21/17 20/17,20/14 19/14 18/14,200,17/15,False
1685,1,right,05/09/2025 19:10:28,23/17,1/0/0,23 17 6 1,10,23/17 22/17 21/17,21/14 20/14 19/14,200,17/15,False
1686,1,right,05/09/2025 19:10:28,24/17,1/0/0,24 17 5 1,10,24/17 23/17 22/17,22/14 21/14 20/14,200,17/15,False
1687,1,up,05/09/2025 19:10:29,25/17,1/0/0,25 17 4 1,10,25/17 24/17 23/17,22/15 22/14 21/14,200,17/15,False
1688,1,up,05/09/2025 19:10:29,25/16,0/0/1,25 16 4 2,10,25/16 25/17 24/17,22/16 22/15 22/14,200,17/15,False
1689,1,up,05/09/2025 19:10:29,25/15,0/0/1,25 15 4 3,10,25/15 25/16 25/17,21/16 22/16 22/15,200,17/15,False
1690,1,up,05/09/2025 19:10:29,25/14,0/0/1,25 14 4 4,10,25/14 25/15 25/16,20/16 21/16 22/16,200,17/15,False
1691,1,up,05/09/2025 19:10:29,25/13,0/0/1,25 13 4 5,10,25/13 25/14 25/15,19/16 20/16 21/16,200,17/15,False
1692,1,up,05/09/2025 19:10:30,25/12,0/0/1,25 12 4 6,10,25/12 25/13 25/14,18/16 19/16 20/16,200,17/15,False
1693,1,left,05/09/2025 19:10:30,25/11,0/0/1,25 11 4 7,10,25/11 25/12 25/13,17/16 18/16 19/16,200,17/15,False
1694,1,left,05/09/2025 19:10:30,24/11,-1/0/0,24 11 5 7,10,24/11 25/11 25/12,16/16 17/16 18/16,200,17/15,False
1695,1,left,05/09/2025 19:10:30,23/11,-1/0/0,23 11 6 7,10,23/11 24/11 25/11,15/16 16/16 17/16,200,17/15,False
1696,1,left,05/09/2025 19:10:30,22/11,-1/0/0,22 11 7 7,10,22/11 23/11 24/11,14/16 15/16 16/16,200,17/15,False
1697,1,left,05/09/2025 19:10:31,21/11,-1/0/0,21 11 8 7,10,21/11 22/11 23/11,13/16 14/16 15/16,200,17/15,False
1698,1,left,05/09/2025 19:10:31,20/11,-1/0/0,20 11 9 7,10,20/11 21/11 22/11,12/16 13/16 14/16,200,17/15,False
1699,1,left,05/09/2025 19:10:31,19/11,-1/0/0,19 11 10 7,10,19/11 20/11 21/11,11/16 12/16 13/16,200,17/15,False
1700,1,left,05/09/2025 19:10:31,18/11,-1/0/0,18 11 11 7,10,18/11 19/11 20/11,11/15 11/16 12/16,200,17/15,False
1701,1,left,05/09/2025 19:10:31,17/11,-1/0/0,17 11 12 7,10,17/11 18/11 19/11,11/14 11/15 11/16,200,17/15,False
1702,1,up,05/09/2025 19:10:32,16/11,-1/0/0,16 11 13 7,10,16/11 17/11 18/11,11/13 11/14 11/15,200,17/15,False
1703,1,up,05/09/2025 19:10:32,16/10,0/0/1,16 10 13 8,10,16/10 16/11 17/11,11/12 11/13 11/14,200,17/15,False
1704,1,up,05/09/2025 19:10:32,16/9,0/0/1,16 9 13 9,10,16/9 16/10 16/11,11/11 11/12 11/13,200,17/15,False
1705,1,up,05/09/2025 19:10:32,16/8,0/0/1,16 8 13 10,10,16/8 16/9 16/10,10/11 11/11 11/12,200,17/15,False
1706,1,up,05/09/2025 19:10:32,16/7,0/0/1,16 7 13 11,10,16/7 16/8 16/9,9/11 10/11 11/11,200,17/15,False
1707,1,left,05/09/2025 19:10:33,16/6,0/0/1,16 6 13 12,10,16/6 16/7 16/8,8/11 9/11 10/11,200,17/15,False
1708,1,left,05/09/2025 19:10:33,15/6,-1/0/0,15 6 14 12,10,15/6 16/6 16/7,7/11 8/11 9/11,200,17/15,False
1709,1,left,05/09/2025 19:10:33,14/6,-1/0/0,14 6 15 12,10,14/6 15/6 16/6,6/11 7/11 8/11,200,17/15,False
1710,1,left,05/09/2025 19:10:33,13/6,-1/0/0,13 6 16 12,10,13/6 14/6 15/6,5/11 6/11 7/11,200,17/15,False
1711,1,left,05/09/2025 19:10:33,12/6,-1/0/0,12 6 17 12,10,12/6 13/6 14/6,4/11 5/11 6/11,200,17/15,False
1712,1,left,05/09/2025 19:10:34,11/6,-1/0/0,11 6 18 12,10,11/6 12/6 13/6,3/11 4/11 5/11,200,17/15,False
1713,1,up,05/09/2025 19:10:34,10/6,-1/0/0,10 6 19 12,10,10/6 11/6 12/6,2/11 3/11 4/11,200,17/15,False
1714,1,up,05/09/2025 19:10:34,10/5,0/0/1,10 5 19 13,10,10/5 10/6 11/6,1/11 2/11 3/11,200,17/15,False
1715,1,up,05/09/2025 19:10:35,10/4,-1/0/0,10 4 19 14,10,26/9 27/9 28/9,3/9 2/9 1/9,200,3/1,False
1716,1,up,05/09/2025 19:10:36,25/9,-1/0/0,25 9 4 9,10,25/9 26/9 27/9,3/8 3/9 2/9,200,3/1,False
1717,1,up,05/09/2025 19:10:36,24/9,-1/0/0,24 9 5 9,10,24/9 25/9 26/9,3/7 3/8 3/9,200,3/1,False
1718,1,up,05/09/2025 19:10:36,23/9,-1/0/0,23 9 6 9,10,23/9 24/9 25/9,3/6 3/7 3/8,200,3/1,False
1719,1,up,05/09/2025 19:10:36,22/9,-1/0/0,22 9 7 9,10,22/9 23/9 24/9,3/5 3/6 3/7,200,3/1,False
1720,1,up,05/09/2025 19:10:36,21/9,-1/0/0,21 9 8 9,10,21/9 22/9 23/9,3/4 3/5 3/6,200,3/1,False
1721,1,up,05/09/2025 19:10:37,20/9,-1/0/0,20 9 9 9,10,20/9 21/9 22/9,3/3 3/4 3/5,200,3/1,False
1722,1,up,05/09/2025 19:10:37,19/9,-1/0/0,19 9 10 9,10,19/9 20/9 21/9,3/2 3/3 3/4,200,3/1,False
1723,1,up,05/09/2025 19:10:37,18/9,-1/0/0,18 9 11 9,10,18/9 19/9 20/9,3/1 3/2,200,1/7,False
1724,1,up,05/09/2025 19:10:38,17/9,-1/0/0,17 9 12 9,10,26/9 27/9 28/9,3/9 2/9 1/9,200,14/15,False
1725,1,up,05/09/2025 19:10:39,25/9,-1/0/0,25 9 4 9,10,25/9 26/9 27/9,4/9 3/9 2/9,200,14/15,False
1726,1,up,05/09/2025 19:10:39,24/9,-1/0/0,24 9 5 9,10,24/9 25/9 26/9,5/9 4/9 3/9,200,14/15,False
1727,1,up,05/09/2025 19:10:39,23/9,-1/0/0,23 9 6 9,10,23/9 24/9 25/9,6/9 5/9 4/9,200,14/15,False
1728,1,up,05/09/2025 19:10:39,22/9,-1/0/0,22 9 7 9,10,22/9 23/9 24/9,7/9 6/9 5/9,200,14/15,False
1729,1,up,05/09/2025 19:10:39,21/9,-1/0/0,21 9 8 9,10,21/9 22/9 23/9,8/9 7/9 6/9,200,14/15,False
1730,1,down,05/09/2025 19:10:40,20/9,-1/0/0,20 9 9 9,10,20/9 21/9 22/9,9/9 8/9 7/9,200,14/15,False
1731,1,down,05/09/2025 19:10:40,20/10,0/0/-1,20 10 9 8,10,20/10 20/9 21/9,10/9 9/9 8/9,200,14/15,False
1732,1,down,05/09/2025 19:10:40,20/11,0/0/-1,20 11 9 7,10,20/11 20/10 20/9,11/9 10/9 9/9,200,14/15,False
1733,1,down,05/09/2025 19:10:40,20/12,0/0/-1,20 12 9 6,10,20/12 20/11 20/10,12/9 11/9 10/9,200,14/15,False
1734,1,down,05/09/2025 19:10:40,20/13,0/0/-1,20 13 9 5,10,20/13 20/12 20/11,13/9 12/9 11/9,200,14/15,False
1735,1,down,05/09/2025 19:10:41,20/14,0/0/-1,20 14 9 4,10,20/14 20/13 20/12,14/9 13/9 12/9,200,14/15,False
1736,1,down,05/09/2025 19:10:41,20/15,0/0/-1,20 15 9 3,10,20/15 20/14 20/13,15/9 14/9 13/9,200,14/15,False
1737,1,down,05/09/2025 19:10:41,20/16,0/0/-1,20 16 9 2,10,20/16 20/15 20/14,16/9 15/9 14/9,200,14/15,False
1738,1,left,05/09/2025 19:10:41,20/17,0/0/-1,20 17 9 1,10,20/17 20/16 20/15,17/9 16/9 15/9,200,14/15,True
1739,1,left,05/09/2025 19:10:41,19/17,-1/0/0,19 17 10 1,10,19/17 20/17 20/16,18/9 17/9 16/9,200,14/15,False
1740,1,left,05/09/2025 19:10:42,18/17,-1/0/0,18 17 11 1,10,18/17 19/17 20/17,19/9 18/9 17/9,200,14/15,False
1741,1,left,05/09/2025 19:10:42,17/17,-1/0/0,17 17 12 1,10,17/17 18/17 19/17,20/9 19/9 18/9,200,14/15,False
1742,1,left,05/09/2025 19:10:42,16/17,-1/0/0,16 17 13 1,10,16/17 17/17 18/17,21/9 20/9 19/9,200,14/15,False
1743,1,left,05/09/2025 19:10:42,15/17,-1/0/0,15 17 14 1,10,15/17 16/17 17/17,22/9 21/9 20/9,200,14/15,False
1744,1,left,05/09/2025 19:10:42,14/17,-1/0/0,14 17 15 1,10,14/17 15/17 16/17,23/9 22/9 21/9,200,14/15,False
1745,1,left,05/09/2025 19:10:43,13/17,-1/0/0,13 17 16 1,10,13/17 14/17 15/17,24/9 23/9 22/9,200,14/15,False
1746,1,left,05/09/2025 19:10:43,12/17,-1/0/0,12 17 17 1,10,12/17 13/17 14/17,25/9 24/9 23/9,200,14/15,False
1747,1,left,05/09/2025 19:10:43,11/17,-1/0/0,11 17 18 1,10,11/17 12/17 13/17,26/9 25/9 24/9,200,14/15,False
1748,1,left,05/09/2025 19:10:43,10/17,-1/0/0,10 17 19 1,10,10/17 11/17 12/17,27/9 26/9 25/9,200,14/15,False
1749,1,left,05/09/2025 19:10:43,9/17,-1/0/0,9 17 20 1,10,9/17 10/17 11/17,28/9 27/9 26/9,200,14/15,False
1750,1,left,05/09/2025 19:10:44,8/17,-1/0/0,8 17 21 1,10,8/17 9/17 10/17,28/10 28/9 27/9,200,14/15,False
1751,1,left,05/09/2025 19:10:44,7/17,-1/0/0,7 17 22 1,10,7/17 8/17 9/17,28/11 28/10 28/9,200,14/15,False
1752,1,up,05/09/2025 19:10:44,6/17,-1/0/0,6 17 23 1,10,6/17 7/17 8/17,28/12 28/11 28/10,200,14/15,False
1753,1,up,05/09/2025 19:10:44,6/16,0/0/1,6 16 23 2,10,6/16 6/17 7/17,28/13 28/12 28/11,200,14/15,False
1754,1,up,05/09/2025 19:10:44,6/15,0/0/1,6 15 23 3,10,6/15 6/16 6/17,28/14 28/13 28/12,200,14/15,False
1755,1,up,05/09/2025 19:10:45,6/14,0/0/1,6 14 23 4,10,6/14 6/15 6/16,28/15 28/14 28/13,200,14/15,False
1756,1,right,05/09/2025 19:10:45,6/13,0/0/1,6 13 23 5,10,6/13 6/14 6/15,28/16 28/15 28/14,200,14/15,False
1757,1,right,05/09/2025 19:10:45,7/13,1/0/0,7 13 22 5,10,7/13 6/13 6/14,27/16 28/16 28/15,200,14/15,False
1758,1,right,05/09/2025 19:10:45,8/13,1/0/0,8 13 21 5,10,8/13 7/13 6/13,26/16 27/16 28/16,200,14/15,False
1759,1,right,05/09/2025 19:10:45,9/13,1/0/0,9 13 20 5,10,9/13 8/13 7/13,25/16 26/16 27/16,200,14/15,False
1760,1,right,05/09/2025 19:10:46,10/13,1/0/0,10 13 19 5,10,10/13 9/13 8/13,24/16 25/16 26/16,200,14/15,False
1761,1,right,05/09/2025 19:10:46,11/13,1/0/0,11 13 18 5,10,11/13 10/13 9/13,23/16 24/16 25/16,200,14/15,False
1762,1,right,05/09/2025 19:10:46,12/13,1/0/0,12 13 17 5,10,12/13 11/13 10/13,22/16 23/16 24/16,200,14/15,False
1763,1,right,05/09/2025 19:10:46,13/13,1/0/0,13 13 16 5,10,13/13 12/13 11/13,21/16 22/16 23/16,200,14/15,False
1764,1,right,05/09/2025 19:10:46,14/13,1/0/0,14 13 15 5,10,14/13 13/13 12/13,20/16 21/16 22/16,200,14/15,False
1765,1,right,05/09/2025 19:10:47,15/13,1/0/0,15 13 14 5,10,15/13 14/13 13/13,19/16 20/16 21/16,200,14/15,False
1766,1,right,05/09/2025 19:10:47,16/13,1/0/0,16 13 13 5,10,16/13 15/13 14/13,18/16 19/16 20/16,200,14/15,False
1767,1,right,05/09/2025 19:10:47,17/13,1/0/0,17 13 12 5,10,17/13 16/13 15/13,17/16 18/16 19/16,200,14/15,False
1768,1,right,05/09/2025 19:10:47,18/13,1/0/0,18 13 11 5,10,18/13 17/13 16/13,16/16 17/16 18/16,200,14/15,False
1769,1,right,05/09/2025 19:10:47,19/13,1/0/0,19 13 10 5,10,19/13 18/13 17/13,15/16 16/16 17/16,200,14/15,False
1770,1,right,05/09/2025 19:10:48,20/13,1/0/0,20 13 9 5,10,20/13 19/13 18/13,14/16 15/16 16/16,200,14/15,False
1771,1,right,05/09/2025 19:10:48,21/13,1/0/0,21 13 8 5,10,21/13 20/13 19/13,13/16 14/16 15/16,200,14/15,False
1772,1,down,05/09/2025 19:10:48,22/13,1/0/0,22 13 7 5,10,22/13 21/13 20/13,12/16 13/16 14/16,200,14/15,False
1773,1,down,05/09/2025 19:10:48,22/14,0/0/-1,22 14 7 4,10,22/14 22/13 21/13,11/16 12/16 13/16,200,14/15,False
1774,1,left,05/09/2025 19:10:48,22/15,0/0/-1,22 15 7 3,10,22/15 22/14 22/13,11/15 11/16 12/16,200,14/15,False
1775,1,left,05/09/2025 19:10:49,21/15,-1/0/0,21 15 8 3,10,21/15 22/15 22/14,11/14 11/15 11/16,200,14/15,False
1776,1,left,05/09/2025 19:10:49,20/15,-1/0/0,20 15 9 3,10,20/15 21/15 22/15,11/13 11/14 11/15,200,14/15,False
1777,1,left,05/09/2025 19:10:49,19/15,-1/0/0,19 15 10 3,10,19/15 20/15 21/15,11/12 11/13 11/14,200,14/15,False
1778,1,left,05/09/2025 19:10:49,18/15,-1/0/0,18 15 11 3,10,18/15 19/15 20/15,11/11 11/12 11/13,200,14/15,False
1779,1,left,05/09/2025 19:10:49,17/15,-1/0/0,17 15 12 3,10,17/15 18/15 19/15,11/10 11/11 11/12,200,14/15,False
1780,1,left,05/09/2025 19:10:50,16/15,-1/0/0,16 15 13 3,10,16/15 17/15 18/15,11/9 11/10 11/11,200,14/15,False
1781,1,left,05/09/2025 19:10:50,15/15,-1/0/0,15 15 14 3,10,15/15 16/15 17/15,11/8 11/9 11/10,200,14/15,False
1782,1,left,05/09/2025 19:10:50,14/15,-1/0/0,14 15 15 3,10,14/15 15/15,12/8 11/8 11/9,300,1/12,False
1783,1,left,05/09/2025 19:10:50,13/15,-1/0/0,13 15 16 3,10,13/15 14/15 15/15 16/15,12/9 12/8 11/8,300,1/12,False
1784,1,left,05/09/2025 19:10:50,12/15,-1/0/0,12 15 17 3,10,12/15 13/15 14/15 15/15,12/10 12/9 12/8,300,1/12,False
1785,1,left,05/09/2025 19:10:51,11/15,-1/0/0,11 15 18 3,10,11/15 12/15 13/15 14/15,12/11 12/10 12/9,300,1/12,False
1786,1,left,05/09/2025 19:10:51,10/15,-1/0/0,10 15 19 3,10,10/15 11/15 12/15 13/15,11/11 12/11 12/10,300,1/12,False
1787,1,left,05/09/2025 19:10:51,9/15,-1/0/0,9 15 20 3,10,9/15 10/15 11/15 12/15,10/11 11/11 12/11,300,1/12,False
1788,1,left,05/09/2025 19:10:51,8/15,-1/0/0,8 15 21 3,10,8/15 9/15 10/15 11/15,9/11 10/11 11/11,300,1/12,False
1789,1,down,05/09/2025 19:10:51,7/15,-1/0/0,7 15 22 3,10,7/15 8/15 9/15 10/15,8/11 9/11 10/11,300,1/12,False
1790,1,down,05/09/2025 19:10:52,7/16,0/0/-1,7 16 22 2,10,7/16 7/15 8/15 9/15,7/11 8/11 9/11,300,1/12,False
1791,1,right,05/09/2025 19:10:52,7/17,0/0/-1,7 17 22 1,10,7/17 7/16 7/15 8/15,6/11 7/11 8/11,300,1/12,True
1792,1,right,05/09/2025 19:10:52,8/17,1/0/0,8 17 21 1,10,8/17 7/17 7/16 7/15,5/11 6/11 7/11,300,1/12,False
1793,1,right,05/09/2025 19:10:52,9/17,1/0/0,9 17 20 1,10,9/17 8/17 7/17 7/16,4/11 5/11 6/11,300,1/12,False
1794,1,right,05/09/2025 19:10:52,10/17,1/0/0,10 17 19 1,10,10/17 9/17 8/17 7/17,4/12 4/11 5/11,300,1/12,False
1795,1,right,05/09/2025 19:10:53,11/17,1/0/0,11 17 18 1,10,11/17 10/17 9/17 8/17,4/13 4/12 4/11,300,1/12,False
1796,1,right,05/09/2025 19:10:53,12/17,1/0/0,12 17 17 1,10,12/17 11/17 10/17 9/17,4/14 4/13 4/12,300,1/12,False
1797,1,right,05/09/2025 19:10:53,13/17,1/0/0,13 17 16 1,10,13/17 12/17 11/17 10/17,5/14 4/14 4/13,300,1/12,False
1798,1,right,05/09/2025 19:10:53,14/17,1/0/0,14 17 15 1,10,14/17 13/17 12/17 11/17,6/14 5/14 4/14,300,1/12,False
1799,1,right,05/09/2025 19:10:53,15/17,1/0/0,15 17 14 1,10,15/17 14/17 13/17 12/17,7/14 6/14 5/14,300,1/12,False
1800,1,right,05/09/2025 19:10:54,16/17,1/0/0,16 17 13 1,10,16/17 15/17 14/17 13/17,8/14 7/14 6/14,300,1/12,False
1801,1,right,05/09/2025 19:10:54,17/17,1/0/0,17 17 12 1,10,17/17 16/17 15/17 14/17,9/14 8/14 7/14,300,1/12,False
1802,1,right,05/09/2025 19:10:54,18/17,1/0/0,18 17 11 1,10,18/17 17/17 16/17 15/17,10/14 9/14 8/14,300,1/12,False
1803,1,up,05/09/2025 19:10:54,19/17,1/0/0,19 17 10 1,10,19/17 18/17 17/17 16/17,11/14 10/14 9/14,300,1/12,False
1804,1,up,05/09/2025 19:10:54,19/16,0/0/1,19 16 10 2,10,19/16 19/17 18/17 17/17,12/14 11/14 10/14,300,1/12,False
1805,1,up,05/09/2025 19:10:55,19/15,0/0/1,19 15 10 3,10,19/15 19/16 19/17 18/17,13/14 12/14 11/14,300,1/12,False
1806,1,up,05/09/2025 19:10:55,19/14,0/0/1,19 14 10 4,10,19/14 19/15 19/16 19/17,14/14 13/14 12/14,300,1/12,False
1807,1,right,05/09/2025 19:10:55,19/13,0/0/1,19 13 10 5,10,19/13 19/14 19/15 19/16,14/13 14/14 13/14,300,1/12,False
1808,1,right,05/09/2025 19:10:55,20/13,1/0/0,20 13 9 5,10,20/13 19/13 19/14 19/15,13/13 14/13 14/14,300,1/12,False
1809,1,up,05/09/2025 19:10:56,21/13,1/0/0,21 13 8 5,10,21/13 20/13 19/13 19/14,12/13 13/13 14/13,300,1/12,False
1810,1,up,05/09/2025 19:10:56,21/12,0/0/1,21 12 8 6,10,21/12 21/13 20/13 19/13,11/13 12/13 13/13,300,1/12,False
1811,1,up,05/09/2025 19:10:56,21/11,0/0/1,21 11 8 7,10,21/11 21/12 21/13 20/13,10/13 11/13 12/13,300,1/12,False
1812,1,up,05/09/2025 19:10:56,21/10,0/0/1,21 10 8 8,10,21/10 21/11 21/12 21/13,9/13 10/13 11/13,300,1/12,False
1813,1,up,05/09/2025 19:10:56,21/9,0/0/1,21 9 8 9,10,21/9 21/10 21/11 21/12,8/13 9/13 10/13,300,1/12,False
1814,1,up,05/09/2025 19:10:57,21/8,0/0/1,21 8 8 10,10,21/8 21/9 21/10 21/11,7/13 8/13 9/13,300,1/12,False
1815,1,up,05/09/2025 19:10:57,21/7,0/0/1,21 7 8 11,10,21/7 21/8 21/9 21/10,6/13 7/13 8/13,300,1/12,False
1816,1,left,05/09/2025 19:10:57,21/6,0/0/1,21 6 8 12,10,21/6 21/7 21/8 21/9,5/13 6/13 7/13,300,1/12,False
1817,1,left,05/09/2025 19:10:57,20/6,-1/0/0,20 6 9 12,10,20/6 21/6 21/7 21/8,4/13 5/13 6/13,300,1/12,False
1818,1,left,05/09/2025 19:10:57,19/6,-1/0/0,19 6 10 12,10,19/6 20/6 21/6 21/7,4/14 4/13 5/13,300,1/12,False
1819,1,left,05/09/2025 19:10:58,18/6,-1/0/0,18 6 11 12,10,18/6 19/6 20/6 21/6,5/14 4/14 4/13,300,1/12,False
1820,1,left,05/09/2025 19:10:58,17/6,-1/0/0,17 6 12 12,10,17/6 18/6 19/6 20/6,6/14 5/14 4/14,300,1/12,False
1821,1,left,05/09/2025 19:10:58,16/6,-1/0/0,16 6 13 12,10,16/6 17/6 18/6 19/6,7/14 6/14 5/14,300,1/12,False
1822,1,left,05/09/2025 19:10:58,15/6,-1/0/0,15 6 14 12,10,15/6 16/6 17/6 18/6,8/14 7/14 6/14,300,1/12,False
1823,1,left,05/09/2025 19:10:58,14/6,-1/0/0,14 6 15 12,10,14/6 15/6 16/6 17/6,9/14 8/14 7/14,300,1/12,False
1824,1,left,05/09/2025 19:10:59,13/6,-1/0/0,13 6 16 12,10,13/6 14/6 15/6 16/6,10/14 9/14 8/14,300,1/12,False
1825,1,left,05/09/2025 19:10:59,12/6,-1/0/0,12 6 17 12,10,12/6 13/6 14/6 15/6,11/14 10/14 9/14,300,1/12,False
1826,1,left,05/09/2025 19:10:59,11/6,-1/0/0,11 6 18 12,10,11/6 12/6 13/6 14/6,12/14 11/14 10/14,300,1/12,False
1827,1,left,05/09/2025 19:10:59,10/6,-1/0/0,10 6 19 12,10,10/6 11/6 12/6 13/6,13/14 12/14 11/14,300,1/12,False
1828,1,left,05/09/2025 19:10:59,9/6,-1/0/0,9 6 20 12,10,9/6 10/6 11/6 12/6,14/14 13/14 12/14,300,1/12,False
1829,1,left,05/09/2025 19:11:00,8/6,-1/0/0,8 6 21 12,10,8/6 9/6 10/6 11/6,14/13 14/14 13/14,300,1/12,False
1830,1,left,05/09/2025 19:11:00,7/6,-1/0/0,7 6 22 12,10,7/6 8/6 9/6 10/6,13/13 14/13 14/14,300,1/12,False
1831,1,left,05/09/2025 19:11:00,6/6,-1/0/0,6 6 23 12,10,6/6 7/6 8/6 9/6,12/13 13/13 14/13,300,1/12,False
1832,1,left,05/09/2025 19:11:00,5/6,-1/0/0,5 6 24 12,10,5/6 6/6 7/6 8/6,11/13 12/13 13/13,300,1/12,False
1833,1,up,05/09/2025 19:11:00,4/6,-1/0/0,4 6 25 12,10,4/6 5/6 6/6 7/6,10/13 11/13 12/13,300,1/12,False
1834,1,up,05/09/2025 19:11:01,4/5,0/0/1,4 5 25 13,10,4/5 4/6 5/6 6/6,9/13 10/13 11/13,300,1/12,False
1835,1,up,05/09/2025 19:11:01,4/4,0/0/1,4 4 25 14,10,4/4 4/5 4/6 5/6,8/13 9/13 10/13,300,1/12,False
1836,1,up,05/09/2025 19:11:01,4/3,0/0/1,4 3 25 15,10,4/3 4/4 4/5 4/6,7/13 8/13 9/13,300,1/12,False
1837,1,left,05/09/2025 19:11:01,4/2,0/0/1,4 2 25 16,10,4/2 4/3 4/4 4/5,6/13 7/13 8/13,300,1/12,False
1838,1,left,05/09/2025 19:11:01,3/2,-1/0/0,3 2 26 16,10,3/2 4/2 4/3 4/4,5/13 6/13 7/13,300,1/12,False
1839,1,left,05/09/2025 19:11:02,2/2,-1/0/0,2 2 27 16,10,2/2 3/2 4/2 4/3,4/13 5/13 6/13,300,1/12,False
1840,1,down,05/09/2025 19:11:02,1/2,-1/0/0,1 2 28 16,10,1/2 2/2 3/2 4/2,4/14 4/13 5/13,300,1/12,True
1841,1,down,05/09/2025 19:11:02,1/3,0/0/-1,1 3 28 15,10,1/3 1/2 2/2 3/2,5/14 4/14 4/13,300,1/12,False
1842,1,down,05/09/2025 19:11:02,1/4,0/0/-1,1 4 28 14,10,1/4 1/3 1/2 2/2,6/14 5/14 4/14,300,1/12,False
1843,1,down,05/09/2025 19:11:02,1/5,0/0/-1,1 5 28 13,10,1/5 1/4 1/3 1/2,7/14 6/14 5/14,300,1/12,False
1844,1,down,05/09/2025 19:11:03,1/6,0/0/-1,1 6 28 12,10,1/6 1/5 1/4 1/3,8/14 7/14 6/14,300,1/12,False
1845,1,down,05/09/2025 19:11:03,1/7,0/0/-1,1 7 28 11,10,1/7 1/6 1/5 1/4,9/14 8/14 7/14,300,1/12,False
1846,1,down,05/09/2025 19:11:03,1/8,0/0/-1,1 8 28 10,10,1/8 1/7 1/6 1/5,10/14 9/14 8/14,300,1/12,False
1847,1,down,05/09/2025 19:11:03,1/9,0/0/-1,1 9 28 9,10,1/9 1/8 1/7 1/6,11/14 10/14 9/14,300,1/12,False
1848,1,down,05/09/2025 19:11:03,1/10,0/0/-1,1 10 28 8,10,1/10 1/9 1/8 1/7,12/14 11/14 10/14,300,1/12,False
1849,1,down,05/09/2025 19:11:04,1/11,0/0/-1,1 11 28 7,10,1/11 1/10 1/9 1/8,13/14 12/14 11/14,300,1/12,False
1850,1,right,05/09/2025 19:11:04,1/12,0/0/-1,1 12 28 6,10,1/12 1/11 1/10,14/14 13/14 12/14,400,21/3,False
1851,1,right,05/09/2025 19:11:04,2/12,1/0/0,2 12 27 6,10,2/12 1/12 1/11 1/10 1/9,14/15 14/14 13/14,400,21/3,False
1852,1,right,05/09/2025 19:11:04,3/12,1/0/0,3 12 26 6,10,3/12 2/12 1/12 1/11 1/10,14/16 14/15 14/14,400,21/3,False
1853,1,right,05/09/2025 19:11:04,4/12,1/0/0,4 12 25 6,10,4/12 3/12 2/12 1/12 1/11,14/17 14/16 14/15,400,21/3,False
1854,1,right,05/09/2025 19:11:05,5/12,1/0/0,5 12 24 6,10,5/12 4/12 3/12 2/12 1/12,13/17 14/17 14/16,400,21/3,False
1855,1,right,05/09/2025 19:11:07,6/12,-1/0/0,6 12 23 6,10,26/9 27/9 28/9,3/9 2/9 1/9,400,21/5,False
1856,1,right,05/09/2025 19:11:07,25/9,-1/0/0,25 9 4 9,10,25/9 26/9 27/9,4/9 3/9 2/9,400,21/5,False
1857,1,right,05/09/2025 19:11:08,24/9,-1/0/0,24 9 5 9,10,24/9 25/9 26/9,4/8 4/9 3/9,400,21/5,False
1858,1,right,05/09/2025 19:11:08,23/9,-1/0/0,23 9 6 9,10,23/9 24/9 25/9,4/7 4/8 4/9,400,21/5,False
1859,1,right,05/09/2025 19:11:08,22/9,-1/0/0,22 9 7 9,10,22/9 23/9 24/9,4/6 4/7 4/8,400,21/5,False
1860,1,right,05/09/2025 19:11:08,21/9,-1/0/0,21 9 8 9,10,21/9 22/9 23/9,5/6 4/6 4/7,400,21/5,False
1861,1,right,05/09/2025 19:11:08,20/9,-1/0/0,20 9 9 9,10,20/9 21/9 22/9,6/6 5/6 4/6,400,21/5,False
1862,1,right,05/09/2025 19:11:09,19/9,-1/0/0,19 9 10 9,10,19/9 20/9 21/9,7/6 6/6 5/6,400,21/5,False
1863,1,right,05/09/2025 19:11:09,18/9,-1/0/0,18 9 11 9,10,18/9 19/9 20/9,8/6 7/6 6/6,400,21/5,False
1864,1,right,05/09/2025 19:11:09,17/9,-1/0/0,17 9 12 9,10,17/9 18/9 19/9,9/6 8/6 7/6,400,21/5,False
1865,1,down,05/09/2025 19:11:09,16/9,-1/0/0,16 9 13 9,10,16/9 17/9 18/9,10/6 9/6 8/6,400,21/5,False
1866,1,down,05/09/2025 19:11:09,16/10,0/0/-1,16 10 13 8,10,16/10 16/9 17/9,11/6 10/6 9/6,400,21/5,False
1867,1,down,05/09/2025 19:11:10,16/11,0/0/-1,16 11 13 7,10,16/11 16/10 16/9,11/7 11/6 10/6,400,21/5,False
1868,1,right,05/09/2025 19:11:10,16/12,0/0/-1,16 12 13 6,10,16/12 16/11 16/10,11/8 11/7 11/6,400,21/5,False
1869,1,right,05/09/2025 19:11:10,17/12,1/0/0,17 12 12 6,10,17/12 16/12 16/11,11/9 11/8 11/7,400,21/5,False
1870,1,right,05/09/2025 19:11:10,18/12,1/0/0,18 12 11 6,10,18/12 17/12 16/12,11/10 11/9 11/8,400,21/5,False
1871,1,right,05/09/2025 19:11:10,19/12,1/0/0,19 12 10 6,10,19/12 18/12 17/12,11/11 11/10 11/9,400,21/5,False
1872,1,right,05/09/2025 19:11:11,20/12,1/0/0,20 12 9 6,10,20/12 19/12 18/12,11/12 11/11 11/10,400,21/5,False
1873,1,right,05/09/2025 19:11:11,21/12,1/0/0,21 12 8 6,10,21/12 20/12 19/12,11/13 11/12 11/11,400,21/5,False
1874,1,right,05/09/2025 19:11:11,22/12,1/0/0,22 12 7 6,10,22/12 21/12 20/12,12/13 11/13 11/12,400,21/5,False
1875,1,right,05/09/2025 19:11:11,23/12,1/0/0,23 12 6 6,10,23/12 22/12 21/12,13/13 12/13 11/13,400,21/5,False
1876,1,right,05/09/2025 19:11:11,24/12,1/0/0,24 12 5 6,10,24/12 23/12 22/12,14/13 13/13 12/13,400,21/5,False
1877,1,up,05/09/2025 19:11:12,25/12,1/0/0,25 12 4 6,10,25/12 24/12 23/12,15/13 14/13 13/13,400,21/5,False
1878,1,up,05/09/2025 19:11:12,25/11,0/0/1,25 11 4 7,10,25/11 25/12 24/12,16/13 15/13 14/13,400,21/5,False
1879,1,up,05/09/2025 19:11:12,25/10,0/0/1,25 10 4 8,10,25/10 25/11 25/12,17/13 16/13 15/13,400,21/5,False
1880,1,up,05/09/2025 19:11:12,25/9,0/0/1,25 9 4 9,10,25/9 25/10 25/11,18/13 17/13 16/13,400,21/5,False
1881,1,up,05/09/2025 19:11:12,25/8,0/0/1,25 8 4 10,10,25/8 25/9 25/10,19/13 18/13 17/13,400,21/5,False
1882,1,up,05/09/2025 19:11:13,25/7,0/0/1,25 7 4 11,10,25/7 25/8 25/9,20/13 19/13 18/13,400,21/5,False
1883,1,up,05/09/2025 19:11:13,25/6,0/0/1,25 6 4 12,10,25/6 25/7 25/8,21/13 20/13 19/13,400,21/5,False
1884,1,up,05/09/2025 19:11:13,25/5,0/0/1,25 5 4 13,10,25/5 25/6 25/7,22/13 21/13 20/13,400,21/5,False
1885,1,up,05/09/2025 19:11:13,25/4,0/0/1,25 4 4 14,10,25/4 25/5 25/6,23/13 22/13 21/13,400,21/5,False
1886,1,left,05/09/2025 19:11:13,25/3,0/0/1,25 3 4 15,10,25/3 25/4 25/5,23/12 23/13 22/13,400,21/5,False
1887,1,left,05/09/2025 19:11:14,24/3,-1/0/0,24 3 5 15,10,24/3 25/3 25/4,23/11 23/12 23/13,400,21/5,False
1888,1,left,05/09/2025 19:11:14,23/3,-1/0/0,23 3 6 15,10,23/3 24/3 25/3,23/10 23/11 23/12,400,21/5,False
1889,1,left,05/09/2025 19:11:14,22/3,-1/0/0,22 3 7 15,10,22/3 23/3 24/3,23/9 23/10 23/11,400,21/5,False
1890,1,left,05/09/2025 19:11:14,21/3,-1/0/0,21 3 8 15,10,21/3 22/3 23/3,23/8 23/9 23/10,400,21/5,False
1891,1,left,05/09/2025 19:11:15,20/3,-1/0/0,20 3 9 15,10,20/3 21/3 22/3,23/7 23/8 23/9,400,21/5,False
1892,1,left,05/09/2025 19:11:15,19/3,-1/0/0,19 3 10 15,10,19/3 20/3 21/3,23/6 23/7 23/8,400,21/5,False
1893,1,left,05/09/2025 19:11:15,18/3,-1/0/0,18 3 11 15,10,18/3 19/3 20/3,23/5 23/6 23/7,400,21/5,False
1894,1,left,05/09/2025 19:11:15,17/3,-1/0/0,17 3 12 15,10,17/3 18/3 19/3,23/4 23/5 23/6,400,21/5,False
1895,1,left,05/09/2025 19:11:15,16/3,-1/0/0,16 3 13 15,10,16/3 17/3 18/3,23/3 23/4 23/5,400,21/5,False
1896,1,left,05/09/2025 19:11:16,15/3,-1/0/0,15 3 14 15,10,15/3 16/3 17/3,23/2 23/3 23/4,400,21/5,False
1897,1,left,05/09/2025 19:11:16,14/3,-1/0/0,14 3 15 15,10,14/3 15/3 16/3,23/1 23/2 23/3,400,21/5,False
1898,1,left,05/09/2025 19:11:17,13/3,-1/0/0,13 3 16 15,10,13/3 14/3 15/3,22/1 23/1 23/2,400,21/5,False
1899,1,left,05/09/2025 19:11:17,12/3,-1/0/0,12 3 17 15,10,12/3 13/3 14/3,21/1 22/1 23/1,400,21/5,False
1900,1,left,05/09/2025 19:11:17,11/3,-1/0/0,11 3 18 15,10,11/3 12/3 13/3,20/1 21/1 22/1,400,21/5,False
1901,1,down,05/09/2025 19:11:17,10/3,-1/0/0,10 3 19 15,10,10/3 11/3 12/3,19/1 20/1 21/1,400,21/5,False
1902,1,down,05/09/2025 19:11:18,10/4,0/0/-1,10 4 19 14,10,10/4 10/3 11/3,18/1 19/1 20/1,400,21/5,False
1903,1,right,05/09/2025 19:11:18,10/5,0/0/-1,10 5 19 13,10,10/5 10/4 10/3,18/2 18/1 19/1,400,21/5,False
1904,1,right,05/09/2025 19:11:18,11/5,1/0/0,11 5 18 13,10,11/5 10/5 10/4,18/3 18/2 18/1,400,21/5,False
1905,1,right,05/09/2025 19:11:18,12/5,1/0/0,12 5 17 13,10,12/5 11/5 10/5,18/4 18/3 18/2,400,21/5,False
1906,1,down,05/09/2025 19:11:18,13/5,1/0/0,13 5 16 13,10,13/5 12/5 11/5,18/5 18/4 18/3,400,21/5,False
1907,1,down,05/09/2025 19:11:19,13/6,0/0/-1,13 6 16 12,10,13/6 13/5 12/5,18/6 18/5 18/4,400,21/5,False
1908,1,left,05/09/2025 19:11:19,13/7,0/0/-1,13 7 16 11,10,13/7 13/6 13/5,18/7 18/6 18/5,400,21/5,False
1909,1,left,05/09/2025 19:11:19,12/7,-1/0/0,12 7 17 11,10,12/7 13/7 13/6,18/8 18/7 18/6,400,21/5,False
1910,1,left,05/09/2025 19:11:19,11/7,-1/0/0,11 7 18 11,10,11/7 12/7 13/7,18/9 18/8 18/7,400,21/5,False
1911,1,down,05/09/2025 19:11:19,10/7,-1/0/0,10 7 19 11,10,10/7 11/7 12/7,18/10 18/9 18/8,400,21/5,False
1912,1,down,05/09/2025 19:11:20,10/8,0/0/-1,10 8 19 10,10,10/8 10/7 11/7,18/11 18/10 18/9,400,21/5,False
1913,1,down,05/09/2025 19:11:20,10/9,0/0/-1,10 9 19 9,10,10/9 10/8 10/7,18/12 18/11 18/10,400,21/5,False
1914,1,down,05/09/2025 19:11:20,10/10,0/0/-1,10 10 19 8,10,10/10 10/9 10/8,18/13 18/12 18/11,400,21/5,False
1915,1,down,05/09/2025 19:11:20,10/11,0/0/-1,10 11 19 7,10,10/11 10/10 10/9,18/14 18/13 18/12,400,21/5,False
1916,1,down,05/09/2025 19:11:20,10/12,0/0/-1,10 12 19 6,10,10/12 10/11 10/10,18/15 18/14 18/13,400,21/5,False
1917,1,left,05/09/2025 19:11:21,10/13,0/0/-1,10 13 19 5,10,10/13 10/12 10/11,18/16 18/15 18/14,400,21/5,False
1918,1,left,05/09/2025 19:11:21,9/13,-1/0/0,9 13 20 5,10,9/13 10/13 10/12,18/17 18/16 18/15,400,21/5,False
1919,1,up,05/09/2025 19:11:21,8/13,-1/0/0,8 13 21 5,10,8/13 9/13 10/13,17/17 18/17 18/16,400,21/5,False
1920,1,up,05/09/2025 19:11:21,8/12,0/0/1,8 12 21 6,10,8/12 8/13 9/13,16/17 17/17 18/17,400,21/5,False
1921,1,up,05/09/2025 19:11:21,8/11,0/0/1,8 11 21 7,10,8/11 8/12 8/13,15/17 16/17 17/17,400,21/5,False
1922,1,up,05/09/2025 19:11:22,8/10,0/0/1,8 10 21 8,10,8/10 8/11 8/12,14/17 15/17 16/17,400,21/5,False
1923,1,up,05/09/2025 19:11:22,8/9,0/0/1,8 9 21 9,10,8/9 8/10 8/11,13/17 14/17 15/17,400,21/5,False
1924,1,up,05/09/2025 19:11:22,8/8,0/0/1,8 8 21 10,10,8/8 8/9 8/10,12/17 13/17 14/17,400,21/5,False
1925,1,up,05/09/2025 19:11:22,8/7,0/0/1,8 7 21 11,10,8/7 8/8 8/9,11/17 12/17 13/17,400,21/5,False
1926,1,up,05/09/2025 19:11:22,8/6,0/0/1,8 6 21 12,10,8/6 8/7 8/8,10/17 11/17 12/17,400,21/5,False
1927,1,right,05/09/2025 19:11:23,8/5,0/0/1,8 5 21 13,10,8/5 8/6 8/7,9/17 10/17 11/17,400,21/5,False
1928,1,right,05/09/2025 19:11:23,9/5,1/0/0,9 5 20 13,10,9/5 8/5 8/6,8/17 9/17 10/17,400,21/5,False
1929,1,right,05/09/2025 19:11:23,10/5,1/0/0,10 5 19 13,10,10/5 9/5 8/5,7/17 8/17 9/17,400,21/5,False
1930,1,right,05/09/2025 19:11:23,11/5,1/0/0,11 5 18 13,10,11/5 10/5 9/5,6/17 7/17 8/17,400,21/5,False
1931,1,right,05/09/2025 19:11:23,12/5,1/0/0,12 5 17 13,10,12/5 11/5 10/5,5/17 6/17 7/17,400,21/5,False
1932,1,right,05/09/2025 19:11:24,13/5,1/0/0,13 5 16 13,10,13/5 12/5 11/5,5/16 5/17 6/17,400,21/5,False
1933,1,right,05/09/2025 19:11:24,14/5,1/0/0,14 5 15 13,10,14/5 13/5 12/5,5/15 5/16 5/17,400,21/5,False
1934,1,right,05/09/2025 19:11:24,15/5,1/0/0,15 5 14 13,10,15/5 14/5 13/5,5/14 5/15 5/16,400,21/5,False
1935,1,right,05/09/2025 19:11:24,16/5,1/0/0,16 5 13 13,10,16/5 15/5 14/5,5/13 5/14 5/15,400,21/5,False
1936,1,right,05/09/2025 19:11:24,17/5,1/0/0,17 5 12 13,10,17/5 16/5 15/5,5/12 5/13 5/14,400,21/5,False
1937,1,down,05/09/2025 19:11:25,18/5,1/0/0,18 5 11 13,10,18/5 17/5 16/5,5/11 5/12 5/13,400,21/5,False
1938,1,down,05/09/2025 19:11:25,18/6,0/0/-1,18 6 11 12,10,18/6 18/5 17/5,5/10 5/11 5/12,400,21/5,False
1939,1,down,05/09/2025 19:11:25,18/7,0/0/-1,18 7 11 11,10,18/7 18/6 18/5,5/9 5/10 5/11,400,21/5,False
1940,1,down,05/09/2025 19:11:25,18/8,0/0/-1,18 8 11 10,10,18/8 18/7 18/6,5/8 5/9 5/10,400,21/5,False
1941,1,down,05/09/2025 19:11:25,18/9,0/0/-1,18 9 11 9,10,18/9 18/8 18/7,5/7 5/8 5/9,400,21/5,False
1942,1,down,05/09/2025 19:11:26,18/10,0/0/-1,18 10 11 8,10,18/10 18/9 18/8,5/6 5/7 5/8,400,21/5,False
1943,1,right,05/09/2025 19:11:26,18/11,0/0/-1,18 11 11 7,10,18/11 18/10 18/9,6/6 5/6 5/7,400,21/5,False
1944,1,right,05/09/2025 19:11:26,19/11,1/0/0,19 11 10 7,10,19/11 18/11 18/10,7/6 6/6 5/6,400,21/5,False
1945,1,right,05/09/2025 19:11:26,20/11,1/0/0,20 11 9 7,10,20/11 19/11 18/11,8/6 7/6 6/6,400,21/5,False
1946,1,right,05/09/2025 19:11:26,21/11,1/0/0,21 11 8 7,10,21/11 20/11 19/11,9/6 8/6 7/6,400,21/5,False
1947,1,right,05/09/2025 19:11:27,22/11,1/0/0,22 11 7 7,10,22/11 21/11 20/11,10/6 9/6 8/6,400,21/5,False
1948,1,right,05/09/2025 19:11:27,23/11,1/0/0,23 11 6 7,10,23/11 22/11 21/11,11/6 10/6 9/6,400,21/5,False
1949,1,right,05/09/2025 19:11:27,24/11,1/0/0,24 11 5 7,10,24/11 23/11 22/11,11/7 11/6 10/6,400,21/5,False
1950,1,right,05/09/2025 19:11:27,25/11,1/0/0,25 11 4 7,10,25/11 24/11 23/11,11/8 11/7 11/6,400,21/5,False
1951,1,right,05/09/2025 19:11:27,26/11,1/0/0,26 11 3 7,10,26/11 25/11 24/11,11/9 11/8 11/7,400,21/5,False
1952,1,up,05/09/2025 19:11:28,27/11,1/0/0,27 11 2 7,10,27/11 26/11 25/11,11/10 11/9 11/8,400,21/5,False
1953,1,up,05/09/2025 19:11:28,27/10,0/0/1,27 10 2 8,10,27/10 27/11 26/11,11/11 11/10 11/9,400,21/5,False
1954,1,up,05/09/2025 19:11:28,27/9,0/0/1,27 9 2 9,10,27/9 27/10 27/11,11/12 11/11 11/10,400,21/5,False
1955,1,up,05/09/2025 19:11:28,27/8,0/0/1,27 8 2 10,10,27/8 27/9 27/10,11/13 11/12 11/11,400,21/5,False
1956,1,up,05/09/2025 19:11:28,27/7,0/0/1,27 7 2 11,10,27/7 27/8 27/9,12/13 11/13 11/12,400,21/5,False
1957,1,up,05/09/2025 19:11:29,27/6,0/0/1,27 6 2 12,10,27/6 27/7 27/8,13/13 12/13 11/13,400,21/5,False
1958,1,up,05/09/2025 19:11:29,27/5,0/0/1,27 5 2 13,10,27/5 27/6 27/7,14/13 13/13 12/13,400,21/5,False
1959,1,up,05/09/2025 19:11:29,27/4,0/0/1,27 4 2 14,10,27/4 27/5 27/6,15/13 14/13 13/13,400,21/5,False
1960,1,left,05/09/2025 19:11:29,27/3,0/0/1,27 3 2 15,10,27/3 27/4 27/5,16/13 15/13 14/13,400,21/5,False
1961,1,left,05/09/2025 19:11:29,26/3,-1/0/0,26 3 3 15,10,26/3 27/3 27/4,17/13 16/13 15/13,400,21/5,False
1962,1,left,05/09/2025 19:11:30,25/3,-1/0/0,25 3 4 15,10,25/3 26/3 27/3,18/13 17/13 16/13,400,21/5,False
1963,1,left,05/09/2025 19:11:30,24/3,-1/0/0,24 3 5 15,10,24/3 25/3 26/3,19/13 18/13 17/13,400,21/5,False
1964,1,left,05/09/2025 19:11:30,23/3,-1/0/0,23 3 6 15,10,23/3 24/3 25/3,20/13 19/13 18/13,400,21/5,False
1965,1,left,05/09/2025 19:11:30,22/3,-1/0/0,22 3 7 15,10,22/3 23/3 24/3,21/13 20/13 19/13,400,21/5,False
1966,1,left,05/09/2025 19:11:30,21/3,-1/0/0,21 3 8 15,10,21/3 22/3 23/3,22/13 21/13 20/13,400,21/5,False
1967,1,left,05/09/2025 19:11:31,20/3,-1/0/0,20 3 9 15,10,20/3 21/3 22/3,23/13 22/13 21/13,400,21/5,False
1968,1,left,05/09/2025 19:11:31,19/3,-1/0/0,19 3 10 15,10,19/3 20/3 21/3,23/12 23/13 22/13,400,21/5,False
1969,1,left,05/09/2025 19:11:31,18/3,-1/0/0,18 3 11 15,10,18/3 19/3 20/3,23/11 23/12 23/13,400,21/5,False
1970,1,left,05/09/2025 19:11:31,17/3,-1/0/0,17 3 12 15,10,17/3 18/3 19/3,23/10 23/11 23/12,400,21/5,False
1971,1,left,05/09/2025 19:11:31,16/3,-1/0/0,16 3 13 15,10,16/3 17/3 18/3,23/9 23/10 23/11,400,21/5,False
1972,1,left,05/09/2025 19:11:32,15/3,-1/0/0,15 3 14 15,10,15/3 16/3 17/3,23/8 23/9 23/10,400,21/5,False
1973,1,left,05/09/2025 19:11:32,14/3,-1/0/0,14 3 15 15,10,14/3 15/3 16/3,23/7 23/8 23/9,400,21/5,False
1974,1,down,05/09/2025 19:11:32,13/3,-1/0/0,13 3 16 15,10,13/3 14/3 15/3,23/6 23/7 23/8,400,21/5,False
1975,1,down,05/09/2025 19:11:32,13/4,0/0/-1,13 4 16 14,10,13/4 13/3 14/3,23/5 23/6 23/7,400,21/5,False
1976,1,down,05/09/2025 19:11:32,13/5,0/0/-1,13 5 16 13,10,13/5 13/4 13/3,23/4 23/5 23/6,400,21/5,False
1977,1,down,05/09/2025 19:11:33,13/6,0/0/-1,13 6 16 12,10,13/6 13/5 13/4,23/3 23/4 23/5,400,21/5,False
1978,1,down,05/09/2025 19:11:33,13/7,0/0/-1,13 7 16 11,10,13/7 13/6 13/5,23/2 23/3 23/4,400,21/5,False
1979,1,down,05/09/2025 19:11:33,13/8,0/0/-1,13 8 16 10,10,13/8 13/7 13/6,23/1 23/2 23/3,400,21/5,False
1980,1,right,05/09/2025 19:11:33,13/9,0/0/-1,13 9 16 9,10,13/9 13/8 13/7,22/1 23/1 23/2,400,21/5,False
1981,1,right,05/09/2025 19:11:33,14/9,1/0/0,14 9 15 9,10,14/9 13/9 13/8,21/1 22/1 23/1,400,21/5,False
1982,1,right,05/09/2025 19:11:34,15/9,1/0/0,15 9 14 9,10,15/9 14/9 13/9,20/1 21/1 22/1,400,21/5,False
1983,1,right,05/09/2025 19:11:34,16/9,1/0/0,16 9 13 9,10,16/9 15/9 14/9,19/1 20/1 21/1,400,21/5,False
1984,1,down,05/09/2025 19:11:34,17/9,1/0/0,17 9 12 9,10,17/9 16/9 15/9,18/1 19/1 20/1,400,21/5,False
1985,1,down,05/09/2025 19:11:34,17/10,0/0/-1,17 10 12 8,10,17/10 17/9 16/9,18/2 18/1 19/1,400,21/5,False
1986,1,right,05/09/2025 19:11:34,17/11,0/0/-1,17 11 12 7,10,17/11 17/10 17/9,18/3 18/2 18/1,400,21/5,False
1987,1,right,05/09/2025 19:11:35,18/11,1/0/0,18 11 11 7,10,18/11 17/11 17/10,18/4 18/3 18/2,400,21/5,False
1988,1,right,05/09/2025 19:11:35,19/11,1/0/0,19 11 10 7,10,19/11 18/11 17/11,18/5 18/4 18/3,400,21/5,False
1989,1,right,05/09/2025 19:11:35,20/11,1/0/0,20 11 9 7,10,20/11 19/11 18/11,18/6 18/5 18/4,400,21/5,False
1990,1,right,05/09/2025 19:11:35,21/11,1/0/0,21 11 8 7,10,21/11 20/11 19/11,18/7 18/6 18/5,400,21/5,False
1991,1,up,05/09/2025 19:11:35,22/11,1/0/0,22 11 7 7,10,22/11 21/11 20/11,18/8 18/7 18/6,400,21/5,False
1992,1,up,05/09/2025 19:11:36,22/10,0/0/1,22 10 7 8,10,22/10 22/11 21/11,19/8 18/8 18/7,400,21/5,False
1993,1,up,05/09/2025 19:11:36,22/9,0/0/1,22 9 7 9,10,22/9 22/10 22/11,20/8 19/8 18/8,400,21/5,False
1994,1,right,05/09/2025 19:11:36,22/8,0/0/1,22 8 7 10,10,22/8 22/9 22/10,21/8 20/8 19/8,400,21/5,False
1995,1,right,05/09/2025 19:11:36,23/8,1/0/0,23 8 6 10,10,23/8 22/8 22/9,21/7 21/8 20/8,400,21/5,False
1996,1,right,05/09/2025 19:11:36,24/8,1/0/0,24 8 5 10,10,24/8 23/8 22/8,21/6 21/7 21/8,400,21/5,False
1997,1,down,05/09/2025 19:11:37,25/8,1/0/0,25 8 4 10,10,25/8 24/8 23/8,21/5 21/6,400,21/10,False
1998,1,down,05/09/2025 19:11:37,25/9,0/0/-1,25 9 4 9,10,25/9 25/8 24/8,20/5 21/5 21/6 21/7,400,21/10,False
1999,1,left,05/09/2025 19:11:37,25/10,0/0/-1,25 10 4 8,10,25/10 25/9 25/8,19/5 20/5 21/5 21/6,400,21/10,False
2000,1,left,05/09/2025 19:11:37,24/10,-1/0/0,24 10 5 8,10,24/10 25/10 25/9,18/5 19/5 20/5 21/5,400,21/10,False
2001,1,down,05/09/2025 19:11:37,23/10,-1/0/0,23 10 6 8,10,23/10 24/10 25/10,17/5 18/5 19/5 20/5,400,21/10,False
2002,1,down,05/09/2025 19:11:38,23/11,0/0/-1,23 11 6 7,10,23/11 23/10 24/10,16/5 17/5 18/5 19/5,400,21/10,False
2003,1,down,05/09/2025 19:11:38,23/12,0/0/-1,23 12 6 6,10,23/12 23/11 23/10,15/5 16/5 17/5 18/5,400,21/10,False
2004,1,down,05/09/2025 19:11:38,23/13,0/0/-1,23 13 6 5,10,23/13 23/12 23/11,14/5 15/5 16/5 17/5,400,21/10,False
2005,1,left,05/09/2025 19:11:38,23/14,0/0/-1,23 14 6 4,10,23/14 23/13 23/12,13/5 14/5 15/5 16/5,400,21/10,False
2006,1,left,05/09/2025 19:11:38,22/14,-1/0/0,22 14 7 4,10,22/14 23/14 23/13,12/5 13/5 14/5 15/5,400,21/10,False
2007,1,left,05/09/2025 19:11:39,21/14,-1/0/0,21 14 8 4,10,21/14 22/14 23/14,11/5 12/5 13/5 14/5,400,21/10,False
2008,1,left,05/09/2025 19:11:39,20/14,-1/0/0,20 14 9 4,10,20/14 21/14 22/14,10/5 11/5 12/5 13/5,400,21/10,False
2009,1,left,05/09/2025 19:11:39,19/14,-1/0/0,19 14 10 4,10,19/14 20/14 21/14,9/5 10/5 11/5 12/5,400,21/10,False
2010,1,left,05/09/2025 19:11:39,18/14,-1/0/0,18 14 11 4,10,18/14 19/14 20/14,8/5 9/5 10/5 11/5,400,21/10,False
2011,1,left,05/09/2025 19:11:39,17/14,-1/0/0,17 14 12 4,10,17/14 18/14 19/14,7/5 8/5 9/5 10/5,400,21/10,False
2012,1,left,05/09/2025 19:11:40,16/14,-1/0/0,16 14 13 4,10,16/14 17/14 18/14,7/6 7/5 8/5 9/5,400,21/10,False
2013,1,left,05/09/2025 19:11:40,15/14,-1/0/0,15 14 14 4,10,15/14 16/14 17/14,7/7 7/6 7/5 8/5,400,21/10,False
2014,1,left,05/09/2025 19:11:40,14/14,-1/0/0,14 14 15 4,10,14/14 15/14 16/14,8/7 7/7 7/6 7/5,400,21/10,False
2015,1,left,05/09/2025 19:11:40,13/14,-1/0/0,13 14 16 4,10,13/14 14/14 15/14,9/7 8/7 7/7 7/6,400,21/10,False
2016,1,left,05/09/2025 19:11:41,12/14,-1/0/0,12 14 17 4,10,12/14 13/14 14/14,10/7 9/7 8/7 7/7,400,21/10,False
2017,1,left,05/09/2025 19:11:41,11/14,-1/0/0,11 14 18 4,10,11/14 12/14 13/14,11/7 10/7 9/7 8/7,400,21/10,False
2018,1,left,05/09/2025 19:11:41,10/14,-1/0/0,10 14 19 4,10,10/14 11/14 12/14,12/7 11/7 10/7 9/7,400,21/10,False
2019,1,left,05/09/2025 19:11:41,9/14,-1/0/0,9 14 20 4,10,9/14 10/14 11/14,13/7 12/7 11/7 10/7,400,21/10,False
2020,1,left,05/09/2025 19:11:41,8/14,-1/0/0,8 14 21 4,10,8/14 9/14 10/14,14/7 13/7 12/7 11/7,400,21/10,False
2021,1,left,05/09/2025 19:11:42,7/14,-1/0/0,7 14 22 4,10,7/14 8/14 9/14,15/7 14/7 13/7 12/7,400,21/10,False
2022,1,left,05/09/2025 19:11:42,6/14,-1/0/0,6 14 23 4,10,6/14 7/14 8/14,16/7 15/7 14/7 13/7,400,21/10,False
2023,1,up,05/09/2025 19:11:42,5/14,-1/0/0,5 14 24 4,10,5/14 6/14 7/14,17/7 16/7 15/7 14/7,400,21/10,False
2024,1,up,05/09/2025 19:11:42,5/13,0/0/1,5 13 24 5,10,5/13 5/14 6/14,18/7 17/7 16/7 15/7,400,21/10,False
2025,1,up,05/09/2025 19:11:42,5/12,0/0/1,5 12 24 6,10,5/12 5/13 5/14,19/7 18/7 17/7 16/7,400,21/10,False
2026,1,up,05/09/2025 19:11:43,5/11,0/0/1,5 11 24 7,10,5/11 5/12 5/13,20/7 19/7 18/7 17/7,400,21/10,False
2027,1,up,05/09/2025 19:11:43,5/10,0/0/1,5 10 24 8,10,5/10 5/11 5/12,21/7 20/7 19/7 18/7,400,21/10,False
2028,1,up,05/09/2025 19:11:43,5/9,0/0/1,5 9 24 9,10,5/9 5/10 5/11,22/7 21/7 20/7 19/7,400,21/10,False
2029,1,up,05/09/2025 19:11:43,5/8,0/0/1,5 8 24 10,10,5/8 5/9 5/10,23/7 22/7 21/7 20/7,400,21/10,False
2030,1,up,05/09/2025 19:11:43,5/7,0/0/1,5 7 24 11,10,5/7 5/8 5/9,24/7 23/7 22/7 21/7,400,21/10,False
2031,1,up,05/09/2025 19:11:44,5/6,0/0/1,5 6 24 12,10,5/6 5/7 5/8,25/7 24/7 23/7 22/7,400,21/10,False
2032,1,right,05/09/2025 19:11:44,5/5,0/0/1,5 5 24 13,10,5/5 5/6 5/7,26/7 25/7 24/7 23/7,400,21/10,False
2033,1,right,05/09/2025 19:11:44,6/5,1/0/0,6 5 23 13,10,6/5 5/5 5/6,27/7 26/7 25/7 24/7,400,21/10,False
2034,1,right,05/09/2025 19:11:44,7/5,1/0/0,7 5 22 13,10,7/5 6/5 5/5,27/6 27/7 26/7 25/7,400,21/10,False
2035,1,right,05/09/2025 19:11:44,8/5,1/0/0,8 5 21 13,10,8/5 7/5 6/5,27/5 27/6 27/7 26/7,400,21/10,False
2036,1,right,05/09/2025 19:11:45,9/5,1/0/0,9 5 20 13,10,9/5 8/5 7/5,27/4 27/5 27/6 27/7,400,21/10,False
2037,1,right,05/09/2025 19:11:45,10/5,1/0/0,10 5 19 13,10,10/5 9/5 8/5,27/3 27/4 27/5 27/6,400,21/10,False
2038,1,right,05/09/2025 19:11:45,11/5,1/0/0,11 5 18 13,10,11/5 10/5 9/5,26/3 27/3 27/4 27/5,400,21/10,False
2039,1,down,05/09/2025 19:11:45,12/5,1/0/0,12 5 17 13,10,12/5 11/5 10/5,25/3 26/3 27/3 27/4,400,21/10,False
2040,1,down,05/09/2025 19:11:45,12/6,0/0/-1,12 6 17 12,10,12/6 12/5 11/5,24/3 25/3 26/3 27/3,400,21/10,False
2041,1,down,05/09/2025 19:11:46,12/7,0/0/-1,12 7 17 11,10,12/7 12/6 12/5,23/3 24/3 25/3 26/3,400,21/10,False
2042,1,down,05/09/2025 19:11:46,12/8,0/0/-1,12 8 17 10,10,12/8 12/7 12/6,22/3 23/3 24/3 25/3,400,21/10,False
2043,1,down,05/09/2025 19:11:46,12/9,0/0/-1,12 9 17 9,10,12/9 12/8 12/7,21/3 22/3 23/3 24/3,400,21/10,False
2044,1,down,05/09/2025 19:11:46,12/10,0/0/-1,12 10 17 8,10,12/10 12/9 12/8,20/3 21/3 22/3 23/3,400,21/10,False
2045,1,down,05/09/2025 19:11:46,12/11,0/0/-1,12 11 17 7,10,12/11 12/10 12/9,19/3 20/3 21/3 22/3,400,21/10,False
2046,1,down,05/09/2025 19:11:47,12/12,0/0/-1,12 12 17 6,10,12/12 12/11 12/10,18/3 19/3 20/3 21/3,400,21/10,False
2047,1,down,05/09/2025 19:11:47,12/13,0/0/-1,12 13 17 5,10,12/13 12/12 12/11,17/3 18/3 19/3 20/3,400,21/10,False
2048,1,down,05/09/2025 19:11:47,12/14,0/0/-1,12 14 17 4,10,12/14 12/13 12/12,16/3 17/3 18/3 19/3,400,21/10,False
2049,1,right,05/09/2025 19:11:47,12/15,0/0/-1,12 15 17 3,10,12/15 12/14 12/13,15/3 16/3 17/3 18/3,400,21/10,False
2050,1,right,05/09/2025 19:11:47,13/15,1/0/0,13 15 16 3,10,13/15 12/15 12/14,14/3 15/3 16/3 17/3,400,21/10,False
2051,1,right,05/09/2025 19:11:48,14/15,1/0/0,14 15 15 3,10,14/15 13/15 12/15,13/3 14/3 15/3 16/3,400,21/10,False
2052,1,right,05/09/2025 19:11:48,15/15,1/0/0,15 15 14 3,10,15/15 14/15 13/15,12/3 13/3 14/3 15/3,400,21/10,False
2053,1,right,05/09/2025 19:11:48,16/15,1/0/0,16 15 13 3,10,16/15 15/15 14/15,11/3 12/3 13/3 14/3,400,21/10,False
2054,1,right,05/09/2025 19:11:48,17/15,1/0/0,17 15 12 3,10,17/15 16/15 15/15,10/3 11/3 12/3 13/3,400,21/10,False
2055,1,right,05/09/2025 19:11:48,18/15,1/0/0,18 15 11 3,10,18/15 17/15 16/15,9/3 10/3 11/3 12/3,400,21/10,False
2056,1,right,05/09/2025 19:11:49,19/15,1/0/0,19 15 10 3,10,19/15 18/15 17/15,8/3 9/3 10/3 11/3,400,21/10,False
2057,1,right,05/09/2025 19:11:49,20/15,1/0/0,20 15 9 3,10,20/15 19/15 18/15,7/3 8/3 9/3 10/3,400,21/10,False
2058,1,right,05/09/2025 19:11:49,21/15,1/0/0,21 15 8 3,10,21/15 20/15 19/15,7/4 7/3 8/3 9/3,400,21/10,False
2059,1,right,05/09/2025 19:11:49,22/15,1/0/0,22 15 7 3,10,22/15 21/15 20/15,7/5 7/4 7/3 8/3,400,21/10,False
2060,1,right,05/09/2025 19:11:49,23/15,1/0/0,23 15 6 3,10,23/15 22/15 21/15,7/6 7/5 7/4 7/3,400,21/10,False
2061,1,right,05/09/2025 19:11:50,24/15,1/0/0,24 15 5 3,10,24/15 23/15 22/15,7/7 7/6 7/5 7/4,400,21/10,False
2062,1,up,05/09/2025 19:11:50,25/15,1/0/0,25 15 4 3,10,25/15 24/15 23/15,8/7 7/7 7/6 7/5,400,21/10,False
2063,1,up,05/09/2025 19:11:50,25/14,0/0/1,25 14 4 4,10,25/14 25/15 24/15,9/7 8/7 7/7 7/6,400,21/10,False
2064,1,up,05/09/2025 19:11:50,25/13,0/0/1,25 13 4 5,10,25/13 25/14 25/15,10/7 9/7 8/7 7/7,400,21/10,False
2065,1,up,05/09/2025 19:11:50,25/12,0/0/1,25 12 4 6,10,25/12 25/13 25/14,11/7 10/7 9/7 8/7,400,21/10,False
2066,1,up,05/09/2025 19:11:51,25/11,0/0/1,25 11 4 7,10,25/11 25/12 25/13,12/7 11/7 10/7 9/7,400,21/10,False
2067,1,up,05/09/2025 19:11:51,25/10,0/0/1,25 10 4 8,10,25/10 25/11 25/12,13/7 12/7 11/7 10/7,400,21/10,False
2068,1,up,05/09/2025 19:11:51,25/9,0/0/1,25 9 4 9,10,25/9 25/10 25/11,14/7 13/7 12/7 11/7,400,21/10,False
2069,1,up,05/09/2025 19:11:51,25/8,0/0/1,25 8 4 10,10,25/8 25/9 25/10,15/7 14/7 13/7 12/7,400,21/10,False
2070,1,up,05/09/2025 19:11:51,25/7,0/0/1,25 7 4 11,10,25/7 25/8 25/9,16/7 15/7 14/7 13/7,400,21/10,False
2071,1,up,05/09/2025 19:11:52,25/6,0/0/1,25 6 4 12,10,25/6 25/7 25/8,16/8 16/7 15/7 14/7,400,21/10,False
2072,1,up,05/09/2025 19:11:52,25/5,0/0/1,25 5 4 13,10,25/5 25/6 25/7,17/8 16/8 16/7 15/7,400,21/10,False
2073,1,up,05/09/2025 19:11:52,25/4,0/0/1,25 4 4 14,10,25/4 25/5 25/6,18/8 17/8 16/8 16/7,400,21/10,False
2074,1,up,05/09/2025 19:11:52,25/3,0/0/1,25 3 4 15,10,25/3 25/4 25/5,19/8 18/8 17/8 16/8,400,21/10,False
2075,1,left,05/09/2025 19:11:52,25/2,0/0/1,25 2 4 16,10,25/2 25/3 25/4,20/8 19/8 18/8 17/8,400,21/10,False
2076,1,left,05/09/2025 19:11:53,24/2,-1/0/0,24 2 5 16,10,24/2 25/2 25/3,21/8 20/8 19/8 18/8,400,21/10,False
2077,1,left,05/09/2025 19:11:53,23/2,-1/0/0,23 2 6 16,10,23/2 24/2 25/2,22/8 21/8 20/8 19/8,400,21/10,False
2078,1,left,05/09/2025 19:11:53,22/2,-1/0/0,22 2 7 16,10,22/2 23/2 24/2,23/8 22/8 21/8 20/8,400,21/10,False
2079,1,left,05/09/2025 19:11:53,21/2,-1/0/0,21 2 8 16,10,21/2 22/2 23/2,24/8 23/8 22/8 21/8,400,21/10,False
2080,1,left,05/09/2025 19:11:53,20/2,-1/0/0,20 2 9 16,10,20/2 21/2 22/2,25/8 24/8 23/8 22/8,400,21/10,False
2081,1,left,05/09/2025 19:11:54,19/2,-1/0/0,19 2 10 16,10,19/2 20/2 21/2,26/8 25/8 24/8 23/8,400,21/10,False
2082,1,left,05/09/2025 19:11:54,18/2,-1/0/0,18 2 11 16,10,18/2 19/2 20/2,27/8 26/8 25/8 24/8,400,21/10,False
2083,1,left,05/09/2025 19:11:54,17/2,-1/0/0,17 2 12 16,10,17/2 18/2 19/2,27/7 27/8 26/8 25/8,400,21/10,False
2084,1,left,05/09/2025 19:11:54,16/2,-1/0/0,16 2 13 16,10,16/2 17/2 18/2,27/6 27/7 27/8 26/8,400,21/10,False
2085,1,down,05/09/2025 19:11:54,15/2,-1/0/0,15 2 14 16,10,15/2 16/2 17/2,27/5 27/6 27/7 27/8,400,21/10,False
2086,1,down,05/09/2025 19:11:55,15/3,0/0/-1,15 3 14 15,10,15/3 15/2 16/2,27/4 27/5 27/6 27/7,400,21/10,False
2087,1,down,05/09/2025 19:11:55,15/4,0/0/-1,15 4 14 14,10,15/4 15/3 15/2,27/3 27/4 27/5 27/6,400,21/10,False
2088,1,down,05/09/2025 19:11:55,15/5,0/0/-1,15 5 14 13,10,15/5 15/4 15/3,26/3 27/3 27/4 27/5,400,21/10,False
2089,1,down,05/09/2025 19:11:55,15/6,0/0/-1,15 6 14 12,10,15/6 15/5 15/4,25/3 26/3 27/3 27/4,400,21/10,False
2090,1,down,05/09/2025 19:11:55,15/7,0/0/-1,15 7 14 11,10,15/7 15/6 15/5,24/3 25/3 26/3 27/3,400,21/10,False
2091,1,down,05/09/2025 19:11:56,15/8,0/0/-1,15 8 14 10,10,15/8 15/7 15/6,23/3 24/3 25/3 26/3,400,21/10,False
2092,1,down,05/09/2025 19:11:56,15/9,0/0/-1,15 9 14 9,10,15/9 15/8 15/7,22/3 23/3 24/3 25/3,400,21/10,False
2093,1,left,05/09/2025 19:11:56,15/10,0/0/-1,15 10 14 8,10,15/10 15/9 15/8,21/3 22/3 23/3 24/3,400,21/10,False
2094,1,left,05/09/2025 19:11:56,14/10,-1/0/0,14 10 15 8,10,14/10 15/10 15/9,20/3 21/3 22/3 23/3,400,21/10,False
2095,1,left,05/09/2025 19:11:56,13/10,-1/0/0,13 10 16 8,10,13/10 14/10 15/10,19/3 20/3 21/3 22/3,400,21/10,False
2096,1,down,05/09/2025 19:11:57,12/10,-1/0/0,12 10 17 8,10,12/10 13/10 14/10,18/3 19/3 20/3 21/3,400,21/10,False
2097,1,down,05/09/2025 19:11:57,12/11,0/0/-1,12 11 17 7,10,12/11 12/10 13/10,17/3 18/3 19/3 20/3,400,21/10,False
2098,1,down,05/09/2025 19:11:57,12/12,0/0/-1,12 12 17 6,10,12/12 12/11 12/10,16/3 17/3 18/3 19/3,400,21/10,False
2099,1,right,05/09/2025 19:11:57,12/13,0/0/-1,12 13 17 5,10,12/13 12/12 12/11,15/3 16/3 17/3 18/3,400,21/10,False
2100,1,right,05/09/2025 19:11:57,13/13,1/0/0,13 13 16 5,10,13/13 12/13 12/12,14/3 15/3 16/3 17/3,400,21/10,False
2101,1,right,05/09/2025 19:11:58,14/13,1/0/0,14 13 15 5,10,14/13 13/13 12/13,13/3 14/3 15/3 16/3,400,21/10,False
2102,1,right,05/09/2025 19:11:58,15/13,1/0/0,15 13 14 5,10,15/13 14/13 13/13,12/3 13/3 14/3 15/3,400,21/10,False
2103,1,right,05/09/2025 19:11:58,16/13,1/0/0,16 13 13 5,10,16/13 15/13 14/13,11/3 12/3 13/3 14/3,400,21/10,False
2104,1,right,05/09/2025 19:11:58,17/13,1/0/0,17 13 12 5,10,17/13 16/13 15/13,10/3 11/3 12/3 13/3,400,21/10,False
2105,1,right,05/09/2025 19:11:58,18/13,1/0/0,18 13 11 5,10,18/13 17/13 16/13,9/3 10/3 11/3 12/3,400,21/10,False
2106,1,right,05/09/2025 19:11:59,19/13,1/0/0,19 13 10 5,10,19/13 18/13 17/13,8/3 9/3 10/3 11/3,400,21/10,False
2107,1,right,05/09/2025 19:11:59,20/13,1/0/0,20 13 9 5,10,20/13 19/13 18/13,7/3 8/3 9/3 10/3,400,21/10,False
2108,1,right,05/09/2025 19:11:59,21/13,1/0/0,21 13 8 5,10,21/13 20/13 19/13,7/4 7/3 8/3 9/3,400,21/10,False
2109,1,right,05/09/2025 19:11:59,22/13,1/0/0,22 13 7 5,10,22/13 21/13 20/13,7/5 7/4 7/3 8/3,400,21/10,False
2110,1,right,05/09/2025 19:11:59,23/13,1/0/0,23 13 6 5,10,23/13 22/13 21/13,7/6 7/5 7/4 7/3,400,21/10,False
2111,1,right,05/09/2025 19:12:00,24/13,1/0/0,24 13 5 5,10,24/13 23/13 22/13,7/7 7/6 7/5 7/4,400,21/10,False
2112,1,up,05/09/2025 19:12:00,25/13,1/0/0,25 13 4 5,10,25/13 24/13 23/13,8/7 7/7 7/6 7/5,400,21/10,False
2113,1,up,05/09/2025 19:12:00,25/12,0/0/1,25 12 4 6,10,25/12 25/13 24/13,9/7 8/7 7/7 7/6,400,21/10,False
2114,1,up,05/09/2025 19:12:00,25/11,0/0/1,25 11 4 7,10,25/11 25/12 25/13,10/7 9/7 8/7 7/7,400,21/10,False
2115,1,up,05/09/2025 19:12:00,25/10,0/0/1,25 10 4 8,10,25/10 25/11 25/12,11/7 10/7 9/7 8/7,400,21/10,False
2116,1,left,05/09/2025 19:12:01,25/9,0/0/1,25 9 4 9,10,25/9 25/10 25/11,12/7 11/7 10/7 9/7,400,21/10,False
2117,1,left,05/09/2025 19:12:01,24/9,-1/0/0,24 9 5 9,10,24/9 25/9 25/10,13/7 12/7 11/7 10/7,400,21/10,False
2118,1,left,05/09/2025 19:12:01,23/9,-1/0/0,23 9 6 9,10,23/9 24/9 25/9,14/7 13/7 12/7 11/7,400,21/10,False
2119,1,left,05/09/2025 19:12:01,22/9,-1/0/0,22 9 7 9,10,22/9 23/9 24/9,15/7 14/7 13/7 12/7,400,21/10,False
2120,1,down,05/09/2025 19:12:01,21/9,-1/0/0,21 9 8 9,10,21/9 22/9 23/9,16/7 15/7 14/7 13/7,400,21/10,False
2121,1,down,05/09/2025 19:12:02,21/10,0/0/-1,21 10 8 8,10,21/10 21/9,17/7 16/7 15/7 14/7,500,11/16,False
2122,1,down,05/09/2025 19:12:02,21/11,0/0/-1,21 11 8 7,10,21/11 21/10 21/9 22/9,18/7 17/7 16/7 15/7,500,11/16,False
2123,1,down,05/09/2025 19:12:02,21/12,0/0/-1,21 12 8 6,10,21/12 21/11 21/10 21/9,19/7 18/7 17/7 16/7,500,11/16,False
2124,1,down,05/09/2025 19:12:02,21/13,0/0/-1,21 13 8 5,10,21/13 21/12 21/11 21/10,20/7 19/7 18/7 17/7,500,11/16,False
2125,1,down,05/09/2025 19:12:02,21/14,0/0/-1,21 14 8 4,10,21/14 21/13 21/12 21/11,21/7 20/7 19/7 18/7,500,11/16,False
2126,1,left,05/09/2025 19:12:03,21/15,0/0/-1,21 15 8 3,10,21/15 21/14 21/13 21/12,22/7 21/7 20/7 19/7,500,11/16,False
2127,1,left,05/09/2025 19:12:03,20/15,-1/0/0,20 15 9 3,10,20/15 21/15 21/14 21/13,23/7 22/7 21/7 20/7,500,11/16,False
2128,1,left,05/09/2025 19:12:03,19/15,-1/0/0,19 15 10 3,10,19/15 20/15 21/15 21/14,23/6 23/7 22/7 21/7,500,11/16,False
2129,1,left,05/09/2025 19:12:03,18/15,-1/0/0,18 15 11 3,10,18/15 19/15 20/15 21/15,23/5 23/6 23/7 22/7,500,11/16,False
2130,1,up,05/09/2025 19:12:03,17/15,-1/0/0,17 15 12 3,10,17/15 18/15 19/15 20/15,23/4 23/5 23/6 23/7,500,11/16,False
2131,1,up,05/09/2025 19:12:04,17/14,0/0/1,17 14 12 4,10,17/14 17/15 18/15 19/15,23/3 23/4 23/5 23/6,500,11/16,False
2132,1,up,05/09/2025 19:12:04,17/13,0/0/1,17 13 12 5,10,17/13 17/14 17/15 18/15,22/3 23/3 23/4 23/5,500,11/16,False
2133,1,up,05/09/2025 19:12:04,17/12,0/0/1,17 12 12 6,10,17/12 17/13 17/14 17/15,21/3 22/3 23/3 23/4,500,11/16,False
2134,1,left,05/09/2025 19:12:04,17/11,0/0/1,17 11 12 7,10,17/11 17/12 17/13 17/14,20/3 21/3 22/3 23/3,500,11/16,False
2135,1,left,05/09/2025 19:12:04,16/11,-1/0/0,16 11 13 7,10,16/11 17/11 17/12 17/13,19/3 20/3 21/3 22/3,500,11/16,False
2136,1,left,05/09/2025 19:12:05,15/11,-1/0/0,15 11 14 7,10,15/11 16/11 17/11 17/12,18/3 19/3 20/3 21/3,500,11/16,False
2137,1,left,05/09/2025 19:12:05,14/11,-1/0/0,14 11 15 7,10,14/11 15/11 16/11 17/11,17/3 18/3 19/3 20/3,500,11/16,False
2138,1,left,05/09/2025 19:12:05,13/11,-1/0/0,13 11 16 7,10,13/11 14/11 15/11 16/11,16/3 17/3 18/3 19/3,500,11/16,False
2139,1,left,05/09/2025 19:12:05,12/11,-1/0/0,12 11 17 7,10,12/11 13/11 14/11 15/11,15/3 16/3 17/3 18/3,500,11/16,False
2140,1,left,05/09/2025 19:12:05,11/11,-1/0/0,11 11 18 7,10,11/11 12/11 13/11 14/11,14/3 15/3 16/3 17/3,500,11/16,False
2141,1,up,05/09/2025 19:12:06,10/11,-1/0/0,10 11 19 7,10,10/11 11/11 12/11 13/11,13/3 14/3 15/3 16/3,500,11/16,False
2142,1,up,05/09/2025 19:12:06,10/10,0/0/1,10 10 19 8,10,10/10 10/11 11/11 12/11,12/3 13/3 14/3 15/3,500,11/16,False
2143,1,up,05/09/2025 19:12:06,10/9,0/0/1,10 9 19 9,10,10/9 10/10 10/11 11/11,11/3 12/3 13/3 14/3,500,11/16,False
2144,1,up,05/09/2025 19:12:06,10/8,0/0/1,10 8 19 10,10,10/8 10/9 10/10 10/11,10/3 11/3 12/3 13/3,500,11/16,False
2145,1,right,05/09/2025 19:12:06,10/7,0/0/1,10 7 19 11,10,10/7 10/8 10/9 10/10,9/3 10/3 11/3 12/3,500,11/16,False
2146,1,right,05/09/2025 19:12:07,11/7,1/0/0,11 7 18 11,10,11/7 10/7 10/8 10/9,8/3 9/3 10/3 11/3,500,11/16,False
2147,1,right,05/09/2025 19:12:07,12/7,1/0/0,12 7 17 11,10,12/7 11/7 10/7 10/8,7/3 8/3 9/3 10/3,500,11/16,False
2148,1,up,05/09/2025 19:12:07,13/7,1/0/0,13 7 16 11,10,13/7 12/7 11/7 10/7,6/3 7/3 8/3 9/3,500,11/16,False
2149,1,up,05/09/2025 19:12:07,13/6,0/0/1,13 6 16 12,10,13/6 13/7 12/7 11/7,5/3 6/3 7/3 8/3,500,11/16,False
2150,1,up,05/09/2025 19:12:07,13/5,0/0/1,13 5 16 13,10,13/5 13/6 13/7 12/7,4/3 5/3 6/3 7/3,500,11/16,False
2151,1,up,05/09/2025 19:12:08,13/4,0/0/1,13 4 16 14,10,13/4 13/5 13/6 13/7,3/3 4/3 5/3 6/3,500,11/16,False
2152,1,up,05/09/2025 19:12:08,13/3,0/0/1,13 3 16 15,10,13/3 13/4 13/5 13/6,2/3 3/3 4/3 5/3,500,11/16,False
2153,1,up,05/09/2025 19:12:08,13/2,0/0/1,13 2 16 16,10,13/2 13/3 13/4 13/5,1/3 2/3 3/3 4/3,500,11/16,False
2154,1,left,05/09/2025 19:12:08,13/1,0/0/1,13 1 16 17,10,13/1 13/2 13/3 13/4,1/2 1/3 2/3 3/3,500,11/16,True
2155,1,left,05/09/2025 19:12:08,12/1,-1/0/0,12 1 17 17,10,12/1 13/1 13/2 13/3,2/2 1/2 1/3 2/3,500,11/16,False
2156,1,left,05/09/2025 19:12:09,11/1,-1/0/0,11 1 18 17,10,11/1 12/1 13/1 13/2,3/2 2/2 1/2 1/3,500,11/16,False
2157,1,down,05/09/2025 19:12:09,10/1,-1/0/0,10 1 19 17,10,10/1 11/1 12/1 13/1,4/2 3/2 2/2 1/2,500,11/16,False
2158,1,down,05/09/2025 19:12:09,10/2,0/0/-1,10 2 19 16,10,10/2 10/1 11/1 12/1,5/2 4/2 3/2 2/2,500,11/16,False
2159,1,down,05/09/2025 19:12:09,10/3,0/0/-1,10 3 19 15,10,10/3 10/2 10/1 11/1,6/2 5/2 4/2 3/2,500,11/16,False
2160,1,down,05/09/2025 19:12:09,10/4,0/0/-1,10 4 19 14,10,10/4 10/3 10/2 10/1,7/2 6/2 5/2 4/2,500,11/16,False
2161,1,down,05/09/2025 19:12:10,10/5,0/0/-1,10 5 19 13,10,10/5 10/4 10/3 10/2,8/2 7/2 6/2 5/2,500,11/16,False
2162,1,down,05/09/2025 19:12:10,10/6,0/0/-1,10 6 19 12,10,10/6 10/5 10/4 10/3,9/2 8/2 7/2 6/2,500,11/16,False
2163,1,down,05/09/2025 19:12:10,10/7,0/0/-1,10 7 19 11,10,10/7 10/6 10/5 10/4,10/2 9/2 8/2 7/2,500,11/16,False
2164,1,down,05/09/2025 19:12:10,10/8,0/0/-1,10 8 19 10,10,10/8 10/7 10/6 10/5,11/2 10/2 9/2 8/2,500,11/16,False
2165,1,left,05/09/2025 19:12:10,10/9,0/0/-1,10 9 19 9,10,10/9 10/8 10/7 10/6,12/2 11/2 10/2 9/2,500,11/16,False
2166,1,left,05/09/2025 19:12:11,9/9,-1/0/0,9 9 20 9,10,9/9 10/9 10/8 10/7,12/3 12/2 11/2 10/2,500,11/16,False
2167,1,left,05/09/2025 19:12:11,8/9,-1/0/0,8 9 21 9,10,8/9 9/9 10/9 10/8,12/4 12/3 12/2 11/2,500,11/16,False
2168,1,left,05/09/2025 19:12:11,7/9,-1/0/0,7 9 22 9,10,7/9 8/9 9/9 10/9,12/5 12/4 12/3 12/2,500,11/16,False
2169,1,left,05/09/2025 19:12:11,6/9,-1/0/0,6 9 23 9,10,6/9 7/9 8/9 9/9,12/6 12/5 12/4 12/3,500,11/16,False
2170,1,left,05/09/2025 19:12:11,5/9,-1/0/0,5 9 24 9,10,5/9 6/9 7/9 8/9,13/6 12/6 12/5 12/4,500,11/16,False
2171,1,down,05/09/2025 19:12:12,4/9,-1/0/0,4 9 25 9,10,4/9 5/9 6/9 7/9,14/6 13/6 12/6 12/5,500,11/16,False
2172,1,down,05/09/2025 19:12:12,4/10,0/0/-1,4 10 25 8,10,4/10 4/9 5/9 6/9,15/6 14/6 13/6 12/6,500,11/16,False
2173,1,down,05/09/2025 19:12:12,4/11,0/0/-1,4 11 25 7,10,4/11 4/10 4/9 5/9,16/6 15/6 14/6 13/6,500,11/16,False
2174,1,down,05/09/2025 19:12:12,4/12,0/0/-1,4 12 25 6,10,4/12 4/11 4/10 4/9,17/6 16/6 15/6 14/6,500,11/16,False
2175,1,right,05/09/2025 19:12:12,4/13,0/0/-1,4 13 25 5,10,4/13 4/12 4/11 4/10,18/6 17/6 16/6 15/6,500,11/16,False
2176,1,right,05/09/2025 19:12:13,5/13,1/0/0,5 13 24 5,10,5/13 4/13 4/12 4/11,19/6 18/6 17/6 16/6,500,11/16,False
2177,1,right,05/09/2025 19:12:13,6/13,1/0/0,6 13 23 5,10,6/13 5/13 4/13 4/12,20/6 19/6 18/6 17/6,500,11/16,False
2178,1,right,05/09/2025 19:12:13,7/13,1/0/0,7 13 22 5,10,7/13 6/13 5/13 4/13,21/6 20/6 19/6 18/6,500,11/16,False
2179,1,right,05/09/2025 19:12:13,8/13,1/0/0,8 13 21 5,10,8/13 7/13 6/13 5/13,22/6 21/6 20/6 19/6,500,11/16,False
2180,1,right,05/09/2025 19:12:13,9/13,1/0/0,9 13 20 5,10,9/13 8/13 7/13 6/13,23/6 22/6 21/6 20/6,500,11/16,False
2181,1,right,05/09/2025 19:12:14,10/13,1/0/0,10 13 19 5,10,10/13 9/13 8/13 7/13,23/5 23/6 22/6 21/6,500,11/16,False
2182,1,right,05/09/2025 19:12:14,11/13,1/0/0,11 13 18 5,10,11/13 10/13 9/13 8/13,23/4 23/5 23/6 22/6,500,11/16,False
2183,1,right,05/09/2025 19:12:14,12/13,1/0/0,12 13 17 5,10,12/13 11/13 10/13 9/13,23/3 23/4 23/5 23/6,500,11/16,False
2184,1,right,05/09/2025 19:12:14,13/13,1/0/0,13 13 16 5,10,13/13 12/13 11/13 10/13,22/3 23/3 23/4 23/5,500,11/16,False
2185,1,right,05/09/2025 19:12:14,14/13,1/0/0,14 13 15 5,10,14/13 13/13 12/13 11/13,21/3 22/3 23/3 23/4,500,11/16,False
2186,1,right,05/09/2025 19:12:15,15/13,1/0/0,15 13 14 5,10,15/13 14/13 13/13 12/13,20/3 21/3 22/3 23/3,500,11/16,False
2187,1,right,05/09/2025 19:12:15,16/13,1/0/0,16 13 13 5,10,16/13 15/13 14/13 13/13,19/3 20/3 21/3 22/3,500,11/16,False
2188,1,right,05/09/2025 19:12:15,17/13,1/0/0,17 13 12 5,10,17/13 16/13 15/13 14/13,18/3 19/3 20/3 21/3,500,11/16,False
2189,1,right,05/09/2025 19:12:15,18/13,1/0/0,18 13 11 5,10,18/13 17/13 16/13 15/13,17/3 18/3 19/3 20/3,500,11/16,False
2190,1,right,05/09/2025 19:12:15,19/13,1/0/0,19 13 10 5,10,19/13 18/13 17/13 16/13,16/3 17/3 18/3 19/3,500,11/16,False
2191,1,right,05/09/2025 19:12:16,20/13,1/0/0,20 13 9 5,10,20/13 19/13 18/13 17/13,15/3 16/3 17/3 18/3,500,11/16,False
2192,1,right,05/09/2025 19:12:16,21/13,1/0/0,21 13 8 5,10,21/13 20/13 19/13 18/13,14/3 15/3 16/3 17/3,500,11/16,False
2193,1,right,05/09/2025 19:12:16,22/13,1/0/0,22 13 7 5,10,22/13 21/13 20/13 19/13,13/3 14/3 15/3 16/3,500,11/16,False
2194,1,right,05/09/2025 19:12:16,23/13,1/0/0,23 13 6 5,10,23/13 22/13 21/13 20/13,12/3 13/3 14/3 15/3,500,11/16,False
2195,1,up,05/09/2025 19:12:16,24/13,1/0/0,24 13 5 5,10,24/13 23/13 22/13 21/13,12/4 12/3 13/3 14/3,500,11/16,False
2196,1,up,05/09/2025 19:12:17,24/12,0/0/1,24 12 5 6,10,24/12 24/13 23/13 22/13,12/5 12/4 12/3 13/3,500,11/16,False
2197,1,up,05/09/2025 19:12:17,24/11,0/0/1,24 11 5 7,10,24/11 24/12 24/13 23/13,12/6 12/5 12/4 12/3,500,11/16,False
2198,1,up,05/09/2025 19:12:17,24/10,0/0/1,24 10 5 8,10,24/10 24/11 24/12 24/13,13/6 12/6 12/5 12/4,500,11/16,False
2199,1,up,05/09/2025 19:12:17,24/9,0/0/1,24 9 5 9,10,24/9 24/10 24/11 24/12,14/6 13/6 12/6 12/5,500,11/16,False
2200,1,up,05/09/2025 19:12:17,24/8,0/0/1,24 8 5 10,10,24/8 24/9 24/10 24/11,15/6 14/6 13/6 12/6,500,11/16,False
2201,1,right,05/09/2025 19:12:18,24/7,0/0/1,24 7 5 11,10,24/7 24/8 24/9 24/10,16/6 15/6 14/6 13/6,500,11/16,False
2202,1,right,05/09/2025 19:12:18,25/7,1/0/0,25 7 4 11,10,25/7 24/7 24/8 24/9,17/6 16/6 15/6 14/6,500,11/16,False
2203,1,up,05/09/2025 19:12:18,26/7,1/0/0,26 7 3 11,10,26/7 25/7 24/7 24/8,18/6 17/6 16/6 15/6,500,11/16,False
2204,1,up,05/09/2025 19:12:18,26/6,0/0/1,26 6 3 12,10,26/6 26/7 25/7 24/7,19/6 18/6 17/6 16/6,500,11/16,False
2205,1,up,05/09/2025 19:12:18,26/5,0/0/1,26 5 3 13,10,26/5 26/6 26/7 25/7,20/6 19/6 18/6 17/6,500,11/16,False
2206,1,up,05/09/2025 19:12:19,26/4,0/0/1,26 4 3 14,10,26/4 26/5 26/6 26/7,21/6 20/6 19/6 18/6,500,11/16,False
2207,1,up,05/09/2025 19:12:19,26/3,0/0/1,26 3 3 15,10,26/3 26/4 26/5 26/6,22/6 21/6 20/6 19/6,500,11/16,False
2208,1,left,05/09/2025 19:12:19,26/2,0/0/1,26 2 3 16,10,26/2 26/3 26/4 26/5,23/6 22/6 21/6 20/6,500,11/16,False
2209,1,left,05/09/2025 19:12:19,25/2,-1/0/0,25 2 4 16,10,25/2 26/2 26/3 26/4,23/5 23/6 22/6 21/6,500,11/16,False
2210,1,left,05/09/2025 19:12:19,24/2,-1/0/0,24 2 5 16,10,24/2 25/2 26/2 26/3,23/4 23/5 23/6 22/6,500,11/16,False
2211,1,left,05/09/2025 19:12:20,23/2,-1/0/0,23 2 6 16,10,23/2 24/2 25/2 26/2,23/3 23/4 23/5 23/6,500,11/16,False
2212,1,left,05/09/2025 19:12:21,22/2,-1/0/0,22 2 7 16,10,26/9 27/9 28/9,3/9 2/9 1/9,500,5/2,False
2213,1,left,05/09/2025 19:12:22,25/9,-1/0/0,25 9 4 9,10,25/9 26/9 27/9,3/10 3/9 2/9,500,5/2,False
2214,1,left,05/09/2025 19:12:22,24/9,-1/0/0,24 9 5 9,10,24/9 25/9 26/9,3/11 3/10 3/9,500,5/2,False
2215,1,left,05/09/2025 19:12:22,23/9,-1/0/0,23 9 6 9,10,23/9 24/9 25/9,3/12 3/11 3/10,500,5/2,False
2216,1,left,05/09/2025 19:12:22,22/9,-1/0/0,22 9 7 9,10,22/9 23/9 24/9,3/13 3/12 3/11,500,5/2,False
2217,1,left,05/09/2025 19:12:22,21/9,-1/0/0,21 9 8 9,10,21/9 22/9 23/9,3/14 3/13 3/12,500,5/2,False
2218,1,left,05/09/2025 19:12:23,20/9,-1/0/0,20 9 9 9,10,20/9 21/9 22/9,4/14 3/14 3/13,500,5/2,False
2219,1,left,05/09/2025 19:12:23,19/9,-1/0/0,19 9 10 9,10,19/9 20/9 21/9,5/14 4/14 3/14,500,5/2,False
2220,1,left,05/09/2025 19:12:23,18/9,-1/0/0,18 9 11 9,10,18/9 19/9 20/9,6/14 5/14 4/14,500,5/2,False
2221,1,left,05/09/2025 19:12:23,17/9,-1/0/0,17 9 12 9,10,17/9 18/9 19/9,7/14 6/14 5/14,500,5/2,False
2222,1,left,05/09/2025 19:12:23,16/9,-1/0/0,16 9 13 9,10,16/9 17/9 18/9,8/14 7/14 6/14,500,5/2,False
2223,1,left,05/09/2025 19:12:24,15/9,-1/0/0,15 9 14 9,10,15/9 16/9 17/9,9/14 8/14 7/14,500,5/2,False
2224,1,left,05/09/2025 19:12:24,14/9,-1/0/0,14 9 15 9,10,14/9 15/9 16/9,10/14 9/14 8/14,500,5/2,False
2225,1,left,05/09/2025 19:12:24,13/9,-1/0/0,13 9 16 9,10,13/9 14/9 15/9,11/14 10/14 9/14,500,5/2,False
2226,1,left,05/09/2025 19:12:24,12/9,-1/0/0,12 9 17 9,10,12/9 13/9 14/9,12/14 11/14 10/14,500,5/2,False
2227,1,left,05/09/2025 19:12:24,11/9,-1/0/0,11 9 18 9,10,11/9 12/9 13/9,13/14 12/14 11/14,500,5/2,False
2228,1,left,05/09/2025 19:12:25,10/9,-1/0/0,10 9 19 9,10,10/9 11/9 12/9,14/14 13/14 12/14,500,5/2,False
2229,1,left,05/09/2025 19:12:25,9/9,-1/0/0,9 9 20 9,10,9/9 10/9 11/9,15/14 14/14 13/14,500,5/2,False
2230,1,left,05/09/2025 19:12:25,8/9,-1/0/0,8 9 21 9,10,8/9 9/9 10/9,16/14 15/14 14/14,500,5/2,False
2231,1,left,05/09/2025 19:12:25,7/9,-1/0/0,7 9 22 9,10,7/9 8/9 9/9,17/14 16/14 15/14,500,5/2,False
2232,1,left,05/09/2025 19:12:25,6/9,-1/0/0,6 9 23 9,10,6/9 7/9 8/9,18/14 17/14 16/14,500,5/2,False
2233,1,left,05/09/2025 19:12:26,5/9,-1/0/0,5 9 24 9,10,5/9 6/9 7/9,19/14 18/14 17/14,500,5/2,False
2234,1,left,05/09/2025 19:12:26,4/9,-1/0/0,4 9 25 9,10,4/9 5/9 6/9,20/14 19/14 18/14,500,5/2,False
2235,1,up,05/09/2025 19:12:26,3/9,-1/0/0,3 9 26 9,10,3/9 4/9 5/9,21/14 20/14 19/14,500,5/2,False
2236,1,up,05/09/2025 19:12:26,3/8,0/0/1,3 8 26 10,10,3/8 3/9 4/9,22/14 21/14 20/14,500,5/2,False
2237,1,up,05/09/2025 19:12:26,3/7,0/0/1,3 7 26 11,10,3/7 3/8 3/9,23/14 22/14 21/14,500,5/2,False
2238,1,up,05/09/2025 19:12:27,3/6,0/0/1,3 6 26 12,10,3/6 3/7 3/8,24/14 23/14 22/14,500,5/2,False
2239,1,up,05/09/2025 19:12:27,3/5,0/0/1,3 5 26 13,10,3/5 3/6 3/7,25/14 24/14 23/14,500,5/2,False
2240,1,up,05/09/2025 19:12:27,3/4,0/0/1,3 4 26 14,10,3/4 3/5 3/6,26/14 25/14 24/14,500,5/2,False
2241,1,up,05/09/2025 19:12:27,3/3,0/0/1,3 3 26 15,10,3/3 3/4 3/5,27/14 26/14 25/14,500,5/2,False
2242,1,right,05/09/2025 19:12:27,3/2,0/0/1,3 2 26 16,10,3/2 3/3 3/4,28/14 27/14 26/14,500,5/2,False
2243,1,right,05/09/2025 19:12:29,4/2,-1/0/0,4 2 25 16,10,26/9 27/9 28/9,3/9 2/9 1/9,500,19/4,False
2244,1,right,05/09/2025 19:12:29,25/9,-1/0/0,25 9 4 9,10,25/9 26/9 27/9,4/9 3/9 2/9,500,19/4,False
2245,1,right,05/09/2025 19:12:30,24/9,-1/0/0,24 9 5 9,10,24/9 25/9 26/9,4/8 4/9 3/9,500,19/4,False
2246,1,right,05/09/2025 19:12:30,23/9,-1/0/0,23 9 6 9,10,23/9 24/9 25/9,4/7 4/8 4/9,500,19/4,False
2247,1,right,05/09/2025 19:12:30,22/9,-1/0/0,22 9 7 9,10,22/9 23/9 24/9,4/6 4/7 4/8,500,19/4,False
2248,1,right,05/09/2025 19:12:30,21/9,-1/0/0,21 9 8 9,10,21/9 22/9 23/9,4/5 4/6 4/7,500,19/4,False
2249,1,right,05/09/2025 19:12:30,20/9,-1/0/0,20 9 9 9,10,20/9 21/9 22/9,4/4 4/5 4/6,500,19/4,False
2250,1,right,05/09/2025 19:12:31,19/9,-1/0/0,19 9 10 9,10,19/9 20/9 21/9,4/3 4/4 4/5,500,19/4,False
2251,1,right,05/09/2025 19:12:31,18/9,-1/0/0,18 9 11 9,10,18/9 19/9 20/9,5/3 4/3 4/4,500,19/4,False
2252,1,right,05/09/2025 19:12:31,17/9,-1/0/0,17 9 12 9,10,17/9 18/9 19/9,6/3 5/3 4/3,500,19/4,False
2253,1,right,05/09/2025 19:12:31,16/9,-1/0/0,16 9 13 9,10,16/9 17/9 18/9,7/3 6/3 5/3,500,19/4,False
2254,1,right,05/09/2025 19:12:31,15/9,-1/0/0,15 9 14 9,10,15/9 16/9 17/9,8/3 7/3 6/3,500,19/4,False
2255,1,right,05/09/2025 19:12:32,14/9,-1/0/0,14 9 15 9,10,14/9 15/9 16/9,9/3 8/3 7/3,500,19/4,False
2256,1,right,05/09/2025 19:12:32,13/9,-1/0/0,13 9 16 9,10,13/9 14/9 15/9,9/2 9/3 8/3,500,19/4,False
2257,1,right,05/09/2025 19:12:32,12/9,-1/0/0,12 9 17 9,10,12/9 13/9 14/9,10/2 9/2 9/3,500,19/4,False
2258,1,right,05/09/2025 19:12:32,11/9,-1/0/0,11 9 18 9,10,11/9 12/9 13/9,11/2 10/2 9/2,500,19/4,False
2259,1,right,05/09/2025 19:12:32,10/9,-1/0/0,10 9 19 9,10,10/9 11/9 12/9,12/2 11/2 10/2,500,19/4,False
2260,1,right,05/09/2025 19:12:33,9/9,-1/0/0,9 9 20 9,10,9/9 10/9 11/9,13/2 12/2 11/2,500,19/4,False
2261,1,down,05/09/2025 19:12:33,8/9,-1/0/0,8 9 21 9,10,8/9 9/9 10/9,14/2 13/2 12/2,500,19/4,False
2262,1,down,05/09/2025 19:12:33,8/10,0/0/-1,8 10 21 8,10,8/10 8/9 9/9,15/2 14/2 13/2,500,19/4,False
2263,1,down,05/09/2025 19:12:33,8/11,0/0/-1,8 11 21 7,10,8/11 8/10 8/9,15/3 15/2 14/2,500,19/4,False
2264,1,down,05/09/2025 19:12:33,8/12,0/0/-1,8 12 21 6,10,8/12 8/11 8/10,15/4 15/3 15/2,500,19/4,False
2265,1,right,05/09/2025 19:12:34,8/13,0/0/-1,8 13 21 5,10,8/13 8/12 8/11,15/5 15/4 15/3,500,19/4,False
2266,1,right,05/09/2025 19:12:34,9/13,1/0/0,9 13 20 5,10,9/13 8/13 8/12,15/6 15/5 15/4,500,19/4,False
2267,1,right,05/09/2025 19:12:34,10/13,1/0/0,10 13 19 5,10,10/13 9/13 8/13,15/7 15/6 15/5,500,19/4,False
2268,1,right,05/09/2025 19:12:34,11/13,1/0/0,11 13 18 5,10,11/13 10/13 9/13,15/8 15/7 15/6,500,19/4,False
2269,1,right,05/09/2025 19:12:34,12/13,1/0/0,12 13 17 5,10,12/13 11/13 10/13,15/9 15/8 15/7,500,19/4,False
2270,1,down,05/09/2025 19:12:35,13/13,1/0/0,13 13 16 5,10,13/13 12/13 11/13,15/10 15/9 15/8,500,19/4,False
2271,1,left,05/09/2025 19:12:35,13/14,0/0/-1,13 14 16 4,10,13/14 13/13 12/13,15/11 15/10 15/9,500,19/4,False
2272,1,left,05/09/2025 19:12:35,12/14,-1/0/0,12 14 17 4,10,12/14 13/14 13/13,15/12 15/11 15/10,500,19/4,False
2273,1,left,05/09/2025 19:12:35,11/14,-1/0/0,11 14 18 4,10,11/14 12/14 13/14,15/13 15/12 15/11,500,19/4,False
2274,1,left,05/09/2025 19:12:35,10/14,-1/0/0,10 14 19 4,10,10/14 11/14 12/14,15/14 15/13 15/12,500,19/4,False
2275,1,left,05/09/2025 19:12:36,9/14,-1/0/0,9 14 20 4,10,9/14 10/14 11/14,15/15 15/14 15/13,500,19/4,False
2276,1,up,05/09/2025 19:12:36,8/14,-1/0/0,8 14 21 4,10,8/14 9/14 10/14,15/16 15/15 15/14,500,19/4,False
2277,1,up,05/09/2025 19:12:36,8/13,0/0/1,8 13 21 5,10,8/13 8/14 9/14,15/17 15/16 15/15,500,19/4,False
2278,1,up,05/09/2025 19:12:36,8/12,0/0/1,8 12 21 6,10,8/12 8/13 8/14,14/17 15/17 15/16,500,19/4,False
2279,1,up,05/09/2025 19:12:36,8/11,0/0/1,8 11 21 7,10,8/11 8/12 8/13,13/17 14/17 15/17,500,19/4,False
2280,1,up,05/09/2025 19:12:37,8/10,0/0/1,8 10 21 8,10,8/10 8/11 8/12,12/17 13/17 14/17,500,19/4,False
2281,1,up,05/09/2025 19:12:37,8/9,0/0/1,8 9 21 9,10,8/9 8/10 8/11,11/17 12/17 13/17,500,19/4,False
2282,1,up,05/09/2025 19:12:37,8/8,0/0/1,8 8 21 10,10,8/8 8/9 8/10,10/17 11/17 12/17,500,19/4,False
2283,1,up,05/09/2025 19:12:37,8/7,0/0/1,8 7 21 11,10,8/7 8/8 8/9,9/17 10/17 11/17,500,19/4,False
2284,1,up,05/09/2025 19:12:37,8/6,0/0/1,8 6 21 12,10,8/6 8/7 8/8,8/17 9/17 10/17,500,19/4,False
2285,1,up,05/09/2025 19:12:38,8/5,0/0/1,8 5 21 13,10,8/5 8/6 8/7,7/17 8/17 9/17,500,19/4,False
2286,1,right,05/09/2025 19:12:38,8/4,0/0/1,8 4 21 14,10,8/4 8/5 8/6,6/17 7/17 8/17,500,19/4,False
2287,1,right,05/09/2025 19:12:38,9/4,1/0/0,9 4 20 14,10,9/4 8/4 8/5,5/17 6/17 7/17,500,19/4,False
2288,1,right,05/09/2025 19:12:38,10/4,1/0/0,10 4 19 14,10,10/4 9/4 8/4,4/17 5/17 6/17,500,19/4,False
2289,1,right,05/09/2025 19:12:38,11/4,1/0/0,11 4 18 14,10,11/4 10/4 9/4,3/17 4/17 5/17,500,19/4,False
2290,1,right,05/09/2025 19:12:39,12/4,1/0/0,12 4 17 14,10,12/4 11/4 10/4,2/17 3/17 4/17,500,19/4,False
2291,1,right,05/09/2025 19:12:39,13/4,1/0/0,13 4 16 14,10,13/4 12/4 11/4,2/16 2/17 3/17,500,19/4,False
2292,1,right,05/09/2025 19:12:39,14/4,1/0/0,14 4 15 14,10,14/4 13/4 12/4,2/15 2/16 2/17,500,19/4,False
2293,1,right,05/09/2025 19:12:39,15/4,1/0/0,15 4 14 14,10,15/4 14/4 13/4,2/14 2/15 2/16,500,19/4,False
2294,1,right,05/09/2025 19:12:39,16/4,1/0/0,16 4 13 14,10,16/4 15/4 14/4,2/13 2/14 2/15,500,19/4,False
2295,1,right,05/09/2025 19:12:40,17/4,1/0/0,17 4 12 14,10,17/4 16/4 15/4,2/12 2/13 2/14,500,19/4,False
2296,1,right,05/09/2025 19:12:40,18/4,1/0/0,18 4 11 14,10,18/4 17/4 16/4,2/11 2/12 2/13,500,19/4,False
2297,1,right,05/09/2025 19:12:40,19/4,1/0/0,19 4 10 14,10,19/4 18/4,2/10 2/11 2/12,600,8/4,False
2298,1,right,05/09/2025 19:12:40,20/4,1/0/0,20 4 9 14,10,20/4 19/4 18/4 17/4,2/9 2/10 2/11,600,8/4,False
2299,1,right,05/09/2025 19:12:40,21/4,1/0/0,21 4 8 14,10,21/4 20/4 19/4 18/4,2/8 2/9 2/10,600,8/4,False
2300,1,down,05/09/2025 19:12:41,22/4,1/0/0,22 4 7 14,10,22/4 21/4 20/4 19/4,2/7 2/8 2/9,600,8/4,False
2301,1,down,05/09/2025 19:12:41,22/5,0/0/-1,22 5 7 13,10,22/5 22/4 21/4 20/4,2/6 2/7 2/8,600,8/4,False
2302,1,down,05/09/2025 19:12:41,22/6,0/0/-1,22 6 7 12,10,22/6 22/5 22/4 21/4,3/6 2/6 2/7,600,8/4,False
2303,1,down,05/09/2025 19:12:41,22/7,0/0/-1,22 7 7 11,10,22/7 22/6 22/5 22/4,4/6 3/6 2/6,600,8/4,False
2304,1,down,05/09/2025 19:12:41,22/8,0/0/-1,22 8 7 10,10,22/8 22/7 22/6 22/5,5/6 4/6 3/6,600,8/4,False
2305,1,down,05/09/2025 19:12:42,22/9,0/0/-1,22 9 7 9,10,22/9 22/8 22/7 22/6,5/5 5/6 4/6,600,8/4,False
2306,1,down,05/09/2025 19:12:42,22/10,0/0/-1,22 10 7 8,10,22/10 22/9 22/8 22/7,5/4 5/5 5/6,600,8/4,False
2307,1,down,05/09/2025 19:12:42,22/11,0/0/-1,22 11 7 7,10,22/11 22/10 22/9 22/8,5/3 5/4 5/5,600,8/4,False
2308,1,down,05/09/2025 19:12:42,22/12,0/0/-1,22 12 7 6,10,22/12 22/11 22/10 22/9,5/2 5/3 5/4,600,8/4,False
2309,1,left,05/09/2025 19:12:42,22/13,0/0/-1,22 13 7 5,10,22/13 22/12 22/11 22/10,5/1 5/2 5/3,600,8/4,False
2310,1,left,05/09/2025 19:12:43,21/13,-1/0/0,21 13 8 5,10,21/13 22/13 22/12 22/11,6/1 5/1 5/2,600,8/4,False
2311,1,left,05/09/2025 19:12:43,20/13,-1/0/0,20 13 9 5,10,20/13 21/13 22/13 22/12,7/1 6/1 5/1,600,8/4,False
2312,1,left,05/09/2025 19:12:43,19/13,-1/0/0,19 13 10 5,10,19/13 20/13 21/13 22/13,8/1 7/1 6/1,600,8/4,False
2313,1,left,05/09/2025 19:12:43,18/13,-1/0/0,18 13 11 5,10,18/13 19/13 20/13 21/13,9/1 8/1 7/1,600,8/4,False
2314,1,left,05/09/2025 19:12:43,17/13,-1/0/0,17 13 12 5,10,17/13 18/13 19/13 20/13,10/1 9/1 8/1,600,8/4,False
2315,1,left,05/09/2025 19:12:44,16/13,-1/0/0,16 13 13 5,10,16/13 17/13 18/13 19/13,11/1 10/1 9/1,600,8/4,False
2316,1,left,05/09/2025 19:12:44,15/13,-1/0/0,15 13 14 5,10,15/13 16/13 17/13 18/13,12/1 11/1 10/1,600,8/4,False
2317,1,left,05/09/2025 19:12:44,14/13,-1/0/0,14 13 15 5,10,14/13 15/13 16/13 17/13,13/1 12/1 11/1,600,8/4,False
2318,1,left,05/09/2025 19:12:44,13/13,-1/0/0,13 13 16 5,10,13/13 14/13 15/13 16/13,14/1 13/1 12/1,600,8/4,False
2319,1,left,05/09/2025 19:12:44,12/13,-1/0/0,12 13 17 5,10,12/13 13/13 14/13 15/13,15/1 14/1 13/1,600,8/4,False
2320,1,left,05/09/2025 19:12:45,11/13,-1/0/0,11 13 18 5,10,11/13 12/13 13/13 14/13,16/1 15/1 14/1,600,8/4,False
2321,1,left,05/09/2025 19:12:45,10/13,-1/0/0,10 13 19 5,10,10/13 11/13 12/13 13/13,17/1 16/1 15/1,600,8/4,False
2322,1,left,05/09/2025 19:12:45,9/13,-1/0/0,9 13 20 5,10,9/13 10/13 11/13 12/13,18/1 17/1 16/1,600,8/4,False
2323,1,left,05/09/2025 19:12:45,8/13,-1/0/0,8 13 21 5,10,8/13 9/13 10/13 11/13,19/1 18/1 17/1,600,8/4,False
2324,1,left,05/09/2025 19:12:45,7/13,-1/0/0,7 13 22 5,10,7/13 8/13 9/13 10/13,19/2 19/1 18/1,600,8/4,False
2325,1,up,05/09/2025 19:12:46,6/13,-1/0/0,6 13 23 5,10,6/13 7/13 8/13 9/13,19/3 19/2 19/1,600,8/4,False
2326,1,up,05/09/2025 19:12:46,6/12,0/0/1,6 12 23 6,10,6/12 6/13 7/13 8/13,19/4 19/3 19/2,600,8/4,False
2327,1,up,05/09/2025 19:12:46,6/11,0/0/1,6 11 23 7,10,6/11 6/12 6/13 7/13,19/5 19/4 19/3,600,8/4,False
2328,1,up,05/09/2025 19:12:46,6/10,0/0/1,6 10 23 8,10,6/10 6/11 6/12 6/13,18/5 19/5 19/4,600,8/4,False
2329,1,left,05/09/2025 19:12:46,6/9,0/0/1,6 9 23 9,10,6/9 6/10 6/11 6/12,17/5 18/5 19/5,600,8/4,False
2330,1,left,05/09/2025 19:12:47,5/9,-1/0/0,5 9 24 9,10,5/9 6/9 6/10 6/11,16/5 17/5 18/5,600,8/4,False
2331,1,down,05/09/2025 19:12:47,4/9,-1/0/0,4 9 25 9,10,4/9 5/9 6/9 6/10,15/5 16/5 17/5,600,8/4,False
2332,1,down,05/09/2025 19:12:47,4/10,0/0/-1,4 10 25 8,10,4/10 4/9 5/9 6/9,14/5 15/5 16/5,600,8/4,False
2333,1,down,05/09/2025 19:12:47,4/11,0/0/-1,4 11 25 7,10,4/11 4/10 4/9 5/9,13/5 14/5 15/5,600,8/4,False
2334,1,down,05/09/2025 19:12:47,4/12,0/0/-1,4 12 25 6,10,4/12 4/11 4/10 4/9,12/5 13/5 14/5,600,8/4,False
2335,1,down,05/09/2025 19:12:48,4/13,0/0/-1,4 13 25 5,10,4/13 4/12 4/11 4/10,11/5 12/5 13/5,600,8/4,False
2336,1,down,05/09/2025 19:12:48,4/14,0/0/-1,4 14 25 4,10,4/14 4/13 4/12 4/11,10/5 11/5 12/5,600,8/4,False
2337,1,right,05/09/2025 19:12:48,4/15,0/0/-1,4 15 25 3,10,4/15 4/14 4/13 4/12,9/5 10/5 11/5,600,8/4,False
2338,1,right,05/09/2025 19:12:48,5/15,1/0/0,5 15 24 3,10,5/15 4/15 4/14 4/13,8/5 9/5 10/5,600,8/4,False
2339,1,right,05/09/2025 19:12:48,6/15,1/0/0,6 15 23 3,10,6/15 5/15 4/15 4/14,7/5 8/5 9/5,600,8/4,False
2340,1,right,05/09/2025 19:12:49,7/15,1/0/0,7 15 22 3,10,7/15 6/15 5/15 4/15,6/5 7/5 8/5,600,8/4,False
2341,1,right,05/09/2025 19:12:49,8/15,1/0/0,8 15 21 3,10,8/15 7/15 6/15 5/15,5/5 6/5 7/5,600,8/4,False
2342,1,right,05/09/2025 19:12:49,9/15,1/0/0,9 15 20 3,10,9/15 8/15 7/15 6/15,5/4 5/5 6/5,600,8/4,False
2343,1,right,05/09/2025 19:12:49,10/15,1/0/0,10 15 19 3,10,10/15 9/15 8/15 7/15,5/3 5/4 5/5,600,8/4,False
2344,1,right,05/09/2025 19:12:49,11/15,1/0/0,11 15 18 3,10,11/15 10/15 9/15 8/15,5/2 5/3 5/4,600,8/4,False
2345,1,right,05/09/2025 19:12:50,12/15,1/0/0,12 15 17 3,10,12/15 11/15 10/15 9/15,5/1 5/2 5/3,600,8/4,False
2346,1,right,05/09/2025 19:12:50,13/15,1/0/0,13 15 16 3,10,13/15 12/15 11/15 10/15,6/1 5/1 5/2,600,8/4,False
2347,1,right,05/09/2025 19:12:52,14/15,-1/0/0,14 15 15 3,10,26/9 27/9 28/9,3/9 2/9 1/9,600,21/17,False
2348,1,right,05/09/2025 19:12:52,25/9,-1/0/0,25 9 4 9,10,25/9 26/9 27/9,3/10 3/9 2/9,600,21/17,False
2349,1,right,05/09/2025 19:12:52,24/9,-1/0/0,24 9 5 9,10,24/9 25/9 26/9,3/11 3/10 3/9,600,21/17,False
2350,1,right,05/09/2025 19:12:52,23/9,-1/0/0,23 9 6 9,10,23/9 24/9 25/9,3/12 3/11 3/10,600,21/17,False
2351,1,right,05/09/2025 19:12:53,22/9,-1/0/0,22 9 7 9,10,22/9 23/9 24/9,3/13 3/12 3/11,600,21/17,False
2352,1,right,05/09/2025 19:12:53,21/9,-1/0/0,21 9 8 9,10,21/9 22/9 23/9,4/13 3/13 3/12,600,21/17,False
2353,1,right,05/09/2025 19:12:53,20/9,-1/0/0,20 9 9 9,10,20/9 21/9 22/9,5/13 4/13 3/13,600,21/17,False
2354,1,right,05/09/2025 19:12:53,19/9,-1/0/0,19 9 10 9,10,19/9 20/9 21/9,6/13 5/13 4/13,600,21/17,False
2355,1,down,05/09/2025 19:12:53,18/9,-1/0/0,18 9 11 9,10,18/9 19/9 20/9,7/13 6/13 5/13,600,21/17,False
2356,1,down,05/09/2025 19:12:54,18/10,0/0/-1,18 10 11 8,10,18/10 18/9 19/9,8/13 7/13 6/13,600,21/17,False
2357,1,left,05/09/2025 19:12:54,18/11,0/0/-1,18 11 11 7,10,18/11 18/10 18/9,9/13 8/13 7/13,600,21/17,False
2358,1,left,05/09/2025 19:12:54,17/11,-1/0/0,17 11 12 7,10,17/11 18/11 18/10,10/13 9/13 8/13,600,21/17,False
2359,1,left,05/09/2025 19:12:54,16/11,-1/0/0,16 11 13 7,10,16/11 17/11 18/11,11/13 10/13 9/13,600,21/17,False
2360,1,left,05/09/2025 19:12:54,15/11,-1/0/0,15 11 14 7,10,15/11 16/11 17/11,12/13 11/13 10/13,600,21/17,False
2361,1,left,05/09/2025 19:12:55,14/11,-1/0/0,14 11 15 7,10,14/11 15/11 16/11,13/13 12/13 11/13,600,21/17,False
2362,1,left,05/09/2025 19:12:55,13/11,-1/0/0,13 11 16 7,10,13/11 14/11 15/11,14/13 13/13 12/13,600,21/17,False
2363,1,left,05/09/2025 19:12:55,12/11,-1/0/0,12 11 17 7,10,12/11 13/11 14/11,15/13 14/13 13/13,600,21/17,False
2364,1,left,05/09/2025 19:12:55,11/11,-1/0/0,11 11 18 7,10,11/11 12/11 13/11,16/13 15/13 14/13,600,21/17,False
2365,1,down,05/09/2025 19:12:55,10/11,-1/0/0,10 11 19 7,10,10/11 11/11 12/11,17/13 16/13 15/13,600,21/17,False
2366,1,down,05/09/2025 19:12:56,10/12,0/0/-1,10 12 19 6,10,10/12 10/11 11/11,18/13 17/13 16/13,600,21/17,False
2367,1,down,05/09/2025 19:12:56,10/13,0/0/-1,10 13 19 5,10,10/13 10/12 10/11,19/13 18/13 17/13,600,21/17,False
2368,1,down,05/09/2025 19:12:56,10/14,0/0/-1,10 14 19 4,10,10/14 10/13 10/12,20/13 19/13 18/13,600,21/17,False
2369,1,down,05/09/2025 19:12:56,10/15,0/0/-1,10 15 19 3,10,10/15 10/14 10/13,21/13 20/13 19/13,600,21/17,False
2370,1,right,05/09/2025 19:12:56,10/16,0/0/-1,10 16 19 2,10,10/16 10/15 10/14,22/13 21/13 20/13,600,21/17,False
2371,1,right,05/09/2025 19:12:57,11/16,1/0/0,11 16 18 2,10,11/16 10/16 10/15,22/14 22/13 21/13,600,21/17,False
2372,1,right,05/09/2025 19:12:57,12/16,1/0/0,12 16 17 2,10,12/16 11/16 10/16,22/15 22/14 22/13,600,21/17,False
2373,1,right,05/09/2025 19:12:57,13/16,1/0/0,13 16 16 2,10,13/16 12/16 11/16,22/16 22/15 22/14,600,21/17,False
2374,1,right,05/09/2025 19:12:57,14/16,1/0/0,14 16 15 2,10,14/16 13/16 12/16,22/17 22/16 22/15,600,21/17,False
2375,1,up,05/09/2025 19:12:57,15/16,1/0/0,15 16 14 2,10,15/16 14/16 13/16,21/17 22/17,600,19/12,False
2376,1,up,05/09/2025 19:12:58,15/15,0/0/1,15 15 14 3,10,15/15 15/16 14/16,20/17 21/17 22/17 22/16,600,19/12,False
2377,1,up,05/09/2025 19:12:58,15/14,0/0/1,15 14 14 4,10,15/14 15/15 15/16,19/17 20/17 21/17 22/17,600,19/12,False
2378,1,left,05/09/2025 19:12:58,15/13,0/0/1,15 13 14 5,10,15/13 15/14 15/15,18/17 19/17 20/17 21/17,600,19/12,False
2379,1,left,05/09/2025 19:12:58,14/13,-1/0/0,14 13 15 5,10,14/13 15/13 15/14,17/17 18/17 19/17 20/17,600,19/12,False
2380,1,left,05/09/2025 19:12:58,13/13,-1/0/0,13 13 16 5,10,13/13 14/13 15/13,16/17 17/17 18/17 19/17,600,19/12,False
2381,1,up,05/09/2025 19:12:59,12/13,-1/0/0,12 13 17 5,10,12/13 13/13 14/13,15/17 16/17 17/17 18/17,600,19/12,False
2382,1,up,05/09/2025 19:12:59,12/12,0/0/1,12 12 17 6,10,12/12 12/13 13/13,14/17 15/17 16/17 17/17,600,19/12,False
2383,1,up,05/09/2025 19:12:59,12/11,0/0/1,12 11 17 7,10,12/11 12/12 12/13,13/17 14/17 15/17 16/17,600,19/12,False
2384,1,up,05/09/2025 19:12:59,12/10,0/0/1,12 10 17 8,10,12/10 12/11 12/12,12/17 13/17 14/17 15/17,600,19/12,False
2385,1,up,05/09/2025 19:12:59,12/9,0/0/1,12 9 17 9,10,12/9 12/10 12/11,11/17 12/17 13/17 14/17,600,19/12,False
2386,1,up,05/09/2025 19:13:00,12/8,0/0/1,12 8 17 10,10,12/8 12/9 12/10,11/16 11/17 12/17 13/17,600,19/12,False
2387,1,up,05/09/2025 19:13:00,12/7,0/0/1,12 7 17 11,10,12/7 12/8 12/9,11/15 11/16 11/17 12/17,600,19/12,False
2388,1,up,05/09/2025 19:13:00,12/6,0/0/1,12 6 17 12,10,12/6 12/7 12/8,11/14 11/15 11/16 11/17,600,19/12,False
2389,1,up,05/09/2025 19:13:00,12/5,0/0/1,12 5 17 13,10,12/5 12/6 12/7,11/13 11/14 11/15 11/16,600,19/12,False
2390,1,right,05/09/2025 19:13:00,12/4,0/0/1,12 4 17 14,10,12/4 12/5 12/6,12/13 11/13 11/14 11/15,600,19/12,False
2391,1,right,05/09/2025 19:13:01,13/4,1/0/0,13 4 16 14,10,13/4 12/4 12/5,13/13 12/13 11/13 11/14,600,19/12,False
2392,1,right,05/09/2025 19:13:01,14/4,1/0/0,14 4 15 14,10,14/4 13/4 12/4,14/13 13/13 12/13 11/13,600,19/12,False
2393,1,right,05/09/2025 19:13:01,15/4,1/0/0,15 4 14 14,10,15/4 14/4 13/4,15/13 14/13 13/13 12/13,600,19/12,False
2394,1,right,05/09/2025 19:13:01,16/4,1/0/0,16 4 13 14,10,16/4 15/4 14/4,16/13 15/13 14/13 13/13,600,19/12,False
2395,1,right,05/09/2025 19:13:01,17/4,1/0/0,17 4 12 14,10,17/4 16/4 15/4,17/13 16/13 15/13 14/13,600,19/12,False
2396,1,right,05/09/2025 19:13:02,18/4,1/0/0,18 4 11 14,10,18/4 17/4 16/4,18/13 17/13 16/13 15/13,600,19/12,False
2397,1,right,05/09/2025 19:13:02,19/4,1/0/0,19 4 10 14,10,19/4 18/4 17/4,19/13 18/13 17/13 16/13,600,19/12,False
2398,1,up,05/09/2025 19:13:02,20/4,1/0/0,20 4 9 14,10,20/4 19/4 18/4,20/13 19/13 18/13 17/13,600,19/12,False
2399,1,up,05/09/2025 19:13:02,20/3,0/0/1,20 3 9 15,10,20/3 20/4 19/4,21/13 20/13 19/13 18/13,600,19/12,False
2400,1,left,05/09/2025 19:13:02,20/2,0/0/1,20 2 9 16,10,20/2 20/3 20/4,22/13 21/13 20/13 19/13,600,19/12,False
2401,1,left,05/09/2025 19:13:03,19/2,-1/0/0,19 2 10 16,10,19/2 20/2 20/3,23/13 22/13 21/13 20/13,600,19/12,False
2402,1,left,05/09/2025 19:13:03,18/2,-1/0/0,18 2 11 16,10,18/2 19/2 20/2,24/13 23/13 22/13 21/13,600,19/12,False
2403,1,left,05/09/2025 19:13:03,17/2,-1/0/0,17 2 12 16,10,17/2 18/2 19/2,25/13 24/13 23/13 22/13,600,19/12,False
2404,1,left,05/09/2025 19:13:03,16/2,-1/0/0,16 2 13 16,10,16/2 17/2 18/2,26/13 25/13 24/13 23/13,600,19/12,False
2405,1,left,05/09/2025 19:13:03,15/2,-1/0/0,15 2 14 16,10,15/2 16/2 17/2,27/13 26/13 25/13 24/13,600,19/12,False
2406,1,left,05/09/2025 19:13:04,14/2,-1/0/0,14 2 15 16,10,14/2 15/2 16/2,27/12 27/13 26/13 25/13,600,19/12,False
2407,1,left,05/09/2025 19:13:04,13/2,-1/0/0,13 2 16 16,10,13/2 14/2 15/2,27/11 27/12 27/13 26/13,600,19/12,False
2408,1,down,05/09/2025 19:13:04,12/2,-1/0/0,12 2 17 16,10,12/2 13/2 14/2,27/10 27/11 27/12 27/13,600,19/12,False
2409,1,down,05/09/2025 19:13:04,12/3,0/0/-1,12 3 17 15,10,12/3 12/2 13/2,27/9 27/10 27/11 27/12,600,19/12,False
2410,1,down,05/09/2025 19:13:04,12/4,0/0/-1,12 4 17 14,10,12/4 12/3 12/2,27/8 27/9 27/10 27/11,600,19/12,False
2411,1,down,05/09/2025 19:13:05,12/5,0/0/-1,12 5 17 13,10,12/5 12/4 12/3,27/7 27/8 27/9 27/10,600,19/12,False
2412,1,down,05/09/2025 19:13:05,12/6,0/0/-1,12 6 17 12,10,12/6 12/5 12/4,27/6 27/7 27/8 27/9,600,19/12,False
2413,1,down,05/09/2025 19:13:05,12/7,0/0/-1,12 7 17 11,10,12/7 12/6 12/5,27/5 27/6 27/7 27/8,600,19/12,False
2414,1,down,05/09/2025 19:13:05,12/8,0/0/-1,12 8 17 10,10,12/8 12/7 12/6,27/4 27/5 27/6 27/7,600,19/12,False
2415,1,down,05/09/2025 19:13:05,12/9,0/0/-1,12 9 17 9,10,12/9 12/8 12/7,27/3 27/4 27/5 27/6,600,19/12,False
2416,1,down,05/09/2025 19:13:06,12/10,0/0/-1,12 10 17 8,10,12/10 12/9 12/8,26/3 27/3 27/4 27/5,600,19/12,False
2417,1,down,05/09/2025 19:13:06,12/11,0/0/-1,12 11 17 7,10,12/11 12/10 12/9,25/3 26/3 27/3 27/4,600,19/12,False
2418,1,down,05/09/2025 19:13:06,12/12,0/0/-1,12 12 17 6,10,12/12 12/11 12/10,24/3 25/3 26/3 27/3,600,19/12,False
2419,1,down,05/09/2025 19:13:06,12/13,0/0/-1,12 13 17 5,10,12/13 12/12 12/11,23/3 24/3 25/3 26/3,600,19/12,False
2420,1,down,05/09/2025 19:13:06,12/14,0/0/-1,12 14 17 4,10,12/14 12/13 12/12,22/3 23/3 24/3 25/3,600,19/12,False
2421,1,right,05/09/2025 19:13:07,12/15,0/0/-1,12 15 17 3,10,12/15 12/14 12/13,21/3 22/3 23/3 24/3,600,19/12,False
2422,1,right,05/09/2025 19:13:07,13/15,1/0/0,13 15 16 3,10,13/15 12/15 12/14,20/3 21/3 22/3 23/3,600,19/12,False
2423,1,right,05/09/2025 19:13:07,14/15,1/0/0,14 15 15 3,10,14/15 13/15 12/15,19/3 20/3 21/3 22/3,600,19/12,False
2424,1,right,05/09/2025 19:13:07,15/15,1/0/0,15 15 14 3,10,15/15 14/15 13/15,18/3 19/3 20/3 21/3,600,19/12,False
2425,1,right,05/09/2025 19:13:07,16/15,1/0/0,16 15 13 3,10,16/15 15/15 14/15,17/3 18/3 19/3 20/3,600,19/12,False
2426,1,right,05/09/2025 19:13:08,17/15,1/0/0,17 15 12 3,10,17/15 16/15 15/15,16/3 17/3 18/3 19/3,600,19/12,False
2427,1,right,05/09/2025 19:13:08,18/15,1/0/0,18 15 11 3,10,18/15 17/15 16/15,15/3 16/3 17/3 18/3,600,19/12,False
2428,1,right,05/09/2025 19:13:08,19/15,1/0/0,19 15 10 3,10,19/15 18/15 17/15,14/3 15/3 16/3 17/3,600,19/12,False
2429,1,right,05/09/2025 19:13:08,20/15,1/0/0,20 15 9 3,10,20/15 19/15 18/15,13/3 14/3 15/3 16/3,600,19/12,False
2430,1,right,05/09/2025 19:13:08,21/15,1/0/0,21 15 8 3,10,21/15 20/15 19/15,12/3 13/3 14/3 15/3,600,19/12,False
2431,1,right,05/09/2025 19:13:09,22/15,1/0/0,22 15 7 3,10,22/15 21/15 20/15,11/3 12/3 13/3 14/3,600,19/12,False
2432,1,right,05/09/2025 19:13:09,23/15,1/0/0,23 15 6 3,10,23/15 22/15 21/15,10/3 11/3 12/3 13/3,600,19/12,False
2433,1,right,05/09/2025 19:13:09,24/15,1/0/0,24 15 5 3,10,24/15 23/15 22/15,9/3 10/3 11/3 12/3,600,19/12,False
2434,1,right,05/09/2025 19:13:09,25/15,1/0/0,25 15 4 3,10,25/15 24/15 23/15,8/3 9/3 10/3 11/3,600,19/12,False
2435,1,up,05/09/2025 19:13:09,26/15,1/0/0,26 15 3 3,10,26/15 25/15 24/15,7/3 8/3 9/3 10/3,600,19/12,False
2436,1,up,05/09/2025 19:13:10,26/14,0/0/1,26 14 3 4,10,26/14 26/15 25/15,7/4 7/3 8/3 9/3,600,19/12,False
2437,1,up,05/09/2025 19:13:10,26/13,0/0/1,26 13 3 5,10,26/13 26/14 26/15,7/5 7/4 7/3 8/3,600,19/12,False
2438,1,up,05/09/2025 19:13:10,26/12,0/0/1,26 12 3 6,10,26/12 26/13 26/14,7/6 7/5 7/4 7/3,600,19/12,False
2439,1,up,05/09/2025 19:13:10,26/11,0/0/1,26 11 3 7,10,26/11 26/12 26/13,7/7 7/6 7/5 7/4,600,19/12,False
2440,1,left,05/09/2025 19:13:10,26/10,0/0/1,26 10 3 8,10,26/10 26/11 26/12,8/7 7/7 7/6 7/5,600,19/12,False
2441,1,left,05/09/2025 19:13:11,25/10,-1/0/0,25 10 4 8,10,25/10 26/10 26/11,9/7 8/7 7/7 7/6,600,19/12,False
2442,1,left,05/09/2025 19:13:11,24/10,-1/0/0,24 10 5 8,10,24/10 25/10 26/10,10/7 9/7 8/7 7/7,600,19/12,False
2443,1,up,05/09/2025 19:13:11,23/10,-1/0/0,23 10 6 8,10,23/10 24/10 25/10,11/7 10/7 9/7 8/7,600,19/12,False
2444,1,up,05/09/2025 19:13:11,23/9,0/0/1,23 9 6 9,10,23/9 23/10 24/10,12/7 11/7 10/7 9/7,600,19/12,False
2445,1,right,05/09/2025 19:13:11,23/8,0/0/1,23 8 6 10,10,23/8 23/9 23/10,13/7 12/7 11/7 10/7,600,19/12,False
2446,1,right,05/09/2025 19:13:12,24/8,1/0/0,24 8 5 10,10,24/8 23/8 23/9,14/7 13/7 12/7 11/7,600,19/12,False
2447,1,down,05/09/2025 19:13:12,25/8,1/0/0,25 8 4 10,10,25/8 24/8 23/8,15/7 14/7 13/7 12/7,600,19/12,False
2448,1,down,05/09/2025 19:13:12,25/9,0/0/-1,25 9 4 9,10,25/9 25/8 24/8,16/7 15/7 14/7 13/7,600,19/12,False
2449,1,down,05/09/2025 19:13:12,25/10,0/0/-1,25 10 4 8,10,25/10 25/9 25/8,17/7 16/7 15/7 14/7,600,19/12,False
2450,1,down,05/09/2025 19:13:12,25/11,0/0/-1,25 11 4 7,10,25/11 25/10 25/9,17/8 17/7 16/7 15/7,600,19/12,False
2451,1,down,05/09/2025 19:13:13,25/12,0/0/-1,25 12 4 6,10,25/12 25/11 25/10,17/9 17/8 17/7 16/7,600,19/12,False
2452,1,down,05/09/2025 19:13:13,25/13,0/0/-1,25 13 4 5,10,25/13 25/12 25/11,17/10 17/9 17/8 17/7,600,19/12,False
2453,1,down,05/09/2025 19:13:13,25/14,0/0/-1,25 14 4 4,10,25/14 25/13 25/12,17/11 17/10 17/9 17/8,600,19/12,False
2454,1,down,05/09/2025 19:13:13,25/15,0/0/-1,25 15 4 3,10,25/15 25/14 25/13,17/12 17/11 17/10 17/9,600,19/12,False
2455,1,left,05/09/2025 19:13:13,25/16,0/0/-1,25 16 4 2,10,25/16 25/15 25/14,17/13 17/12 17/11 17/10,600,19/12,False
2456,1,left,05/09/2025 19:13:14,24/16,-1/0/0,24 16 5 2,10,24/16 25/16 25/15,18/13 17/13 17/12 17/11,600,19/12,False
2457,1,left,05/09/2025 19:13:14,23/16,-1/0/0,23 16 6 2,10,23/16 24/16 25/16,19/13 18/13 17/13 17/12,600,19/12,False
2458,1,left,05/09/2025 19:13:14,22/16,-1/0/0,22 16 7 2,10,22/16 23/16 24/16,20/13 19/13 18/13 17/13,600,19/12,False
2459,1,left,05/09/2025 19:13:14,21/16,-1/0/0,21 16 8 2,10,21/16 22/16 23/16,21/13 20/13 19/13 18/13,600,19/12,False
2460,1,left,05/09/2025 19:13:14,20/16,-1/0/0,20 16 9 2,10,20/16 21/16 22/16,22/13 21/13 20/13 19/13,600,19/12,False
2461,1,left,05/09/2025 19:13:15,19/16,-1/0/0,19 16 10 2,10,19/16 20/16 21/16,22/14 22/13 21/13 20/13,600,19/12,False
2462,1,left,05/09/2025 19:13:15,18/16,-1/0/0,18 16 11 2,10,18/16 19/16 20/16,22/15 22/14 22/13 21/13,600,19/12,False
2463,1,left,05/09/2025 19:13:15,17/16,-1/0/0,17 16 12 2,10,17/16 18/16 19/16,22/16 22/15 22/14 22/13,600,19/12,False
2464,1,left,05/09/2025 19:13:15,16/16,-1/0/0,16 16 13 2,10,16/16 17/16 18/16,21/16 22/16 22/15 22/14,600,19/12,False
2465,1,left,05/09/2025 19:13:15,15/16,-1/0/0,15 16 14 2,10,15/16 16/16 17/16,20/16 21/16 22/16 22/15,600,19/12,False
2466,1,left,05/09/2025 19:13:16,14/16,-1/0/0,14 16 15 2,10,14/16 15/16 16/16,19/16 20/16 21/16 22/16,600,19/12,False
2467,1,left,05/09/2025 19:13:16,13/16,-1/0/0,13 16 16 2,10,13/16 14/16 15/16,18/16 19/16 20/16 21/16,600,19/12,False
2468,1,left,05/09/2025 19:13:16,12/16,-1/0/0,12 16 17 2,10,12/16 13/16 14/16,17/16 18/16 19/16 20/16,600,19/12,False
2469,1,up,05/09/2025 19:13:16,11/16,-1/0/0,11 16 18 2,10,11/16 12/16 13/16,16/16 17/16 18/16 19/16,600,19/12,False
2470,1,up,05/09/2025 19:13:16,11/15,0/0/1,11 15 18 3,10,11/15 11/16 12/16,15/16 16/16 17/16 18/16,600,19/12,False
2471,1,up,05/09/2025 19:13:17,11/14,0/0/1,11 14 18 4,10,11/14 11/15 11/16,14/16 15/16 16/16 17/16,600,19/12,False
2472,1,up,05/09/2025 19:13:17,11/13,0/0/1,11 13 18 5,10,11/13 11/14 11/15,13/16 14/16 15/16 16/16,600,19/12,False
2473,1,up,05/09/2025 19:13:17,11/12,0/0/1,11 12 18 6,10,11/12 11/13 11/14,12/16 13/16 14/16 15/16,600,19/12,False
2474,1,up,05/09/2025 19:13:17,11/11,0/0/1,11 11 18 7,10,11/11 11/12 11/13,11/16 12/16 13/16 14/16,600,19/12,False
2475,1,up,05/09/2025 19:13:17,11/10,0/0/1,11 10 18 8,10,11/10 11/11 11/12,11/15 11/16 12/16 13/16,600,19/12,False
2476,1,up,05/09/2025 19:13:18,11/9,0/0/1,11 9 18 9,10,11/9 11/10 11/11,11/14 11/15 11/16 12/16,600,19/12,False
2477,1,right,05/09/2025 19:13:18,11/8,0/0/1,11 8 18 10,10,11/8 11/9 11/10,11/13 11/14 11/15 11/16,600,19/12,False
2478,1,right,05/09/2025 19:13:18,12/8,1/0/0,12 8 17 10,10,12/8 11/8 11/9,12/13 11/13 11/14 11/15,600,19/12,False
2479,1,right,05/09/2025 19:13:18,13/8,1/0/0,13 8 16 10,10,13/8 12/8 11/8,13/13 12/13 11/13 11/14,600,19/12,False
2480,1,right,05/09/2025 19:13:18,14/8,1/0/0,14 8 15 10,10,14/8 13/8 12/8,14/13 13/13 12/13 11/13,600,19/12,False
2481,1,right,05/09/2025 19:13:19,15/8,1/0/0,15 8 14 10,10,15/8 14/8 13/8,15/13 14/13 13/13 12/13,600,19/12,False
2482,1,right,05/09/2025 19:13:19,16/8,1/0/0,16 8 13 10,10,16/8 15/8 14/8,16/13 15/13 14/13 13/13,600,19/12,False
2483,1,right,05/09/2025 19:13:19,17/8,1/0/0,17 8 12 10,10,17/8 16/8 15/8,17/13 16/13 15/13 14/13,600,19/12,False
2484,1,right,05/09/2025 19:13:19,18/8,1/0/0,18 8 11 10,10,18/8 17/8 16/8,18/13 17/13 16/13 15/13,600,19/12,False
2485,1,right,05/09/2025 19:13:19,19/8,1/0/0,19 8 10 10,10,19/8 18/8 17/8,19/13 18/13 17/13 16/13,600,19/12,False
2486,1,right,05/09/2025 19:13:20,20/8,1/0/0,20 8 9 10,10,20/8 19/8 18/8,20/13 19/13 18/13 17/13,600,19/12,False
2487,1,down,05/09/2025 19:13:20,21/8,1/0/0,21 8 8 10,10,21/8 20/8 19/8,21/13 20/13 19/13 18/13,600,19/12,False
2488,1,down,05/09/2025 19:13:20,21/9,0/0/-1,21 9 8 9,10,21/9 21/8 20/8,22/13 21/13 20/13 19/13,600,19/12,False
2489,1,down,05/09/2025 19:13:20,21/10,0/0/-1,21 10 8 8,10,21/10 21/9 21/8,23/13 22/13 21/13 20/13,600,19/12,False
2490,1,left,05/09/2025 19:13:20,21/11,0/0/-1,21 11 8 7,10,21/11 21/10 21/9,24/13 23/13 22/13 21/13,600,19/12,False
2491,1,left,05/09/2025 19:13:21,20/11,-1/0/0,20 11 9 7,10,20/11 21/11 21/10,25/13 24/13 23/13 22/13,600,19/12,False
2492,1,left,05/09/2025 19:13:21,19/11,-1/0/0,19 11 10 7,10,19/11 20/11 21/11,26/13 25/13 24/13 23/13,600,19/12,False
2493,1,down,05/09/2025 19:13:21,18/11,-1/0/0,18 11 11 7,10,18/11 19/11 20/11,27/13 26/13 25/13 24/13,600,19/12,False
2494,1,down,05/09/2025 19:13:21,18/12,0/0/-1,18 12 11 6,10,18/12 18/11 19/11,27/12 27/13 26/13 25/13,600,19/12,False
2495,1,down,05/09/2025 19:13:21,18/13,0/0/-1,18 13 11 5,10,18/13 18/12 18/11,27/11 27/12 27/13 26/13,600,19/12,False
2496,1,down,05/09/2025 19:13:22,18/14,0/0/-1,18 14 11 4,10,18/14 18/13 18/12,27/10 27/11 27/12 27/13,600,19/12,False
2497,1,right,05/09/2025 19:13:22,18/15,0/0/-1,18 15 11 3,10,18/15 18/14 18/13,27/9 27/10 27/11 27/12,600,19/12,False
2498,1,right,05/09/2025 19:13:22,19/15,1/0/0,19 15 10 3,10,19/15 18/15 18/14,27/8 27/9 27/10 27/11,600,19/12,False
2499,1,up,05/09/2025 19:13:22,20/15,1/0/0,20 15 9 3,10,20/15 19/15 18/15,27/7 27/8 27/9 27/10,600,19/12,False
2500,1,up,05/09/2025 19:13:22,20/14,0/0/1,20 14 9 4,10,20/14 20/15 19/15,27/6 27/7 27/8 27/9,600,19/12,False
2501,1,up,05/09/2025 19:13:23,20/13,0/0/1,20 13 9 5,10,20/13 20/14 20/15,27/5 27/6 27/7 27/8,600,19/12,False
2502,1,left,05/09/2025 19:13:23,20/12,0/0/1,20 12 9 6,10,20/12 20/13 20/14,27/4 27/5 27/6 27/7,600,19/12,False
2503,1,left,05/09/2025 19:13:23,19/12,-1/0/0,19 12 10 6,10,19/12 20/12,27/3 27/4 27/5 27/6,700,9/7,False
2504,1,left,05/09/2025 19:13:23,18/12,-1/0/0,18 12 11 6,10,18/12 19/12 20/12 20/13,26/3 27/3 27/4 27/5,700,9/7,False
2505,1,left,05/09/2025 19:13:23,17/12,-1/0/0,17 12 12 6,10,17/12 18/12 19/12 20/12,25/3 26/3 27/3 27/4,700,9/7,False
2506,1,left,05/09/2025 19:13:24,16/12,-1/0/0,16 12 13 6,10,16/12 17/12 18/12 19/12,24/3 25/3 26/3 27/3,700,9/7,False
2507,1,left,05/09/2025 19:13:24,15/12,-1/0/0,15 12 14 6,10,15/12 16/12 17/12 18/12,23/3 24/3 25/3 26/3,700,9/7,False
2508,1,left,05/09/2025 19:13:24,14/12,-1/0/0,14 12 15 6,10,14/12 15/12 16/12 17/12,22/3 23/3 24/3 25/3,700,9/7,False
2509,1,left,05/09/2025 19:13:24,13/12,-1/0/0,13 12 16 6,10,13/12 14/12 15/12 16/12,21/3 22/3 23/3 24/3,700,9/7,False
2510,1,left,05/09/2025 19:13:24,12/12,-1/0/0,12 12 17 6,10,12/12 13/12 14/12 15/12,20/3 21/3 22/3 23/3,700,9/7,False
2511,1,left,05/09/2025 19:13:25,11/12,-1/0/0,11 12 18 6,10,11/12 12/12 13/12 14/12,19/3 20/3 21/3 22/3,700,9/7,False
2512,1,left,05/09/2025 19:13:25,10/12,-1/0/0,10 12 19 6,10,10/12 11/12 12/12 13/12,18/3 19/3 20/3 21/3,700,9/7,False
2513,1,left,05/09/2025 19:13:25,9/12,-1/0/0,9 12 20 6,10,9/12 10/12 11/12 12/12,17/3 18/3 19/3 20/3,700,9/7,False
2514,1,left,05/09/2025 19:13:25,8/12,-1/0/0,8 12 21 6,10,8/12 9/12 10/12 11/12,16/3 17/3 18/3 19/3,700,9/7,False
2515,1,left,05/09/2025 19:13:25,7/12,-1/0/0,7 12 22 6,10,7/12 8/12 9/12 10/12,15/3 16/3 17/3 18/3,700,9/7,False
2516,1,left,05/09/2025 19:13:26,6/12,-1/0/0,6 12 23 6,10,6/12 7/12 8/12 9/12,14/3 15/3 16/3 17/3,700,9/7,False
2517,1,left,05/09/2025 19:13:26,5/12,-1/0/0,5 12 24 6,10,5/12 6/12 7/12 8/12,13/3 14/3 15/3 16/3,700,9/7,False
2518,1,down,05/09/2025 19:13:26,4/12,-1/0/0,4 12 25 6,10,4/12 5/12 6/12 7/12,12/3 13/3 14/3 15/3,700,9/7,False
2519,1,down,05/09/2025 19:13:26,4/13,0/0/-1,4 13 25 5,10,4/13 4/12 5/12 6/12,11/3 12/3 13/3 14/3,700,9/7,False
2520,1,down,05/09/2025 19:13:26,4/14,0/0/-1,4 14 25 4,10,4/14 4/13 4/12 5/12,10/3 11/3 12/3 13/3,700,9/7,False
2521,1,right,05/09/2025 19:13:27,4/15,0/0/-1,4 15 25 3,10,4/15 4/14 4/13 4/12,9/3 10/3 11/3 12/3,700,9/7,False
2522,1,right,05/09/2025 19:13:27,5/15,1/0/0,5 15 24 3,10,5/15 4/15 4/14 4/13,8/3 9/3 10/3 11/3,700,9/7,False
2523,1,right,05/09/2025 19:13:27,6/15,1/0/0,6 15 23 3,10,6/15 5/15 4/15 4/14,7/3 8/3 9/3 10/3,700,9/7,False
2524,1,right,05/09/2025 19:13:27,7/15,1/0/0,7 15 22 3,10,7/15 6/15 5/15 4/15,6/3 7/3 8/3 9/3,700,9/7,False
2525,1,right,05/09/2025 19:13:27,8/15,1/0/0,8 15 21 3,10,8/15 7/15 6/15 5/15,5/3 6/3 7/3 8/3,700,9/7,False
2526,1,right,05/09/2025 19:13:28,9/15,1/0/0,9 15 20 3,10,9/15 8/15 7/15 6/15,5/2 5/3 6/3 7/3,700,9/7,False
2527,1,right,05/09/2025 19:13:28,10/15,1/0/0,10 15 19 3,10,10/15 9/15 8/15 7/15,6/2 5/2 5/3 6/3,700,9/7,False
2528,1,right,05/09/2025 19:13:28,11/15,1/0/0,11 15 18 3,10,11/15 10/15 9/15 8/15,7/2 6/2 5/2 5/3,700,9/7,False
2529,1,right,05/09/2025 19:13:28,12/15,1/0/0,12 15 17 3,10,12/15 11/15 10/15 9/15,8/2 7/2 6/2 5/2,700,9/7,False
2530,1,right,05/09/2025 19:13:28,13/15,1/0/0,13 15 16 3,10,13/15 12/15 11/15 10/15,9/2 8/2 7/2 6/2,700,9/7,False
2531,1,right,05/09/2025 19:13:29,14/15,1/0/0,14 15 15 3,10,14/15 13/15 12/15 11/15,10/2 9/2 8/2 7/2,700,9/7,False
2532,1,right,05/09/2025 19:13:29,15/15,1/0/0,15 15 14 3,10,15/15 14/15 13/15 12/15,11/2 10/2 9/2 8/2,700,9/7,False
2533,1,right,05/09/2025 19:13:29,16/15,1/0/0,16 15 13 3,10,16/15 15/15 14/15 13/15,12/2 11/2 10/2 9/2,700,9/7,False
2534,1,right,05/09/2025 19:13:29,17/15,1/0/0,17 15 12 3,10,17/15 16/15 15/15 14/15,13/2 12/2 11/2 10/2,700,9/7,False
2535,1,up,05/09/2025 19:13:30,18/15,1/0/0,18 15 11 3,10,18/15 17/15 16/15 15/15,14/2 13/2 12/2 11/2,700,9/7,False
2536,1,up,05/09/2025 19:13:30,18/14,0/0/1,18 14 11 4,10,18/14 18/15 17/15 16/15,15/2 14/2 13/2 12/2,700,9/7,False
2537,1,up,05/09/2025 19:13:30,18/13,0/0/1,18 13 11 5,10,18/13 18/14 18/15 17/15,16/2 15/2 14/2 13/2,700,9/7,False
2538,1,up,05/09/2025 19:13:30,18/12,0/0/1,18 12 11 6,10,18/12 18/13 18/14 18/15,17/2 16/2 15/2 14/2,700,9/7,False
2539,1,up,05/09/2025 19:13:30,18/11,0/0/1,18 11 11 7,10,18/11 18/12 18/13 18/14,18/2 17/2 16/2 15/2,700,9/7,False
2540,1,up,05/09/2025 19:13:31,18/10,0/0/1,18 10 11 8,10,18/10 18/11 18/12 18/13,19/2 18/2 17/2 16/2,700,9/7,False
2541,1,up,05/09/2025 19:13:31,18/9,0/0/1,18 9 11 9,10,18/9 18/10 18/11 18/12,20/2 19/2 18/2 17/2,700,9/7,False
2542,1,up,05/09/2025 19:13:31,18/8,0/0/1,18 8 11 10,10,18/8 18/9 18/10 18/11,21/2 20/2 19/2 18/2,700,9/7,False
2543,1,left,05/09/2025 19:13:31,18/7,0/0/1,18 7 11 11,10,18/7 18/8 18/9 18/10,22/2 21/2 20/2 19/2,700,9/7,False
2544,1,left,05/09/2025 19:13:31,17/7,-1/0/0,17 7 12 11,10,17/7 18/7 18/8 18/9,23/2 22/2 21/2 20/2,700,9/7,False
2545,1,left,05/09/2025 19:13:32,16/7,-1/0/0,16 7 13 11,10,16/7 17/7 18/7 18/8,24/2 23/2 22/2 21/2,700,9/7,False
2546,1,left,05/09/2025 19:13:32,15/7,-1/0/0,15 7 14 11,10,15/7 16/7 17/7 18/7,25/2 24/2 23/2 22/2,700,9/7,False
2547,1,left,05/09/2025 19:13:32,14/7,-1/0/0,14 7 15 11,10,14/7 15/7 16/7 17/7,26/2 25/2 24/2 23/2,700,9/7,False
2548,1,up,05/09/2025 19:13:32,13/7,-1/0/0,13 7 16 11,10,13/7 14/7 15/7 16/7,27/2 26/2 25/2 24/2,700,9/7,False
2549,1,up,05/09/2025 19:13:32,13/6,0/0/1,13 6 16 12,10,13/6 13/7 14/7 15/7,28/2 27/2 26/2 25/2,700,9/7,False
2550,1,up,05/09/2025 19:13:35,13/5,-1/0/0,13 5 16 13,10,26/9 27/9 28/9,3/9 2/9 1/9,700,28/9,False
2551,1,up,05/09/2025 19:13:35,25/9,-1/0/0,25 9 4 9,10,25/9 26/9 27/9,3/8 3/9 2/9,700,28/9,False
2552,1,up,05/09/2025 19:13:36,24/9,-1/0/0,24 9 5 9,10,24/9 25/9 26/9,3/7 3/8 3/9,700,28/9,False
2553,1,up,05/09/2025 19:13:36,23/9,-1/0/0,23 9 6 9,10,23/9 24/9 25/9,3/6 3/7 3/8,700,28/9,False
2554,1,up,05/09/2025 19:13:36,22/9,-1/0/0,22 9 7 9,10,22/9 23/9 24/9,4/6 3/6 3/7,700,28/9,False
2555,1,up,05/09/2025 19:13:36,21/9,-1/0/0,21 9 8 9,10,21/9 22/9 23/9,5/6 4/6 3/6,700,28/9,False
2556,1,up,05/09/2025 19:13:36,20/9,-1/0/0,20 9 9 9,10,20/9 21/9 22/9,6/6 5/6 4/6,700,28/9,False
2557,1,up,05/09/2025 19:13:37,19/9,-1/0/0,19 9 10 9,10,19/9 20/9 21/9,7/6 6/6 5/6,700,28/9,False
2558,1,down,05/09/2025 19:13:37,18/9,-1/0/0,18 9 11 9,10,18/9 19/9 20/9,8/6 7/6 6/6,700,28/9,False
2559,1,down,05/09/2025 19:13:37,18/10,0/0/-1,18 10 11 8,10,18/10 18/9 19/9,9/6 8/6 7/6,700,28/9,False
2560,1,down,05/09/2025 19:13:37,18/11,0/0/-1,18 11 11 7,10,18/11 18/10 18/9,10/6 9/6 8/6,700,28/9,False
2561,1,down,05/09/2025 19:13:37,18/12,0/0/-1,18 12 11 6,10,18/12 18/11 18/10,11/6 10/6 9/6,700,28/9,False
2562,1,down,05/09/2025 19:13:38,18/13,0/0/-1,18 13 11 5,10,18/13 18/12 18/11,12/6 11/6 10/6,700,28/9,False
2563,1,right,05/09/2025 19:13:38,18/14,0/0/-1,18 14 11 4,10,18/14 18/13 18/12,13/6 12/6 11/6,700,28/9,False
2564,1,right,05/09/2025 19:13:38,19/14,1/0/0,19 14 10 4,10,19/14 18/14 18/13,14/6 13/6 12/6,700,28/9,False
2565,1,right,05/09/2025 19:13:38,20/14,1/0/0,20 14 9 4,10,20/14 19/14 18/14,15/6 14/6 13/6,700,28/9,False
2566,1,right,05/09/2025 19:13:38,21/14,1/0/0,21 14 8 4,10,21/14 20/14 19/14,16/6 15/6 14/6,700,28/9,False
2567,1,right,05/09/2025 19:13:39,22/14,1/0/0,22 14 7 4,10,22/14 21/14 20/14,17/6 16/6 15/6,700,28/9,False
2568,1,right,05/09/2025 19:13:39,23/14,1/0/0,23 14 6 4,10,23/14 22/14 21/14,18/6 17/6 16/6,700,28/9,False
2569,1,right,05/09/2025 19:13:39,24/14,1/0/0,24 14 5 4,10,24/14 23/14 22/14,19/6 18/6 17/6,700,28/9,False
2570,1,right,05/09/2025 19:13:39,25/14,1/0/0,25 14 4 4,10,25/14 24/14 23/14,20/6 19/6 18/6,700,28/9,False
2571,1,up,05/09/2025 19:13:39,26/14,1/0/0,26 14 3 4,10,26/14 25/14 24/14,21/6 20/6 19/6,700,28/9,False
2572,1,up,05/09/2025 19:13:40,26/13,0/0/1,26 13 3 5,10,26/13 26/14 25/14,22/6 21/6 20/6,700,28/9,False
2573,1,left,05/09/2025 19:13:40,26/12,0/0/1,26 12 3 6,10,26/12 26/13 26/14,23/6 22/6 21/6,700,28/9,False
2574,1,left,05/09/2025 19:13:40,25/12,-1/0/0,25 12 4 6,10,25/12 26/12 26/13,24/6 23/6 22/6,700,28/9,False
2575,1,left,05/09/2025 19:13:40,24/12,-1/0/0,24 12 5 6,10,24/12 25/12 26/12,25/6 24/6 23/6,700,28/9,False
2576,1,left,05/09/2025 19:13:40,23/12,-1/0/0,23 12 6 6,10,23/12 24/12 25/12,26/6 25/6 24/6,700,28/9,False
2577,1,left,05/09/2025 19:13:41,22/12,-1/0/0,22 12 7 6,10,22/12 23/12 24/12,27/6 26/6 25/6,700,28/9,False
2578,1,left,05/09/2025 19:13:41,21/12,-1/0/0,21 12 8 6,10,21/12 22/12 23/12,28/6 27/6 26/6,700,28/9,False
2579,1,left,05/09/2025 19:13:42,20/12,-1/0/0,20 12 9 6,10,20/12 21/12 22/12,28/5 28/6 27/6,700,28/9,False
2580,1,left,05/09/2025 19:13:42,19/12,-1/0/0,19 12 10 6,10,19/12 20/12 21/12,28/4 28/5 28/6,700,28/9,False
2581,1,down,05/09/2025 19:13:42,18/12,-1/0/0,18 12 11 6,10,18/12 19/12 20/12,28/3 28/4 28/5,700,28/9,False
2582,1,right,05/09/2025 19:13:42,18/13,0/0/-1,18 13 11 5,10,18/13 18/12 19/12,28/2 28/3 28/4,700,28/9,False
2583,1,right,05/09/2025 19:13:43,19/13,1/0/0,19 13 10 5,10,19/13 18/13 18/12,28/1 28/2 28/3,700,28/9,False
